Player_ID,AerWon,AerLost,AerWon%
1,0.34,1.19,22.2
2,2.18,1.23,64
3,0.93,1.05,47.1
4,0.5,0.5,50
5,0.31,0.39,44.4
6,0,10,0
7,1.43,1.43,50
8,0.83,3.33,20
9,1,2,33.3
10,0.42,1.32,24.1
11,2.56,2.39,51.7
12,2.76,1.63,63
13,0,0,0
14,1.19,0.92,56.5
15,2.97,5.03,37.1
16,0.89,0.63,58.6
17,1.54,3.85,28.6
18,2.13,0.41,83.9
19,5,4.17,54.5
20,0.82,0.24,77.8
21,1.53,2.22,40.7
22,0,2.31,0
23,0.58,1.05,35.7
24,2,4,33.3
25,1.85,1.35,57.9
26,3.13,0.63,83.3
27,2,2,50
28,0.95,1.03,48
29,0.56,1.25,31
30,1.75,1.05,62.5
31,0.74,1.32,35.7
32,0,0,0
33,0.45,1.03,30.4
34,0,15,0
35,1.51,1.4,51.9
36,1.75,1.85,48.6
37,1.2,0.8,60
38,1.29,1.39,48.1
39,1.67,0.61,73.1
40,1.76,1.29,57.7
41,5.81,3.84,60.2
42,10,7.69,56.5
43,0.84,1.4,37.5
44,1.72,1.33,56.4
45,0.52,0.62,45.8
46,0.71,1.07,40
47,0.38,2.31,14.3
48,0.9,0.6,60
49,2.46,1.93,56
50,0.33,0.39,45.5
51,1.2,0.4,75
52,3.93,5.71,40.7
53,0.58,0.97,37.5
54,0.26,0.6,30
55,1.72,0.95,64.4
56,0.38,0.38,50
57,1.09,1.88,36.8
58,0,1.33,0
59,1.52,1.34,53.1
60,3.14,1.71,64.7
61,1.73,1.23,58.3
62,0.8,0,100
63,0.56,1.3,30
64,0.69,0.44,61.1
65,0,0,0
66,0.72,1.69,30
67,0.29,2.29,11.1
68,0.71,5,12.5
69,0.2,0.05,80
70,0.29,0.66,30.8
71,2.5,5,33.3
72,0.65,1.15,36
73,0.2,0.45,30.8
74,1.59,1.16,57.9
75,2.42,1.79,57.5
76,0,0,0
77,0,0,0
78,2.22,2.22,50
79,0.78,1.72,31.3
80,2.42,2.73,47.1
81,2.01,1.49,57.4
82,1.33,1.11,54.5
83,1.91,1.51,55.8
84,0.36,0.91,28.6
85,3.81,1.43,72.7
86,1.62,1.62,50
87,1.67,0,100
88,3.3,1.82,64.4
89,0,0.99,0
90,2.32,1.32,63.6
91,0.54,0.54,50
92,2.44,1.1,69
93,3.85,1.54,71.4
94,0.43,0.8,34.8
95,3.33,2.05,61.9
96,2.95,3.38,46.6
97,1.4,1.27,52.4
98,0.4,0.85,31.8
99,2.46,1.23,66.7
100,0.92,1.03,47.1
101,3.33,1.67,66.7
102,1.86,1.66,52.9
103,0,0.29,0
104,2.05,3.93,34.3
105,0.3,0.79,27.3
106,1.58,3.68,30
107,0.91,2.27,28.6
108,0.87,2.17,28.6
109,1.11,0.44,71.4
110,0,1.11,0
111,1.82,1.82,50
112,0.92,0.77,54.5
113,0.36,1.27,22.2
114,2.11,1.26,62.5
115,0,0,0
116,0,2.5,0
117,0,0,0
118,2.21,2.95,42.9
119,0.26,1.23,17.6
120,0.59,0.59,50
121,0.53,0.76,41.2
122,0.99,1.04,48.7
123,0.37,0.07,83.3
124,0,0,0
125,0.55,0.22,71.4
126,2.97,3.24,47.8
127,1.52,1.82,45.5
128,1.13,2.25,33.3
129,1.23,2.47,33.3
130,0,0,0
131,0.36,0,100
132,2.58,2.27,53.1
133,0,0,0
134,0,0.61,0
135,0.97,1.41,40.9
136,0.91,1.82,33.3
137,0.85,0.99,46.2
138,0.21,1.88,10
139,0,0,0
140,0.19,0,100
141,0.94,0.83,53.1
142,4.44,1.11,80
143,2.5,0,100
144,2.5,1.33,65.2
145,0.38,0.98,27.8
146,2.02,2.71,42.6
147,1.48,0.9,62.1
148,0.86,3.7,18.9
149,2.12,2.12,50
150,3.33,6.67,33.3
151,1.69,3.55,32.2
152,0.33,1.15,22.2
153,3.08,2.95,51.1
154,0,0,0
155,3.43,3.43,50
156,1.93,1.32,59.5
157,0,0,0
158,1.44,0.81,64
159,1.71,1.14,60
160,1.6,2,44.4
161,2,2,50
162,0.15,0,100
163,4,1,80
164,2.26,0.75,75
165,0,0.87,0
166,0.91,0,100
167,1.1,2.47,30.8
168,2.56,2.31,52.6
169,2.14,0.71,75
170,0,1.67,0
171,1.82,1.36,57.1
172,0.19,0.67,22.2
173,0,0,0
174,5.71,4.29,57.1
175,0.83,0.74,52.9
176,0.68,1.15,37.1
177,0.24,0.35,40
178,0.37,0.75,33.3
179,0.14,0.48,22.2
180,0.33,1.67,16.7
181,0,0,0
182,1.79,1.73,50.7
183,0.9,0.8,52.9
184,1.36,0.45,75
185,0.51,2.03,20
186,0.97,0.81,54.5
187,0.8,1.23,39.4
188,1.36,2.73,33.3
189,0.43,1.37,23.8
190,0.36,0.84,30
191,1.33,2.29,36.8
192,0.63,1.25,33.3
193,0,0,0
194,0.81,1.62,33.3
195,0.57,0.29,66.7
196,1.35,3.24,29.4
197,1.14,0.84,57.6
198,1.08,2.16,33.3
199,0.78,0.39,66.7
200,0.7,0,100
201,0.29,1.47,16.7
202,3.24,2.06,61.1
203,1.01,1.91,34.5
204,1.67,1.58,51.3
205,1.9,4.29,30.8
206,0.53,1.05,33.3
207,0.67,0.67,50
208,0.24,1.53,13.3
209,2.36,2.05,53.6
210,1.95,1.46,57.1
211,0,0.77,0
212,1.99,0.78,71.8
213,1.05,0.76,57.9
214,1.37,1.1,55.6
215,3.71,2.33,61.4
216,0.45,0,100
217,3.43,0.86,80
218,1.61,2.26,41.7
219,1.85,2.3,44.6
220,1.99,2.41,45.2
221,0,1.67,0
222,0,10,0
223,0.45,0,100
224,0,1.43,0
225,2.06,3.24,38.9
226,2.18,1.16,65.3
227,5,0,100
228,0,10,0
229,0.8,1.85,30.2
230,2.89,1.58,64.7
231,0,0,0
232,1.58,1.58,50
233,1,0,100
234,0,0,0
235,10.7,9.4,53.3
236,0.32,0.97,25
237,0.28,0,100
238,0.57,0.8,41.7
239,0.5,0.25,66.7
240,0.78,0.96,44.8
241,3.86,2.76,58.3
242,2.11,1.23,63.2
243,1.11,0,100
244,0,0,0
245,0.79,1.24,38.9
246,1.88,0,100
247,1.38,1.06,56.5
248,0,0,0
249,1.56,4.67,25
250,0.61,1.45,29.7
251,0.58,0.96,37.5
252,0,0,0
253,0.63,1.19,34.8
254,3,2,60
255,0.48,0.48,50
256,1.08,1.02,51.5
257,0.23,0.45,33.3
258,2.51,1.34,65.2
259,1.12,0.65,63.3
260,0.9,0.96,48.4
261,0.43,0.43,50
262,0.49,1.08,31.3
263,1.71,0.95,64.3
264,1.51,1.51,50
265,1.35,0.83,62.1
266,0,0,0
267,0.29,0.86,25
268,2.44,3.7,39.7
269,0.43,1.14,27.3
270,0.36,0.07,83.3
271,0.36,0.36,50
272,0.53,2.11,20
273,0,3.33,0
274,3.36,2.91,53.6
275,0,0,0
276,2.25,1.59,58.5
277,0.83,0.83,50
278,10,0,100
279,2.86,1.43,66.7
280,1.13,0.49,69.6
281,2.92,1.88,60.8
282,3.27,3.17,50.7
283,3,6,33.3
284,1.85,1.16,61.5
285,6.67,6.67,50
286,0.61,0.89,40.7
287,0.2,0.51,28.6
288,0.33,2.33,12.5
289,0,1.15,0
290,0.67,0.67,50
291,0.39,0.98,28.6
292,0.21,1.04,16.7
293,0.19,0.05,80
294,1.67,0,100
295,0,0.77,0
296,0,0,0
297,0.49,0.97,33.3
298,0.54,0,100
299,1.94,0.85,69.6
300,0,0,0
301,1.8,2.88,38.5
302,5,2.5,66.7
303,5,6.67,42.9
304,2,0.29,87.5
305,2.67,2.67,50
306,0,5,0
307,0.48,1.69,22.2
308,0.68,0.68,50
309,0.26,0.79,25
310,1,0,100
311,2.12,1.06,66.7
312,0.61,0.81,42.9
313,0.4,1.1,26.7
314,1.43,0,100
315,0.56,1.11,33.3
316,0.22,2.17,9.1
317,1.64,1.94,45.8
318,1.05,0.63,62.5
319,0,0,0
320,2.38,1.67,58.8
321,1.45,3.27,30.8
322,2.97,3.51,45.8
323,1.98,1.02,66.1
324,1,0,100
325,4,6.8,37
326,0,1,0
327,0.7,0.81,46.2
328,1.25,1.25,50
329,0.11,0.97,10
330,0,2.5,0
331,0.16,0.05,75
332,1,2,33.3
333,0.59,0.76,44
334,0.21,1.06,16.7
335,0.5,1.5,25
336,0.78,1.92,28.8
337,1.19,2,37.2
338,0,2.5,0
339,0.36,0.81,30.8
340,0.2,0.4,33.3
341,1.67,2.35,41.5
342,0.63,0.38,62.5
343,0.42,1.02,29.2
344,1.33,1.33,50
345,1.09,0.82,57.1
346,0,0,0
347,0,0,0
348,3.68,2.11,63.6
349,0,5,0
350,0,0.67,0
351,2.29,1.66,58
352,2.73,6.36,30
353,1.8,1.29,58.1
354,4,1.33,75
355,0,5,0
356,0.14,0.56,20
357,1.46,2.03,41.8
358,0,0,0
359,0.61,1.21,33.3
360,0.09,0.97,8.3
361,0,1.25,0
362,1.33,0.67,66.7
363,0,2.78,0
364,1.67,1,62.5
365,5.52,5.63,49.5
366,1.03,1.91,35
367,0.42,1.04,28.6
368,2.31,1.36,63
369,1.43,2.86,33.3
370,1.69,2.29,42.4
371,0.52,2.07,20
372,0,0,0
373,3.38,1.27,72.6
374,0,4.78,0
375,1.36,2.54,34.8
376,2,3.67,35.3
377,2.57,1.21,67.9
378,1.03,1.32,43.8
379,2.55,2.21,53.6
380,0.8,2.4,25
381,0,0,0
382,0.94,1.56,37.5
383,0,6.67,0
384,0.15,0.83,15.4
385,0.53,0.53,50
386,2.51,1.53,62.2
387,0.67,4.33,13.3
388,0.93,1.95,32.4
389,0,0,0
390,1.2,0.68,63.9
391,0.77,0.77,50
392,0.84,1.16,42.1
393,2,2.67,42.9
394,0.45,0.63,41.7
395,2.31,1.76,56.8
396,1.78,1.16,60.5
397,1.83,1.22,60
398,1.25,1.38,47.6
399,10,0,100
400,0.65,0.71,47.8
401,1.43,2.86,33.3
402,0.69,1.72,28.6
403,0,0,0
404,4.32,5.06,46.1
405,0.55,0.7,43.8
406,0.48,0.95,33.3
407,0.71,0.19,78.6
408,0,10,0
409,2.27,0.45,83.3
410,0.88,0.69,56.3
411,0.34,1.38,20
412,0.23,0.86,21.4
413,8.75,3.75,70
414,1.13,1.7,40
415,2.5,1.25,66.7
416,1.23,0.74,62.5
417,0.56,0.68,45
418,1.74,0.43,80
419,1.9,0.77,71.1
420,3.33,0.67,83.3
421,0,0,0
422,0,6.67,0
423,0,1.11,0
424,0,0,0
425,0.99,1.43,40.9
426,1.31,1.08,54.8
427,0.27,0.75,26.7
428,0.49,1.72,22.2
429,1.08,1.23,46.7
430,0.55,0.8,40.9
431,0,1.58,0
432,0,0,0
433,0.51,1.28,28.6
434,1.15,1.92,37.5
435,0,0,0
436,0,0,0
437,1.69,0.97,63.5
438,1.5,1.5,50
439,0.1,0,100
440,0,0,0
441,0,1.43,0
442,0.34,1.72,16.7
443,0.51,1.36,27.3
444,0.08,0,100
445,0.37,0.28,57.1
446,0.33,0.67,33.3
447,1.08,2.43,30.8
448,0.67,0.67,50
449,1.13,0.87,56.7
450,1.78,1.3,57.8
451,2.34,1.09,68.1
452,0,0,0
453,0.76,0.53,58.8
454,1.44,1.78,44.6
455,0.79,0.92,46.2
456,0.05,0,100
457,1.49,2.26,39.7
458,2.94,1.35,68.6
459,0.56,1.31,30
460,1.06,1.15,48
461,1.67,3.33,33.3
462,0.06,0.26,20
463,2.37,0.89,72.6
464,0.33,0.82,28.6
465,0.91,0.52,63.6
466,0.86,1.43,37.5
467,0.16,0.32,33.3
468,1.83,1.04,63.6
469,3.4,2.91,53.8
470,0.29,0.86,25
471,0.73,0.64,53.3
472,2.68,1.46,64.7
473,0.48,1.3,26.9
474,0.67,0.67,50
475,0,0,0
476,4.07,1.67,71
477,0.28,0.83,25
478,0.83,0.42,66.7
479,1.38,2.17,38.9
480,10,20,33.3
481,1.76,1.39,55.9
482,1.67,1.67,50
483,1.11,0,100
484,1.07,2.5,30
485,2.91,1.37,68
486,0.6,0.4,60
487,2.73,2.73,50
488,0.13,0.26,33.3
489,0,0,0
490,0.06,0,100
491,1,0,100
492,0,0,0
493,3.2,1,76.2
494,1.52,2.58,37
495,0.34,0.34,50
496,0.42,0.77,35.3
497,2.38,1,70.4
498,0.21,0.11,66.7
499,0.52,1.22,30
500,0.45,1.36,25
501,0.63,0.27,70
502,0,3.33,0
503,1.68,1.58,51.6
504,2,2,50
505,0,3.87,0
506,4.04,5.58,42
507,0,1.67,0
508,1.67,1.57,51.5
509,2.5,0,100
510,0.36,0.43,45.5
511,0,0,0
512,2.86,0,100
513,0.6,0.4,60
514,0.25,0.75,25
515,0.46,0.54,46.2
516,0.45,0.75,37.5
517,1.11,1.11,50
518,2.81,3.13,47.4
519,0.92,1.08,46.2
520,0.65,1.29,33.3
521,0.74,0.63,53.8
522,1.43,0,100
523,0.67,1,40
524,0,0,0
525,1.75,1.95,47.4
526,1.52,1.4,52.1
527,2.09,7.09,22.8
528,0.19,1.7,10
529,2.94,0.98,75
530,0.6,0.6,50
531,2.75,1.88,59.4
532,1.05,1.85,36.1
533,0.32,0,100
534,1.09,0.43,71.4
535,0,0,0
536,0.42,0.48,46.7
537,2.55,0.94,73
538,3.74,2.2,63
539,1.19,0.56,68
540,2.17,2.61,45.5
541,0.76,0.51,60
542,1.21,0.86,58.3
543,2,3,40
544,0,1.43,0
545,0.22,1.1,16.7
546,0.83,1.88,30.8
547,1.1,0.97,53.1
548,0,30,0
549,1.18,0.74,61.5
550,0.22,0.66,25
551,2.22,3.33,40
552,0.98,0.73,57.1
553,0,0,0
554,2.11,2.34,47.4
555,1.89,0.71,72.7
556,0.11,0,100
557,1.4,1.05,57.1
558,0.63,0.97,39.3
559,0,0,0
560,0.2,0,100
561,0.55,0.83,40
562,0.38,1.52,20
563,0.13,0.53,20
564,0,0,0
565,1.48,1.62,47.7
566,1.41,1.18,54.5
567,1.81,1.18,60.7
568,0,0,0
569,0.5,0.79,38.9
570,0.53,1.05,33.3
571,0.51,0.34,60
572,0.81,0.74,52.2
573,2.25,1,69.2
574,0,0.42,0
575,0,2,0
576,0.71,5,12.5
577,0.71,3.33,17.6
578,0,4,0
579,0.63,0.63,50
580,0.83,0.83,50
581,0.57,0.86,40
582,3.16,1.84,63.2
583,0.33,2,14.3
584,0.32,0.65,33.3
585,0.2,0,100
586,0,0.91,0
587,1.41,2.31,37.9
588,2.16,1.72,55.8
589,1.7,0.78,68.6
590,1.25,1.25,50
591,0.31,2.19,12.5
592,2,1.13,63.9
593,1,0,100
594,2,2,50
595,1.44,1,59.2
596,0,0,0
597,0,0.57,0
598,2.55,1,71.8
599,1.68,0.82,67.3
600,2,2,50
601,0.15,0.25,37.5
602,1.9,1.6,54.3
603,0,3.33,0
604,0.45,0.82,35.7
605,0.54,0.45,54.5
606,0.31,1.74,15
607,0.19,0.26,42.9
608,2.25,2,52.9
609,1.52,2.61,36.8
610,2.05,1.2,63
611,1.75,0.88,66.7
612,3,3.5,46.2
613,0.45,0.56,44.4
614,1.67,2.31,41.9
615,0,2.5,0
616,0.31,0.72,30
617,1.19,1.19,50
618,1.55,1.38,52.9
619,1.79,0.38,82.4
620,1.57,0.79,66.7
621,0.22,1.56,12.5
622,0,0,0
623,0.53,1.05,33.3
624,0.59,1.32,30.8
625,0,0,0
626,0.89,0.89,50
627,2.65,0.59,81.8
628,3.13,1.88,62.5
629,5,5,50
630,0,0,0
631,3.22,2.87,52.8
632,3.33,3.33,50
633,0,2.14,0
634,2.5,2.21,53.1
635,0.16,0.9,15.4
636,0,3.33,0
637,0,0,0
638,2.87,1.76,61.9
639,0.4,0.6,40
640,2.51,4.19,37.5
641,0,5,0
642,1.94,2.78,41.2
643,0.28,0.51,35.3
644,1.32,1.58,45.5
645,0.83,2.08,28.6
646,1.33,2,40
647,1,2,33.3
648,0,1.33,0
649,0,0,0
650,0,0,0
651,0,0,0
652,0.75,0.22,76.9
653,0.6,2.61,18.6
654,0.81,0.27,75
655,1.18,3.14,27.3
656,0.07,0.3,20
657,0.58,0.47,55.6
658,0,6.67,0
659,0.4,0.72,35.7
660,0.1,0.05,66.7
661,1.15,1,53.3
662,0.15,0,100
663,0.67,1.6,29.7
664,0.11,0.71,13.3
665,1.17,2.03,36.6
666,1.24,1.6,43.6
667,0.67,1.33,33.3
668,2.5,1.88,57.1
669,5,0,100
670,3.51,4.33,44.8
671,1.9,0.89,68.2
672,0.94,0.82,53.3
673,0,0,0
674,0.55,1.21,31.3
675,1.27,0.91,58.3
676,0.55,0.55,50
677,0,4,0
678,2.68,1.34,66.7
679,1.88,1.54,54.9
680,0.17,0,100
681,0.17,0.96,15.4
682,0.88,2.06,30
683,0,0,0
684,4.09,4.55,47.4
685,0,4,0
686,2.54,1.46,63.5
687,5.45,2.73,66.7
688,1.46,1.06,58.1
689,0.18,0.55,25
690,0.26,0,100
691,1.38,1.15,54.5
692,0.91,2.73,25
693,1.33,3.33,28.6
694,3.43,1.72,66.7
695,3.67,3.88,48.6
696,1.81,1.26,59
697,0.61,0.51,54.5
698,2.86,0,100
699,0.33,0.07,83.3
700,2.27,1,69.4
701,0,0,0
702,1.3,1.5,46.3
703,1.52,0.94,61.9
704,0.47,1.25,27.3
705,1.72,1.83,48.3
706,2.9,1.35,68.2
707,2.03,1.3,60.9
708,0,5,0
709,0.4,0,100
710,0,0,0
711,0,0,0
712,0.06,0.91,6.3
713,0.76,0.38,66.7
714,2.48,1.93,56.3
715,2.7,1.76,60.6
716,1.06,1.06,50
717,0.43,1.06,28.6
718,1.36,1.82,42.9
719,1.25,2.5,33.3
720,0,0,0
721,1.22,1.22,50
722,1.18,1.18,50
723,0.83,0.42,66.7
724,0,1.67,0
725,0.22,0.04,83.3
726,0,3.33,0
727,2.19,2.29,48.9
728,0.34,1.38,20
729,0,2.22,0
730,1.14,1.71,40
731,0.71,0.82,46.4
732,5,3.33,60
733,1.03,1.41,42.1
734,0,0,0
735,0.88,1.06,45.5
736,0.71,1.62,30.4
737,0.85,0.73,53.8
738,1.18,1.76,40
739,0.31,0.05,85.7
740,1.25,0,100
741,4.17,4.72,46.9
742,1.29,1.94,40
743,1.57,0.86,64.4
744,1.03,1.08,48.7
745,1.43,0.71,66.7
746,0.65,1.43,31.3
747,20,10,66.7
748,5.83,5.83,50
749,1.73,1.2,59
750,1.33,0.5,72.7
751,1.62,1.48,52.3
752,0.09,0,100
753,0,0,0
754,2.5,2.5,50
755,1.67,3,35.7
756,1.3,0.91,58.8
757,0.15,0.69,18.2
758,2.08,1.74,54.5
759,0,0,0
760,4,0,100
761,1.49,1.39,51.7
762,0.44,1.43,23.5
763,0.24,0,100
764,0.5,1.17,30
765,1.98,2.07,49
766,1,1.83,35.3
767,1.68,1.35,55.3
768,1.11,1.48,42.9
769,0.43,0.29,60
770,1.3,0.87,60
771,1.43,0,100
772,0.45,0.23,66.7
773,1.23,1.08,53.3
774,0.61,0.85,41.7
775,0,5,0
776,1.59,2.5,38.9
777,1.25,5,20
778,1.05,1.05,50
779,0.08,0.71,10
780,0.11,0.87,11.1
781,0,1.54,0
782,1.14,1.67,40.6
783,1.76,1.21,59.2
784,2.36,0.52,81.8
785,0.82,2.98,21.5
786,1.41,1.86,43.1
787,0.57,2.18,20.8
788,0,2.5,0
789,1.58,2.05,43.5
790,1.13,1.5,42.9
791,2.8,4.63,37.7
792,2.27,1.51,60
793,0.64,0.85,42.9
794,0.42,0.55,43.8
795,1.4,1.32,51.4
796,1.45,1.45,50
797,3.04,2.17,58.3
798,1.53,1.29,54.2
799,0.76,0.96,44.1
800,3.83,1.28,75
801,1.43,0,100
802,1.69,1.42,54.3
803,1.57,1.29,55
804,2.22,1.22,64.5
805,1.07,1.07,50
806,0.47,1.22,27.6
807,0,0.86,0
808,0.15,0.31,33.3
809,0.48,0.05,90.9
810,1.08,0.86,55.6
811,1.6,1.2,57.1
812,0.2,0.41,33.3
813,1.81,1.38,56.9
814,1.33,2,40
815,0,0.32,0
816,0.33,0,100
817,0,0.77,0
818,0.61,0.3,66.7
819,2.88,3.27,46.9
820,0.45,0,100
821,1.76,1.18,60
822,0,0,0
823,0.57,0.57,50
824,0.47,0.93,33.3
825,0.43,2.39,15.4
826,7.5,0,100
827,3.05,1.1,73.5
828,1.85,4.07,31.3
829,1.43,1.67,46.2
830,0.8,1.03,43.8
831,6.67,1.11,85.7
832,2.73,2.73,50
833,1.28,1.05,55
834,0,1.88,0
835,0.97,1.11,46.7
836,2.96,3.78,43.9
837,0.81,0.3,72.7
838,1.54,1.92,44.4
839,0.63,1.43,30.4
840,0.48,1.52,23.8
841,1.06,1.56,40.5
842,0.2,0,100
843,0.66,1.32,33.3
844,0.2,0.1,66.7
845,3.57,2.5,58.8
846,0.5,0.5,50
847,1,2,33.3
848,2.33,1.3,64.2
849,0,0,0
850,0,0,0
851,0.56,0.83,40
852,2.19,1.56,58.3
853,0.98,0.49,66.7
854,2,3,40
855,0.6,0.65,47.6
856,0.22,0.22,50
857,0,0,0
858,1.26,2.43,34.2
859,1.3,2.17,37.5
860,0.77,1.54,33.3
861,0.2,0,100
862,2.46,1.23,66.7
863,0.54,1.34,28.6
864,0,0,0
865,1.21,1.47,45.2
866,0,0,0
867,0.62,0.52,54.5
868,2.5,3,45.5
869,2,1.5,57.1
870,0.38,0,100
871,0.74,0.64,53.6
872,0.43,0.72,37.5
873,2.32,1.24,65.1
874,0.47,1.21,27.8
875,0.95,0.95,50
876,0,0.56,0
877,0,0,0
878,0.63,0.73,46.2
879,10,10,50
880,1.54,1.54,50
881,1.35,1.35,50
882,0.86,0.43,66.7
883,2.5,1,71.4
884,0,0,0
885,2,1.2,62.5
886,0.4,0.63,38.9
887,0,0.57,0
888,0.83,0.63,57.1
889,0.71,0.94,42.9
890,0.78,1.76,30.8
891,0.47,0.82,36.4
892,1.05,0.74,58.6
893,6.15,5.77,51.6
894,1.25,1.37,47.7
895,2.9,1.21,70.5
896,0.5,0.95,34.6
897,0.08,0.31,20
898,0,5,0
899,0.69,2.07,25
900,5.14,3.68,58.3
901,2.24,0.6,78.9
902,1.86,3.05,37.9
903,0,0,0
904,2.5,1.36,64.7
905,0,10,0
906,1.43,1.43,50
907,0.89,0.68,56.7
908,0.34,0.76,31.3
909,2.5,2.5,50
910,1.4,1.94,41.9
911,1.15,1.01,53.1
912,0.27,0,100
913,0.78,0.64,55
914,0.58,1.03,36
915,1.03,0.96,51.9
916,3.26,3.59,47.6
917,2.86,5.71,33.3
918,9.57,6.52,59.5
919,0.44,0.25,64.3
920,0.3,0.24,55.6
921,0.67,0,100
922,3.33,0,100
923,0.76,1.21,38.5
924,2.57,1.26,67.2
925,0.96,0.96,50
926,0.2,0.55,26.7
927,1.75,3.02,36.7
928,1.01,2.9,25.9
929,1.84,1.49,55.3
930,0.56,1.67,25
931,1.25,0.63,66.7
932,1,1,50
933,5,5,50
934,0.4,0.34,53.8
935,2.33,2,53.8
936,1.7,0.99,63.2
937,0.09,0,100
938,0.14,0,100
939,0.46,1.07,30
940,2.08,4.58,31.3
941,1.58,1.53,50.8
942,1.82,2.73,40
943,0.93,2.31,28.6
944,4.62,5.38,46.2
945,1.74,1.3,57.1
946,0,0,0
947,0.38,0.96,28.6
948,2,3,40
949,3.33,0,100
950,1,2.5,28.6
951,1.56,2.83,35.5
952,1.52,1.52,50
953,2.13,0.85,71.4
954,0.19,0.06,75
955,0.5,1.49,25
956,0,3,0
957,0.56,1.67,25
958,0,0,0
959,0,0,0
960,3.4,1.6,68
961,2.55,1.3,66.3
962,4.6,2.73,62.7
963,0.24,0.41,37.5
964,0.5,1.38,26.7
965,1.3,0.87,60
966,0,0,0
967,0.69,1.03,40
968,1.18,0.71,62.5
969,0.16,1.08,13
970,0,10,0
971,2.35,0.88,72.7
972,1.25,0,100
973,3.01,2.2,57.8
974,1.67,5,25
975,0.27,0.99,21.7
976,0.27,0.41,40
977,1.2,1.52,44.1
978,0.83,1.67,33.3
979,0.98,0.33,75
980,1.85,0.62,75
981,2.76,1.34,67.3
982,1.38,1.21,53.3
983,1.29,2.3,35.9
984,2.8,1.8,60.9
985,1.52,1.36,52.6
986,1.89,1.94,49.3
987,0,0,0
988,0,1.25,0
989,0,2.22,0
990,0.74,2.38,23.7
991,2.74,1.42,66
992,0.61,1.71,26.3
993,1.5,1.25,54.5
994,0,0.34,0
995,1.2,0.8,60
996,0.93,2.05,31.1
997,2.46,2.13,53.6
998,1.15,1.78,39.1
999,3.33,6.67,33.3
1000,2.12,0.96,68.8
1001,0,0,0
1002,0,0,0
1003,1.13,1.04,52
1004,0.37,0.96,28
1005,0,6.67,0
1006,0.43,0,100
1007,0.69,0.43,61.5
1008,0.29,0.86,25
1009,5.9,5.34,52.5
1010,2,0.4,83.3
1011,0.45,1.06,30
1012,0.92,1.13,44.8
1013,0.42,0.56,42.9
1014,0.5,0,100
1015,1.13,1.13,50
1016,0.15,1.14,11.5
1017,0,0,0
1018,1.03,0.93,52.4
1019,0.84,1.21,40.9
1020,0.41,0.05,90
1021,0.91,2.08,30.4
1022,1.61,2.5,39.1
1023,0.91,0.91,50
1024,1.46,0.62,70.3
1025,0.83,0,100
1026,0.89,1.39,38.9
1027,0,5,0
1028,1.24,1.1,53.1
1029,1.17,1.17,50
1030,0.19,0.32,37.5
1031,2.1,2.1,50
1032,1.33,1.33,50
1033,1.05,1.05,50
1034,2,0.91,68.8
1035,3.28,3.45,48.7
1036,1.58,1.58,50
1037,1.02,0.94,52
1038,0.58,0.39,60
1039,0,0,0
1040,2.5,2.31,51.9
1041,0,0,0
1042,0,0,0
1043,1.88,3.75,33.3
1044,0.71,0.86,45.5
1045,2.45,2.45,50
1046,1.01,0.43,70
1047,0.31,1.02,23.1
1048,1.98,1.89,51.2
1049,1.72,2.76,38.5
1050,0.5,0.94,34.8
1051,0.35,0.35,50
1052,0.29,0.47,38.5
1053,1.56,1.19,56.8
1054,0,0,0
1055,0.53,1.87,22
1056,1.35,0.9,60
1057,1.3,3.04,30
1058,1.37,1.26,52.1
1059,0.32,1.29,20
1060,1.44,2.23,39.2
1061,2.73,2.56,51.6
1062,2,1.14,63.6
1063,0.95,3.33,22.2
1064,3.02,3.49,46.4
1065,1.45,2.32,38.5
1066,2.54,0.93,73.2
1067,0.3,0.36,45.5
1068,1.76,0.88,66.7
1069,4.07,2.59,61.1
1070,1.56,1.1,58.6
1071,0,0,0
1072,1.01,1.3,43.8
1073,3.5,3,53.8
1074,0,0,0
1075,1,0,100
1076,1.45,1.27,53.3
1077,0.18,2.11,7.7
1078,0,0,0
1079,0.27,1.55,14.8
1080,1.21,0.91,57.1
1081,1.86,1.16,61.5
1082,1.55,0.9,63.2
1083,2.88,2.15,57.3
1084,0,0,0
1085,0.77,1.54,33.3
1086,2.86,0,100
1087,1.11,2.22,33.3
1088,1.65,0.91,64.3
1089,0.26,2.86,8.3
1090,0.21,1.75,10.5
1091,0.79,0.53,60
1092,0.06,0,100
1093,0.49,0.59,45.5
1094,0.53,0.79,40
1095,3.33,1.25,72.7
1096,0,0,0
1097,0.88,0.54,61.9
1098,2.86,0.71,80
1099,1.24,2.25,35.6
1100,0.53,0.66,44.4
1101,0.96,1.63,37
1102,4.04,3.42,54.1
1103,0.91,0.81,52.9
1104,2.37,1.36,63.6
1105,1.25,0.89,58.3
1106,0.75,0.38,66.7
1107,1.05,0.63,62.5
1108,0,0,0
1109,1.15,0.55,67.7
1110,0.59,0.29,66.7
1111,0.2,0.1,66.7
1112,1.98,2.91,40.5
1113,1.25,2.5,33.3
1114,0.31,0.63,33.3
1115,0.49,0.73,40
1116,3.04,1.58,65.8
1117,2,1,66.7
1118,1.85,1.67,52.6
1119,1.32,0.89,59.5
1120,1.53,2.76,35.7
1121,0.53,1.05,33.3
1122,1.85,1.36,57.6
1123,0.38,0.77,33.3
1124,6.79,5.25,56.4
1125,5,0,100
1126,3.33,2.62,56
1127,1.67,1.67,50
1128,4.26,4,51.6
1129,1.82,5.45,25
1130,1.41,1.85,43.3
1131,0.86,1.38,38.5
1132,1.11,1.11,50
1133,0.57,0.99,36.7
1134,0,0,0
1135,1.42,1,58.5
1136,0,0,0
1137,0.21,0,100
1138,2.44,1.22,66.7
1139,0.4,1.2,25
1140,2.92,2.01,59.2
1141,0,0.66,0
1142,0.71,1.19,37.5
1143,2.89,1.8,61.7
1144,0.73,1.24,37.1
1145,1.05,1.4,42.9
1146,0,0,0
1147,1.35,1.35,50
1148,0.69,0.18,78.9
1149,1.7,3.21,34.6
1150,0.5,1.82,21.4
1151,2.38,1.43,62.5
1152,1.81,0.57,76
1153,10,0,100
1154,3.45,7.01,33
1155,0.53,0.47,53.3
1156,0.85,1.34,38.9
1157,1.9,0.71,72.7
1158,0.41,2.04,16.7
1159,0.54,1.15,31.8
1160,1.05,1.37,43.5
1161,1.25,0.63,66.7
1162,0.83,0.83,50
1163,1,2,33.3
1164,0.71,0.89,44.4
1165,0.68,1.52,31
1166,1.67,6.67,20
1167,1.74,1.3,57.1
1168,2.43,4.14,37
1169,0.69,1.27,35
1170,1.67,2.86,36.8
1171,0,0,0
1172,0.56,1.57,26.3
1173,1.8,0.99,64.4
1174,2.15,1.25,63.3
1175,2.33,1.51,60.6
1176,1.18,1.35,46.5
1177,0.42,0.65,38.9
1178,0,0,0
1179,0.19,0.63,23.5
1180,1.79,1.38,56.4
1181,0.57,1.82,23.8
1182,2.02,2.02,50
1183,1.31,1.62,44.8
1184,1.43,0,100
1185,1.38,1.79,43.6
1186,0,0,0
1187,2.67,3.33,44.4
1188,0,3.33,0
1189,0,1.82,0
1190,0.25,1.25,16.7
1191,1.55,1.07,59.1
1192,1.33,1.01,56.8
1193,0.69,0.42,62.5
1194,2.98,1.58,65.4
1195,4,1,80
1196,0,0,0
1197,0.98,0.24,80
1198,2.78,3.89,41.7
1199,1.82,5.15,26.1
1200,0,10,0
1201,1.16,1.3,47.1
1202,2.24,2.71,45.2
1203,0.38,0.7,35
1204,3.67,2.33,61.1
1205,1.78,3.41,34.3
1206,2.84,0.6,82.6
1207,3.33,2.5,57.1
1208,0,0.83,0
1209,2.02,2.23,47.5
1210,0,1.76,0
1211,1.61,0.97,62.5
1212,0.65,1.75,27.1
1213,0.63,1.15,35.3
1214,0,0,0
1215,0.62,0.55,52.9
1216,0.54,0.54,50
1217,0,0,0
1218,2.5,2.5,50
1219,0.56,0.77,42.1
1220,0.64,0.64,50
1221,1.79,1.79,50
1222,5.84,3.47,62.7
1223,1.36,2.27,37.5
1224,2.27,2.05,52.6
1225,1.61,3.13,34
1226,0.82,1.8,31.3
1227,1.41,0.64,68.8
1228,1.93,1.37,58.5
1229,2.77,1.32,67.7
1230,0.99,1.16,45.9
1231,6.67,1.67,80
1232,0,0.59,0
1233,0.45,0.76,37.5
1234,0,0.26,0
1235,0,0.5,0
1236,1.65,2.3,41.8
1237,1.2,1.2,50
1238,3.53,2.14,62.2
1239,0.16,0.32,33.3
1240,2.22,0,100
1241,1.12,1.24,47.6
1242,6,2,75
1243,0.93,1.3,41.7
1244,0.48,1.03,31.8
1245,5,0,100
1246,0,0,0
1247,3.46,3.46,50
1248,0.83,3.52,19.1
1249,1.01,2.32,30.4
1250,2.4,1.88,56.1
1251,1,0.68,59.4
1252,1.02,0.91,52.8
1253,0.6,1.35,30.8
1254,0,0,0
1255,0.22,0,100
1256,1.43,1.05,57.6
1257,0.56,0.87,38.9
1258,0,3,0
1259,0.37,1.36,21.4
1260,6,0,100
1261,1.75,2.02,46.5
1262,3.23,3.54,47.7
1263,0.24,1.83,11.4
1264,0,1.05,0
1265,3.1,1.19,72.2
1266,0.8,3.6,18.2
1267,2.04,2.14,48.8
1268,4,4,50
1269,0.66,0.16,80
1270,0.26,1.05,20
1271,0,2.5,0
1272,1.76,0.59,75
1273,0.98,0.9,52
1274,0.49,1.11,30.8
1275,0,3.33,0
1276,0.13,1.52,7.7
1277,0.59,1.76,25
1278,1.15,1.45,44.2
1279,1.54,3.85,28.6
1280,0.74,1.85,28.6
1281,1.25,1.88,40
1282,1.9,0.8,70.4
1283,4.18,3.21,56.6
1284,1.11,0,100
1285,1.09,0.8,57.6
1286,0.24,0.49,33.3
1287,0.38,0.38,50
1288,0.83,1.56,34.8
1289,1.46,0.54,73
1290,0,0,0
1291,4.43,5.57,44.3
1292,1.8,1.56,53.7
1293,2.14,1.27,62.7
1294,0.62,1.07,36.7
1295,1.59,1.16,57.9
1296,1.38,0.75,64.7
1297,1.76,0.68,72.2
1298,0.32,0.65,33.3
1299,1.56,2.81,35.7
1300,0.64,1.28,33.3
1301,0.42,1.26,25
1302,1.79,1.58,53.1
1303,0.19,0,100
1304,2.56,1.49,63.3
1305,1.46,1.66,46.9
1306,0.64,0.64,50
1307,0.76,1.6,32.1
1308,0,0,0
1309,2,2.94,40.5
1310,0,6.67,0
1311,2.86,1.67,63.2
1312,1.12,0.84,57.1
1313,4.72,4.58,50.7
1314,0.64,0.58,52.4
1315,0,1.03,0
1316,1.66,1.21,57.9
1317,1.03,0.59,63.6
1318,1.76,1.22,59.1
1319,0.36,0.42,46.2
1320,0,0,0
1321,2.93,2.6,53
1322,0.37,0.69,35
1323,0.75,0,100
1324,1.77,1.45,55
1325,1.3,0.78,62.5
1326,3,2.5,54.5
1327,1.79,0.64,73.7
1328,0.43,0.75,36.4
1329,0.47,2.09,18.2
1330,0.71,1.9,27.3
1331,0,0,0
1332,1.48,2.21,40
1333,0.39,0.2,66.7
1334,0.86,1.05,45.2
1335,0.88,1.04,45.7
1336,5,15,25
1337,0,5,0
1338,0.37,0.3,55.6
1339,1.13,1.25,47.4
1340,2,0.33,85.7
1341,1.28,0.81,61.1
1342,0.79,1.01,44
1343,0.24,0.24,50
1344,0.64,2.77,18.8
1345,2,1.33,60
1346,1.36,0.91,60
1347,0,30,0
1348,0,1.33,0
1349,0.15,0.36,28.6
1350,2.08,2.92,41.7
1351,1.13,1.13,50
1352,0,0,0
1353,0.82,1.53,35
1354,1.05,1.37,43.5
1355,0,2.56,0
1356,1.11,1.11,50
1357,2.32,2.45,48.6
1358,2.14,3.21,40
1359,0.93,1.12,45.5
1360,1.67,2.08,44.4
1361,3.06,1.62,65.4
1362,0.33,0,100
1363,0.83,1.67,33.3
1364,0.13,0.93,12.5
1365,1.58,0.53,75
1366,1.22,0.98,55.6
1367,1,1.13,47.1
1368,2.06,1.9,52
1369,0.59,1.56,27.6
1370,1.73,1.92,47.4
1371,2.45,4.91,33.3
1372,1.84,1.63,52.9
1373,0.44,1.33,25
1374,0,0.71,0
1375,3.33,1.67,66.7
1376,1.7,1.11,60.4
1377,4,4,50
1378,1.18,2.94,28.6
1379,1.09,0.39,73.7
1380,1.18,2.16,35.3
1381,0.81,2.9,21.7
1382,3.33,0.83,80
1383,12.5,10.8,53.6
1384,0.33,1.64,16.7
1385,1.22,2.04,37.5
1386,0.07,0.29,20
1387,0.33,0.33,50
1388,0.4,0.3,57.1
1389,0,1.07,0
1390,0.85,0.85,50
1391,0,10,0
1392,0.34,0.88,27.8
1393,0.37,0.74,33.3
1394,0.85,0.85,50
1395,8.89,6.67,57.1
1396,3.21,3.58,47.2
1397,0.42,0.89,32.1
1398,0.77,0.86,47.2
1399,2.64,1.18,69.1
1400,2.78,1.06,72.4
1401,1.18,1.07,52.6
1402,0,0,0
1403,0,0,0
1404,0,0,0
1405,0.19,0,100
1406,0.64,0.38,62.5
1407,2.59,2.41,51.9
1408,2.43,1.76,58.1
1409,2.12,1.15,64.8
1410,1.25,0.63,66.7
1411,0.27,0.54,33.3
1412,0,0,0
1413,0,3.33,0
1414,1.9,0,100
1415,0.54,0.43,55.6
1416,0,3.33,0
1417,2.21,1.06,67.6
1418,0.38,0,100
1419,0.88,1.18,42.9
1420,1.39,2.57,35
1421,1.05,1.13,48.3
1422,2.45,1.39,63.8
1423,1.92,1.14,62.7
1424,0.05,0,100
1425,1.77,1.27,58.3
1426,0,0,0
1427,1.49,1.42,51.2
1428,0.71,2.86,20
1429,0,0,0
1430,0,0.2,0
1431,0.59,1.18,33.3
1432,1.12,0.84,57.1
1433,2.18,1.19,64.6
1434,3.19,2.3,58.1
1435,2.4,1,70.6
1436,0.45,1.27,26.1
1437,1.01,1.09,48.3
1438,0.1,0.21,33.3
1439,1.31,0.98,57.1
1440,0.14,0,100
1441,1.11,0,100
1442,0.24,0.94,20
1443,0,5,0
1444,2.5,0.97,72
1445,0,0,0
1446,0.71,1.06,40
1447,0.29,0.14,66.7
1448,0.17,0.34,33.3
1449,0.41,0.57,42.1
1450,1.54,0.9,63.2
1451,1.59,0.87,64.5
1452,1.02,0.68,60
1453,0.9,1.07,45.8
1454,1.65,1.74,48.7
1455,0.91,1.07,45.9
1456,0.21,0.63,25
1457,0.05,0,100
1458,0.58,0.65,47.1
1459,1.92,1.44,57.1
1460,0,0,0
1461,0.24,0.16,60
1462,0.16,0.05,75
1463,0.34,0.91,27.3
1464,1.11,0.49,69.2
1465,2.84,2.94,49.1
1466,0.88,0.71,55.2
1467,2.14,1.43,60
1468,4.04,1.49,73.1
1469,0.17,0.43,28.6
1470,0,0,0
1471,3.7,4.8,43.5
1472,0.37,0.55,40
1473,5,5,50
1474,0.31,2.19,12.5
1475,1.57,0.87,64.3
1476,0.97,0.48,66.7
1477,0.91,1.21,42.9
1478,2.95,2.05,59.1
1479,1.07,0.94,53.1
1480,2.73,3.18,46.2
1481,1.15,1.21,48.8
1482,0.61,1.09,35.7
1483,0,0,0
1484,1.65,1.65,50
1485,0,0,0
1486,0,0,0
1487,1.58,1.68,48.4
1488,2.34,1.17,66.7
1489,1.41,1.31,51.9
1490,0.72,0.14,83.3
1491,0.56,2.78,16.7
1492,0.7,0.29,70.6
1493,0.52,1.18,30.8
1494,0,1.5,0
1495,0.14,0.5,22.2
1496,0,0.83,0
1497,1.1,1.1,50
1498,0.71,0,100
1499,1.25,1.25,50
1500,0.82,1.23,40
1501,2.77,2.13,56.5
1502,0.57,0.85,40
1503,0.92,1.35,40.5
1504,2.09,1.86,52.9
1505,0,2.86,0
1506,0.3,0.8,27.3
1507,0.49,0.87,35.7
1508,0.14,0,100
1509,0.08,0.9,8.3
1510,1,0.86,53.8
1511,0.11,0.22,33.3
1512,0.56,0.11,83.3
1513,0,2.14,0
1514,1.36,3.18,30
1515,1.01,0.76,57.1
1516,0.53,0.32,62.5
1517,0,0,0
1518,1.39,2.78,33.3
1519,0.91,1.21,42.9
1520,2.5,1,71.4
1521,0.55,0.66,45.5
1522,0.82,1.15,41.7
1523,0.73,1.22,37.5
1524,2.01,1.19,62.8
1525,1.25,1.25,50
1526,0.14,0.05,75
1527,5,5,50
1528,1.93,1.04,65
1529,0.15,0,100
1530,1.41,1.03,57.8
1531,0.82,0.82,50
1532,1.47,1.37,51.7
1533,0.99,0.89,52.6
1534,0.78,0.52,60
1535,2.02,1.31,60.6
1536,0.11,0,100
1537,0,0,0
1538,0,0,0
1539,0,0.91,0
1540,0.53,0.53,50
1541,4.17,6.11,40.5
1542,2.08,2.71,43.5
1543,1.5,1,60
1544,1.14,1.54,42.6
1545,0.16,0,100
1546,0.11,0.54,16.7
1547,1.67,0,100
1548,1.41,0.71,66.7
1549,0,0,0
1550,0.78,0.56,58.3
1551,0.83,1.39,37.5
1552,1.75,0.79,68.8
1553,2.14,1.16,64.9
1554,2,2,50
1555,1.11,1.39,44.4
1556,0.48,0.42,53.3
1557,2.12,1.52,58.3
1558,2.2,1.02,68.4
1559,3.3,2.95,52.7
1560,0,0,0
1561,1.08,0.84,56.4
1562,2.67,3.33,44.4
1563,2.54,2.02,55.8
1564,0.82,1.64,33.3
1565,1.18,1.76,40
1566,0.98,0.59,62.5
1567,0.06,0.44,12.5
1568,2,6,25
1569,1.33,0,100
1570,0.81,0.81,50
1571,3.33,1.43,70
1572,0.47,1.88,20
1573,1.13,0.8,58.6
1574,0.27,0,100
1575,1.78,0.89,66.7
1576,1.29,1.51,46.2
1577,1.49,1.21,55.3
1578,3.51,1.37,71.9
1579,0,0,0
1580,0.54,1.89,22.2
1581,1.08,0.75,59
1582,0.93,0.47,66.7
1583,3.82,1.47,72.2
1584,0.4,0,100
1585,1.57,2.17,41.9
1586,0,3.33,0
1587,4,2,66.7
1588,2,0,100
1589,0.67,1.33,33.3
1590,0.5,1.67,23.1
1591,3.51,5.44,39.2
1592,0.74,0.74,50
1593,1.13,1.97,36.4
1594,1.75,1.55,53.1
1595,1.2,2.4,33.3
1596,1.22,1.28,48.6
1597,1.27,2.91,30.3
1598,0.63,2.5,20
1599,0.45,1.25,26.7
1600,2.72,1.39,66.2
1601,0.91,0.91,50
1602,2.5,0,100
1603,1.72,1.61,51.6
1604,0,0,0
1605,2,0.33,85.7
1606,1,2.33,30
1607,1.29,1.45,47.1
1608,0.53,0.38,58.3
1609,1.25,3.75,25
1610,0.37,0.31,54.5
1611,3,2.33,56.3
1612,1.87,0.84,69
1613,0.92,1.79,34
1614,0,0,0
1615,0,2.86,0
1616,0.96,0.66,59.1
1617,1.91,1.36,58.5
1618,4.29,0.71,85.7
1619,1.03,1.37,42.9
1620,0.37,1.01,26.7
1621,2.38,1.67,58.8
1622,0.92,0.92,50
1623,0.95,1.22,43.9
1624,3.82,2.21,63.4
1625,2.5,2.5,50
1626,1.18,0.71,62.5
1627,0,1.36,0
1628,0.67,0.75,47.1
1629,1.36,1.02,57.1
1630,0.77,1.54,33.3
1631,0,0,0
1632,0.13,0.13,50
1633,0.6,0.3,66.7
1634,1.58,1.03,60.5
1635,0.81,0.81,50
1636,1,0,100
1637,2.11,1.05,66.7
1638,2,1.6,55.6
1639,1.06,0.56,65.5
1640,0.24,0,100
1641,0.56,0.48,53.8
1642,0.21,1.06,16.7
1643,1.16,1.16,50
1644,1.85,1.16,61.5
1645,0.1,0,100
1646,3.5,1.68,67.6
1647,0.78,0.64,55
1648,0,0,0
1649,0.5,1.01,33.3
1650,0.29,0.05,85.7
1651,0,0.17,0
1652,1.94,2.55,43.2
1653,1.11,0.48,70
1654,0.25,0,100
1655,5.17,6.21,45.5
1656,0,0,0
1657,0,3.33,0
1658,2.73,0.98,73.6
1659,2,3.55,36.1
1660,1.43,5,22.2
1661,2.89,1.7,62.9
1662,0.27,0.05,85.7
1663,2.44,1.56,61.1
1664,1.82,0.61,75
1665,0.85,0.7,55
1666,1.27,1.42,47.2
1667,0.51,2.31,18.2
1668,1.15,1.48,43.8
1669,25,15,62.5
1670,2.56,1.44,64.1
1671,2.69,2.69,50
1672,0.94,0.57,62.5
1673,1.58,0.89,63.8
1674,0.37,0.56,40
1675,1.53,2.12,41.9
1676,0.39,1.09,26.3
1677,0.67,0.67,50
1678,0.43,1.3,25
1679,0.86,0.86,50
1680,0.68,0.39,63.6
1681,4.64,4.64,50
1682,2.07,0.69,75
1683,0.68,1.36,33.3
1684,0.23,0.63,27.3
1685,3.25,4.1,44.3
1686,0.56,0.48,53.8
1687,1.11,0.56,66.7
1688,0.84,3.05,21.7
1689,3.58,3.88,48
1690,0.77,1.28,37.5
1691,0.78,0.39,66.7
1692,1.33,0.33,80
1693,5,5,50
1694,0.98,1.24,44.1
1695,0,0.4,0
1696,0.59,1.18,33.3
1697,0.22,2.39,8.3
1698,0.59,0.59,50
1699,0.63,1.08,36.8
1700,2.29,2.86,44.4
1701,5.38,8.85,37.8
1702,1.12,1.12,50
1703,0.1,0.1,50
1704,1,0,100
1705,4.44,4.11,51.9
1706,0,0,0
1707,2.48,1.63,60.4
1708,0,1.43,0
1709,1.04,0.9,53.8
1710,0.83,0.42,66.7
1711,0.6,1.2,33.3
1712,0.87,1.52,36.4
1713,1.18,0.98,54.5
1714,10,10,50
1715,0.9,0.56,61.5
1716,1.75,0.95,64.7
1717,0.56,1.11,33.3
1718,0,0,0
1719,1.3,1.09,54.5
1720,0,10,0
1721,1.88,1.25,60
1722,1.8,2.61,40.8
1723,1.38,4.14,25
1724,0.48,0.29,62.5
1725,8.42,5.44,60.8
1726,0.47,0.7,40
1727,1.82,0.91,66.7
1728,6.79,6.03,53
1729,0.39,1.1,26.1
1730,0,1.67,0
1731,1.09,1.71,38.9
1732,0,0,0
1733,0.63,1.25,33.3
1734,1.7,0.8,67.9
1735,0,0,0
1736,0.16,0,100
1737,2.67,0.89,75
1738,0.48,1.43,25
1739,1.75,1.31,57.1
1740,0.16,0.98,14.3
1741,1.43,1.07,57.1
1742,0,0,0
1743,0.94,2.19,30
1744,3.29,2.11,61
1745,5.65,4.67,54.7
1746,0.32,0.81,28.6
1747,1.19,0.95,55.6
1748,0.84,1.29,39.4
1749,0.6,0.53,52.9
1750,0,0,0
1751,1.25,2.5,33.3
1752,0.23,0,100
1753,0,2.92,0
1754,0.71,1.26,35.9
1755,0.26,0.51,33.3
1756,2.54,1.53,62.3
1757,1,0,100
1758,1.47,0.59,71.4
1759,1.49,0.99,60
1760,2.14,1.79,54.5
1761,1.46,0.98,60
1762,1.88,3.75,33.3
1763,0.79,0.63,55.6
1764,1.43,1.14,55.6
1765,0.42,0.84,33.3
1766,0,0,0
1767,2.96,1.85,61.5
1768,1.36,0.91,60
1769,1.11,1.39,44.4
1770,0.9,1.4,39.1
1771,0.66,0.33,66.7
1772,4.19,3.06,57.8
1773,0,1.43,0
1774,0.77,4.62,14.3
1775,0.17,0.17,50
1776,0,0.45,0
1777,0.63,1.25,33.3
1778,0.25,0,100
1779,0.17,0.68,20
1780,0.76,0.81,48.5
1781,0.06,0.12,33.3
1782,1.25,5,20
1783,5.56,5.56,50
1784,6.11,3.33,64.7
1785,5,3.75,57.1
1786,4.87,4,54.9
1787,1.68,0.89,65.4
1788,3.55,1.13,75.8
1789,0.23,0.7,25
1790,2.87,3.86,42.6
1791,0.91,5.45,14.3
1792,4.17,1.67,71.4
1793,0.8,0.74,51.7
1794,0,0,0
1795,1.59,1.11,58.8
1796,0,0,0
1797,0.8,2.87,21.9
1798,0.85,0.85,50
1799,1.83,1.94,48.6
1800,0,0,0
1801,0.81,2.34,25.6
1802,0.81,0.81,50
1803,1.5,2,42.9
1804,5,15,25
1805,3.85,3.08,55.6
1806,0.17,0.04,80
1807,0.77,0.9,46.2
1808,2.27,2.64,46.3
1809,1.84,1.74,51.5
1810,1.63,1.16,58.3
1811,1.11,1.11,50
1812,0,0,0
1813,1.94,1.2,61.8
1814,0,0,0
1815,1.53,3.22,32.1
1816,0.84,0.93,47.4
1817,0.31,0.92,25
1818,1.29,2.26,36.4
1819,0.06,0,100
1820,0.59,1.1,35
1821,1.61,1.29,55.6
1822,0,0,0
1823,0.51,1.12,31.3
1824,1.82,2.27,44.4
1825,2.08,2.64,44
1826,1.62,1.43,53.1
1827,1.88,3.44,35.3
1828,4.26,2.45,63.5
1829,2.86,0,100
1830,1.75,2.27,43.6
1831,0,5,0
1832,0.38,1.54,20
1833,0.39,0.92,30
1834,0.71,1.31,35.1
1835,1.25,1.09,53.3
1836,0.68,0.85,44.4
1837,0.48,1.2,28.6
1838,0,0,0
1839,4.74,2.11,69.2
1840,0.23,0,100
1841,0,0,0
1842,3.38,3.53,48.9
1843,2,2.06,49.3
1844,0,0,0
1845,0.75,1.25,37.5
1846,2.18,2.54,46.2
1847,5,0,100
1848,11.5,10,53.6
1849,1.02,2.04,33.3
1850,0.4,0.73,35.3
1851,3.42,2.16,61.3
1852,4.39,2.45,64.2
1853,1.43,2.86,33.3
1854,0.83,1.67,33.3
1855,0,0,0
1856,0.55,1.25,30.4
1857,0,0,0
1858,0.69,1.72,28.6
1859,2.12,2.18,49.3
1860,1.25,3,29.4
1861,1.39,1.96,41.5
1862,3.1,1.72,64.3
1863,2.15,2.21,49.3
1864,1.14,1.71,40
1865,2,4,33.3
1866,0,2.5,0
1867,0.4,0.96,29.4
1868,5,0,100
1869,0.57,0.69,45.5
1870,0.24,0.71,25
1871,7,7,50
1872,0.29,1.14,20
1873,1.05,3.68,22.2
1874,1.15,0.92,55.6
1875,3.86,2.98,56.4
1876,0,0,0
1877,0,10,0
1878,0,0,0
1879,1.73,2.27,43.3
1880,3.86,3.41,53.1
1881,0,0,0
1882,0.75,0.54,58.3
1883,0.78,0.62,55.6
1884,0,0,0
1885,0.84,2.51,25
1886,2.17,1.24,63.5
1887,1.45,1.12,56.4
1888,0.77,0.77,50
1889,1.67,1.1,60.3
1890,1.64,0.49,76.9
1891,2.5,4,38.5
1892,0,1.11,0
1893,10,0,100
1894,1.75,1.08,61.8
1895,2.22,0.56,80
1896,0,0.63,0
1897,0.61,0.91,40
1898,0.17,0.17,50
1899,0,0,0
1900,0.36,0.46,43.8
1901,0.64,0.37,63.2
1902,0,0,0
1903,0,0,0
1904,1.17,0.94,55.6
1905,0,0,0
1906,2.19,1.75,55.6
1907,2,2,50
1908,0,0,0
1909,0.34,1.35,20
1910,0.05,0,100
1911,0.64,0.73,46.7
1912,1.11,4.44,20
1913,3.05,1.34,69.4
1914,1.76,1.05,62.8
1915,0.26,0,100
1916,0.13,0.38,25
1917,0.63,0.94,40
1918,3.33,1.33,71.4
1919,0.52,1.39,27.3
1920,0.97,0.86,52.9
1921,0.06,0.12,33.3
1922,0,0.08,0
1923,6.06,5.78,51.2
1924,0,0,0
1925,2,2,50
1926,1.95,6.34,23.5
1927,0.39,0.89,30.4
1928,0.81,0.48,62.5
1929,0,0,0
1930,0,2.86,0
1931,1.1,1.51,42.1
1932,0,0,0
1933,0.44,0.81,35.3
1934,2.73,7.27,27.3
1935,0.63,0.48,57.1
1936,0,4,0
1937,1.07,4.29,20
1938,0.33,0.94,25.9
1939,1.5,0,100
1940,1.44,1.21,54.3
1941,1.42,1.83,43.6
1942,0,2,0
1943,0.12,0.23,33.3
1944,0.48,0.95,33.3
1945,2,8,20
1946,0.32,2.11,13
1947,0,0,0
1948,1.34,1.14,54.1
1949,0.29,1.14,20
1950,0.44,1.32,25
1951,1.09,0.51,67.9
1952,0,0,0
1953,1.14,1.27,47.4
1954,0.61,1.45,29.6
1955,1.4,1.4,50
1956,1.29,0.69,65
1957,1,1.06,48.6
1958,1.67,1.46,53.3
1959,3.81,8.1,32
1960,3.13,9.38,25
1961,2.26,0.94,70.6
1962,0.69,0.56,55.6
1963,3.89,3.75,50.9
1964,0.77,1.54,33.3
1965,0,0,0
1966,0,0,0
1967,5.71,0,100
1968,3.52,4.38,44.6
1969,1.43,6.19,18.8
1970,0,5.71,0
1971,1.94,3.03,39
1972,0.2,0.15,57.1
1973,2.52,1.1,69.5
1974,2,2,50
1975,1.1,0.96,53.3
1976,1.45,3.66,28.4
1977,4,2.07,65.9
1978,0.97,1.94,33.3
1979,4.65,1.4,76.9
1980,1.52,1.82,45.5
1981,0.89,1.33,40
1982,1.27,1.9,40
1983,0.39,2.16,15.4
1984,0.59,0.51,53.3
1985,0.69,1.21,36.4
1986,1.41,1.72,45
1987,0.41,0.62,40
1988,0,1,0
1989,0.33,0.43,42.9
1990,5,4.23,54.2
1991,3.03,3.29,47.9
1992,0.24,1.59,13
1993,1.02,1.14,47.4
1994,0.09,0,100
1995,0.74,0.37,66.7
1996,2.85,1.31,68.4
1997,1.25,1.25,50
1998,0.75,0.5,60
1999,0.51,1.79,22.2
2000,0.96,0.88,52
2001,0,0,0
2002,7,2.5,73.7
2003,2.5,1.25,66.7
2004,0.44,1.05,29.4
2005,0,2.14,0
2006,0.5,6.5,7.1
2007,0.86,0.46,65
2008,0,0,0
2009,1.01,1.01,50
2010,0.09,0,100
2011,0.63,1.72,26.7
2012,0,0,0
2013,0,1.67,0
2014,0.32,0.97,25
2015,0.59,2.35,20
2016,2.35,2.94,44.4
2017,0,7.5,0
2018,1.25,4,23.8
2019,0.36,1.45,20
2020,0,0,0
2021,0,0,0
2022,0,0.32,0
2023,1.23,1.16,51.4
2024,0.59,0.88,40
2025,1.07,1.6,40
2026,0.33,0.11,75
2027,0,0,0
2028,2,1.55,56.3
2029,0.05,0,100
2030,1.05,0.67,61.1
2031,1,0,100
2032,0.17,1.04,14.3
2033,1.67,1.33,55.6
2034,0,5,0
2035,1.53,1.24,55.3
2036,0.14,0,100
2037,0.35,0.71,33.3
2038,0.66,1.53,30
2039,2.11,5.26,28.6
2040,2,4,33.3
2041,0.19,1.13,14.3
2042,0,0,0
2043,0.37,0.47,44.4
2044,1.25,2.5,33.3
2045,0.84,1.61,34.3
2046,0.85,1.51,36.2
2047,0.16,0.94,14.3
2048,0,0,0
2049,0.63,0.87,42.1
2050,0.84,0.69,55
2051,0.89,0.8,52.6
2052,0.5,0.05,91.7
2053,1.26,0.78,61.7
2054,1.4,0.88,61.5
2055,0.47,0.6,43.8
2056,0,0,0
2057,0.94,1.09,46.3
2058,3,1,75
2059,0.45,1.39,24.3
2060,0,0,0
2061,3.33,0,100
2062,0.81,0.81,50
2063,0.29,1.43,16.7
2064,0,0,0
2065,1.49,0.54,73.3
2066,0.2,0,100
2067,2.14,2.14,50
2068,0.46,1.61,22.2
2069,0,0,0
2070,1.57,1.35,53.8
2071,0.89,1.96,31.3
2072,0,0,0
2073,1.19,3.33,26.3
2074,0.8,1.6,33.3
2075,0,0,0
2076,0.38,0.38,50
2077,1.05,0.68,60.5
2078,2.31,0.51,81.8
2079,0.71,1.61,30.8
2080,0.52,1.15,31.3
2081,1.29,0.52,71.4
2082,2,2,50
2083,0.3,0.1,75
2084,1.16,0.54,68
2085,0,0,0
2086,3.04,4.46,40.5
2087,0.35,0.78,31.3
2088,0,0,0
2089,0.17,0.33,33.3
2090,0.73,1.27,36.4
2091,0.75,0.88,45.8
2092,1.09,0.83,56.8
2093,0,0,0
2094,0.8,0.62,56.5
2095,2.27,1.09,67.4
2096,0.5,0,100
2097,0.63,0.63,50
2098,2.92,1.92,60.3
2099,2.44,1.19,67.1
2100,1.32,2.92,31.1
2101,0,0.8,0
2102,3.04,0.87,77.8
2103,0.68,1.05,39.1
2104,0.31,1.54,16.7
2105,1.4,1.04,57.5
2106,0,3.33,0
2107,1.18,1.37,46.2
2108,0.76,0.83,47.6
2109,0.67,0.87,43.8
2110,2.56,1.78,59
2111,0.55,1.09,33.3
2112,2.39,1.27,65.3
2113,2.11,0.9,70
2114,10,0,100
2115,1.33,0.67,66.7
2116,2.5,0,100
2117,1.06,1.12,48.6
2118,2.59,1.38,65.2
2119,0,0,0
2120,5.83,5,53.8
2121,1.27,0.56,69.4
2122,1.45,1.01,59.1
2123,0.83,0.64,56.3
2124,0,0,0
2125,0,1.18,0
2126,2.74,1.92,58.8
2127,5,5,50
2128,0.56,2.22,20
2129,0.41,0.41,50
2130,0,0,0
2131,2.99,1.94,60.6
2132,3.21,2.86,52.9
2133,1.79,0.26,87.5
2134,1.62,0.59,73.3
2135,0.64,0.43,60
2136,2.41,0.69,77.8
2137,1.76,0.39,81.8
2138,0.66,1.13,37
2139,0.65,0.98,40
2140,0,0,0
2141,0.19,0.19,50
2142,2.75,1.25,68.8
2143,0.21,0,100
2144,1.88,1.25,60
2145,5,1.67,75
2146,0.8,1.96,29
2147,0.43,0.96,31.3
2148,0.5,0.25,66.7
2149,0.19,0.06,75
2150,0.23,0.05,83.3
2151,0.36,0.72,33.3
2152,1,0.33,75
2153,2.55,1.76,59.1
2154,1,0,100
2155,1.14,1.57,42.1
2156,0.29,0.71,28.6
2157,1.48,3.7,28.6
2158,2.22,2.22,50
2159,0.92,0.13,87.5
2160,0.45,0.91,33.3
2161,0.14,0,100
2162,0.77,1.79,30
2163,0.74,1.11,40
2164,0.3,1.15,20.7
2165,0.34,0.17,66.7
2166,2.98,2.81,51.5
2167,0.83,0,100
2168,0,0,0
2169,0.15,0.61,20
2170,0.72,1.53,32
2171,1.78,1.49,54.4
2172,0,0,0
2173,2.57,1.24,67.5
2174,2.83,2.08,57.7
2175,1.59,1.01,61.2
2176,0.32,1.29,20
2177,0.54,1.51,26.3
2178,0,0,0
2179,1.31,1.89,41.1
2180,0.32,0.05,87.5
2181,1.36,0.91,60
2182,1.67,0,100
2183,0.57,1.43,28.6
2184,0.66,1.01,39.4
2185,1.11,1.2,48
2186,2.98,4.63,39.1
2187,0,5,0
2188,0.83,0.64,56.5
2189,0.64,0.85,42.9
2190,1.53,2.21,41
2191,0.56,0.99,36.4
2192,2.5,1.41,64
2193,0,0.63,0
2194,1.57,1.38,53.2
2195,0.75,0.54,58.3
2196,0.29,0,100
2197,0.24,0.96,20
2198,1.97,0.87,69.4
2199,0.37,0.07,83.3
2200,0,0,0
2201,0,10,0
2202,1.43,1.43,50
2203,0,1.7,0
2204,2.91,1.51,65.8
2205,0.49,0.49,50
2206,0.45,2.73,14.3
2207,0,0.49,0
2208,0.22,0.22,50
2209,0,2.22,0
2210,3.33,6.67,33.3
2211,2,1.5,57.1
2212,2.32,2.46,48.5
2213,0.35,0.92,27.3
2214,0,0,0
2215,2.73,1.64,62.5
2216,0.65,0.36,64.7
2217,1.53,1.02,60
2218,1.65,2.04,44.7
2219,0.56,1.11,33.3
2220,6.67,3.33,66.7
2221,8.5,6,58.6
2222,1.07,1.67,39.1
2223,2.64,1.25,67.9
2224,0,1.25,0
2225,2.74,3.79,41.9
2226,2.06,0.79,72.2
2227,0.79,1.21,39.3
2228,10,0,100
2229,1.88,3.13,37.5
2230,2.49,1.5,62.3
2231,0.77,1.27,37.8
2232,0.14,0,100
2233,0.76,1.52,33.3
2234,1.07,1.43,42.9
2235,1.1,1.23,47.2
2236,0.85,0.93,47.8
2237,2.48,2.26,52.4
2238,0.21,0,100
2239,0.12,0.06,66.7
2240,0.5,2,20
2241,0,3.33,0
2242,5,5,50
2243,1.02,1.43,41.7
2244,0.72,0.31,70
2245,7.1,7.74,47.8
2246,7.86,5,61.1
2247,0.27,0,100
2248,0.92,1.06,46.4
2249,0,1,0
2250,3.64,3.64,50
2251,10,10,50
2252,0.75,0.69,52.2
2253,0.65,0.47,58.3
2254,0.31,0.63,33.3
2255,0.2,0,100
2256,1.64,1,62.2
2257,1.19,0.79,60
2258,1.11,1.11,50
2259,0.76,1.01,42.9
2260,1.44,1.08,57.1
2261,0,0,0
2262,0,0,0
2263,0.56,4.44,11.1
2264,1.54,1.54,50
2265,0,0,0
2266,2,4,33.3
2267,1.86,1.93,49.2
2268,0.98,1.43,40.6
2269,0.13,0.32,28.6
2270,0.26,0.58,31.3
2271,0.48,0.65,42.9
2272,0.17,0,100
2273,2.06,0.95,68.3
2274,0.14,0,100
2275,2.82,2.82,50
2276,1.74,1.52,53.3
2277,1.5,5,23.1
2278,5,10,33.3
2279,1,1,50
2280,0.34,1.38,20
2281,0,0,0
2282,1.06,1.97,35
2283,2.1,1.09,65.8
2284,1.67,1.5,52.6
2285,0.34,1.03,25
2286,0.67,0.33,66.7
2287,0,0,0
2288,2.78,1.85,60
2289,1.65,1.42,53.8
2290,0,1.67,0
2291,0.83,2.92,22.2
2292,1.36,0.56,70.6
2293,0.45,0.91,33.3
2294,7.92,0.83,90.5
2295,0.19,0,100
2296,0.51,0.77,40
2297,0.91,0.91,50
2298,0,3.33,0
2299,2,2.27,46.8
2300,1.66,0.74,69.2
2301,0.7,1.29,35
2302,0,3.33,0
2303,5.94,2.19,73.1
2304,0,3.33,0
2305,0,0,0
2306,1.51,0.95,61.3
2307,1,1,50
2308,1.6,2.29,41.2
2309,1.94,0.97,66.7
2310,1.57,2.58,37.9
2311,1.36,1.36,50
2312,10,10,50
2313,1.25,1.43,46.7
2314,0.37,0.37,50
2315,0.12,0.37,25
2316,0,0,0
2317,2.22,0,100
2318,0.4,0.2,66.7
2319,0,0.1,0
2320,1,0,100
2321,0.34,0.34,50
2322,0.15,0,100
2323,0.88,1.05,45.5
2324,0.82,0.55,60
2325,1.79,1.43,55.6
2326,1.41,1.41,50
2327,0.42,0.42,50
2328,3.26,2.45,57.1
2329,0.77,3.08,20
2330,0,7.5,0
2331,1.46,0.73,66.7
2332,0.97,0.97,50
2333,2.25,2.5,47.4
2334,3.59,2.31,60.9
2335,2,0,100
2336,2.47,2.06,54.5
2337,0.82,1.12,42.4
2338,0,1.11,0
2339,0.19,2.04,8.3
2340,10,0,100
2341,1.11,0,100
2342,0.73,0.64,53.3
2343,0.56,0.67,45.5
2344,0.14,0,100
2345,1.52,0.91,62.5
2346,3.13,0.97,76.4
2347,1.43,1.61,47.1
2348,1.81,1.38,56.7
2349,0.67,0.33,66.7
2350,0,1.43,0
2351,0,1,0
2352,1.78,2.03,46.7
2353,0.42,0.42,50
2354,0.29,0.57,33.3
2355,2,0,100
2356,0.67,1,40
2357,0,0.47,0
2358,2.17,0.87,71.4
2359,0.51,1.52,25
2360,0.41,1.28,24.1
2361,0.15,0.46,25
2362,1.53,0.84,64.5
2363,2.52,2.16,53.8
2364,0.69,1.13,37.9
2365,2.63,3.16,45.5
2366,2.37,1.83,56.4
2367,0.83,1.67,33.3
2368,0.8,0.2,80
2369,3.33,3.33,50
2370,0,0,0
2371,0,0.83,0
2372,2.04,2.39,46
2373,1.33,1.09,54.8
2374,1.5,2,42.9
2375,0.67,0.67,50
2376,1.11,1.39,44.4
2377,0.4,1.07,27.3
2378,0.66,1.23,35
2379,4.14,4.48,48
2380,0,0.57,0
2381,1.43,1.7,45.7
2382,0,0,0
2383,0,1,0
2384,0.79,1.05,42.9
2385,0.14,0,100
2386,0.27,0.6,30.8
2387,1.83,1.48,55.3
2388,0,0,0
2389,1.17,1.37,46
2390,1.87,1.39,57.4
2391,1.33,0.67,66.7
2392,1.05,2.11,33.3
2393,0.33,0.53,38.5
2394,2.14,0.86,71.2
2395,0.98,1.03,48.6
2396,3.13,1.25,71.4
2397,1.56,1.04,60
2398,1.28,1.28,50
2399,0.63,0.63,50
2400,1.91,1.49,56.3
2401,2.76,1.19,69.9
2402,0.07,0.07,50
2403,2,1,66.7
2404,0.97,1.27,43.2
2405,0.89,1.51,37.1
2406,1.44,1.15,55.6
2407,2.29,0.93,71.1
2408,2.86,2.5,53.3
2409,0,0,0
2410,1.43,0.95,60
2411,0.2,0,100
2412,3.38,5.49,38.1
2413,2.24,2.59,46.4
2414,0.28,0,100
2415,0,2.92,0
2416,4.29,2.52,63
2417,0.54,1.35,28.6
2418,0.56,3.89,12.5
2419,0.33,0.98,25
2420,1.08,0.89,54.8
2421,0,0,0
2422,1.78,1.42,55.7
2423,5.38,1.54,77.8
2424,3.33,1.67,66.7
2425,1.03,2.07,33.3
2426,0.49,1.48,25
2427,1.04,1.04,50
2428,0.67,0.58,53.8
2429,1.43,2.14,40
2430,2.4,2.8,46.2
2431,2.35,1.53,60.5
2432,1.28,2.12,37.7
2433,0.57,0.91,38.5
2434,2.86,1.43,66.7
2435,0.93,0.44,68
2436,0.38,1.92,16.7
2437,3.87,4.91,44.1
2438,1.08,0.92,53.8
2439,1.62,1.18,57.9
2440,1.25,0,100
2441,1.25,2.5,33.3
2442,1.07,2.13,33.3
2443,1.46,1.07,57.7
2444,0.21,0.43,33.3
2445,1.24,0.93,57.1
2446,2.5,7.5,25
2447,0.33,1.2,21.4
2448,1.23,2.81,30.4
2449,1.48,2.22,40
2450,2.06,1.2,63.2
2451,0.52,0.69,42.9
2452,3.47,3.72,48.3
2453,0,0,0
2454,1.82,1.82,50
2455,0.14,0.42,25
2456,0.19,0.71,21.4
2457,1.29,1.47,46.8
2458,0,0,0
2459,2.16,1.92,52.9
2460,0,1,0
2461,2.22,1.67,57.1
2462,1.56,1.51,50.7
2463,1.25,0,100
2464,1.54,0.26,85.7
2465,2.82,2.09,57.5
2466,1.63,4.42,26.9
2467,2.5,1.2,67.6
2468,1.63,1.86,46.7
2469,1.2,1.2,50
2470,1.27,0.77,62.2
2471,0.06,0,100
2472,0.29,0,100
2473,0.45,1.72,20.7
2474,0.24,1.43,14.3
2475,0.9,0.9,50
2476,1.38,0.97,58.8
2477,1.5,1.5,50
2478,0,0,0
2479,0.41,0.75,35.3
2480,1.64,1.19,58
2481,4.58,4.17,52.4
2482,1.2,1,54.5
2483,0,0,0
2484,0,0,0
2485,0.45,2.27,16.7
2486,0,1.67,0
2487,1.34,2.07,39.3
2488,0.49,0.67,42.1
2489,0.67,4.67,12.5
2490,1.21,0.33,78.6
2491,0,0,0
2492,0,0,0
2493,1.9,1.81,51.3
2494,4.11,4.95,45.4
2495,1.15,1.92,37.5
2496,0.58,0.29,66.7
2497,1.85,1.69,52.2
2498,2.64,2.41,52.3
2499,0,0.91,0
2500,0.61,1.82,25
2501,1.63,1.16,58.3
2502,2,0,100
2503,1.62,0.74,68.8
2504,1.05,1.58,40
2505,1.03,1.54,40
2506,0.54,1.02,34.6
2507,0.47,0.47,50
2508,2,0,100
2509,1.65,0.74,69
2510,2.2,1.46,60
2511,0.9,0.34,72.7
2512,0,2.17,0
2513,2.96,1.48,66.7
2514,1,0.29,77.3
2515,2.67,0.73,78.6
2516,1.11,0.9,55.2
2517,1.74,0.76,69.4
2518,1.83,2.75,40
2519,1.43,2.14,40
2520,1.71,2.71,38.7
2521,0,1.05,0
2522,0,1,0
2523,0,0.85,0
2524,1.3,1.3,50
2525,0.78,0.61,56.3
2526,1.43,1.43,50
2527,2.23,1.73,56.4
2528,0.74,1.06,41.2
2529,0.85,1.05,44.8
2530,1.15,1.25,47.9
2531,0.63,0,100
2532,1.29,0.65,66.7
2533,0,0,0
2534,0.55,0.91,37.5
2535,2.29,1.88,55
2536,0.65,0.83,44
2537,0.22,0.43,33.3
2538,1.6,1.6,50
2539,2.18,1.64,57.1
2540,0.27,0.09,75
2541,1.5,1.5,50
2542,0.25,0.74,25
2543,3.18,1.76,64.3
2544,1.82,0.71,72
2545,0,5,0
2546,0.33,0.33,50
2547,0,0,0
2548,0,0,0
2549,0.74,0.74,50
2550,0,10,0
2551,0,0,0
2552,0.38,1.15,25
2553,0,0,0
2554,0.14,0.43,25
2555,1.82,1.82,50
2556,1.17,0.65,64.3
2557,0,1.82,0
2558,0,0,0
2559,0,0,0
2560,1.67,0,100
2561,0,3.33,0
2562,1.67,3.75,30.8
2563,0.45,3.18,12.5
2564,1.86,1,65
2565,0,1.67,0
2566,0.2,0.07,75
2567,1.63,2.34,41.1
2568,1.79,1.98,47.5
2569,0.93,1.9,32.8
2570,8.33,10,45.5
2571,0.44,0.73,37.5
2572,0.55,1.18,31.6
2573,1.88,2.19,46.2
2574,0.48,0,100
2575,3.75,2.5,60
2576,0,0,0
2577,3.06,1.49,67.3
2578,6.67,6.67,50
2579,0.7,0.8,46.7
2580,0.67,0.67,50
2581,0.29,0.88,25
2582,1.36,0.34,80
2583,0.83,1.09,43.3
2584,0,1.18,0
2585,0.74,1.03,41.7
2586,3.33,0,100
2587,0.14,0,100
2588,1.94,1.25,60.9
2589,1.68,1.18,58.7
2590,2.15,3.37,39
2591,0.69,1.39,33.3
2592,2.73,1.22,69.1
2593,1.33,2.67,33.3
2594,1.02,0.73,58.3
2595,0,0,0
2596,0.99,1.1,47.4
2597,2,0.67,75
2598,0.48,2.77,14.8
2599,1.89,1.73,52.2
2600,0,0,0
2601,0.18,0.45,28.6
2602,1.07,1.12,48.8
2603,10,0,100
2604,0.85,1.54,35.5
2605,1.87,1.35,58.1
2606,0,0,0
2607,0.97,1.09,47.1
2608,0.81,1.11,42.3
2609,0.49,0.99,33.3
2610,0.45,0.82,35.3
2611,0.62,0.67,47.8
2612,1.12,2.56,30.4
2613,0.77,0.51,60
2614,1.35,1.25,52
2615,5.97,3.71,61.7
2616,0,0.61,0
2617,6,3,66.7
2618,0.65,1.61,28.6
2619,4.55,0,100
2620,0.96,1.25,43.5
2621,1.58,1.22,56.4
2622,1.82,0.91,66.7
2623,0.91,0.91,50
2624,0.65,0.26,71.4
2625,0.47,2.19,17.6
2626,4.6,4.6,50
2627,3.91,5.65,40.9
2628,1.71,0.66,72.2
2629,0,0,0
2630,2.09,0.79,72.5
2631,1.31,2.46,34.8
2632,1.06,0.86,55.3
2633,2.24,1.34,62.5
2634,1.74,1.1,61.4
2635,0,0,0
2636,3.08,5.38,36.4
2637,2.27,0.91,71.4
2638,0,1.25,0
2639,1.96,0.87,69.2
2640,2.71,1.26,68.4
2641,0.68,0.53,56.3
2642,1.95,1.32,59.6
2643,0.34,1.01,25
2644,2.37,1.69,58.3
2645,0.27,0.7,27.8
2646,0.34,2.07,14.3
2647,0,0.31,0
2648,0,0,0
2649,2.04,2.96,40.7
2650,2.68,1.69,61.3
2651,0.24,0.56,30
2652,1.64,0.85,65.9
2653,0.63,1.25,33.3
2654,0.36,1.2,23.1
2655,0.51,0.81,38.5
2656,0.71,2.14,25
2657,0,10,0
2658,3.24,2.84,53.3
2659,0,0.57,0
2660,1.3,1.3,50
2661,1.64,1.45,52.9
2662,1.28,1.28,50
2663,0,0,0
2664,0,0,0
2665,0.44,0.74,37.5
2666,0.3,0.8,27.3
2667,0.67,0,100
2668,0,0,0
2669,1.43,0,100
2670,1.43,1.43,50
2671,0,0.48,0
2672,0.14,0.55,20
2673,3.33,2,62.5
2674,1.75,0.58,75
2675,1.54,2.88,34.8
2676,0,0.53,0
2677,0,0,0
2678,0.96,1.26,43.3
2679,2,0.4,83.3
2680,1,2,33.3
2681,2.61,0.35,88.1
2682,0,0,0
2683,2,1.57,56
2684,2.19,0.9,70.9
2685,2.5,2.5,50
2686,0,0,0
2687,0.48,0.7,40.9
2688,14.5,3.59,80.1
2689,0.54,0.88,38.1
