Player_ID,CrdY,CrdR,2CrdY,Fls,FlsDrawn
1,0.11,0,0,0.62,2.26
2,0.09,0,0,1.32,0.5
3,0.12,0,0,1.74,1.28
4,0.15,0,0,2.45,1.35
5,0.16,0,0,0.93,1.01
6,0,0,0,0,0
7,0,0,0,0.95,1.43
8,0,0,0,2.5,4.17
9,0,0,0,0.67,0.67
10,0.18,0,0,1.56,1.8
11,0.06,0,0,1.31,2.05
12,0.24,0,0,0.73,0.73
13,0,0,0,5,0
14,0.46,0.09,0,1.65,1.65
15,0,0,0,1.77,1.03
16,0.26,0.05,0.05,1.74,1.05
17,0.38,0,0,2.31,0.77
18,0.16,0,0,0.66,0.25
19,1.67,0,0,4.17,0
20,0.59,0,0,1.29,2
21,0.14,0,0,3.33,2.78
22,0.77,0,0,2.31,0.77
23,0.35,0,0,1.16,1.63
24,0.25,0,0,2,1
25,0.11,0.11,0,1.01,0.28
26,0.63,0,0,2.19,1.56
27,0,0,0,6,6
28,0.16,0,0,0.48,1.27
29,0.13,0,0,1.63,1.75
30,0.53,0,0,0.7,0.7
31,0.29,0,0,1.47,1.03
32,0,0,0,0,0
33,0.26,0.06,0.06,1.03,1.1
34,0,0,0,5,5
35,0.32,0.11,0,2.58,1.72
36,0.15,0,0,0.6,0.35
37,0.53,0,0,1.6,1.6
38,0.3,0,0,1.09,0.69
39,0.18,0,0,1.14,0.7
40,0,0,0,0.59,0.94
41,0.12,0,0,1.63,0.93
42,0.38,0,0,2.31,0.38
43,0.07,0,0,0.91,0.49
44,0,0,0,0.7,0.7
45,0.19,0,0,0.81,0.67
46,1.07,0,0,1.79,1.07
47,0.77,0,0,1.54,1.15
48,0.9,0.3,0.15,2.24,1.19
49,0.53,0,0,1.49,0.7
50,0.2,0,0,0.46,0.13
51,0.8,0.4,0.4,1.6,1.2
52,0,0,0,2.14,0.71
53,0.39,0.1,0.1,0.68,0.19
54,0.09,0,0,0.6,0.34
55,0.3,0,0,0.83,0.65
56,0,0,0,0.77,0.77
57,0.16,0,0,1.41,1.95
58,0,0,0,1.33,0.67
59,0.54,0.09,0.09,1.96,1.79
60,0.43,0,0,1.14,0.86
61,1.11,0.12,0.12,3.33,2.72
62,0,0,0,0,0
63,0.49,0,0,2.41,2.28
64,0.19,0,0,0.5,0.19
65,0,0,0,10,0
66,0.24,0,0,2.29,0.84
67,0.29,0,0,1.43,2
68,0,0,0,5,0.71
69,0,0,0,0.05,0.05
70,0.15,0,0,1.03,2.21
71,0,0,0,0,2.5
72,0.14,0,0,1.15,1.51
73,0.05,0,0,0.69,1.29
74,0.14,0,0,0.87,0.58
75,0.11,0,0,1.05,0.95
76,1.67,0,0,1.67,0
77,10,0,0,10,0
78,0.32,0.16,0,1.43,1.11
79,0,0,0,1.56,0.78
80,0.3,0,0,2.12,0.91
81,0.17,0.06,0,0.75,0.98
82,0.44,0,0,0.89,0.44
83,0.07,0,0,0.46,0.2
84,0.36,0,0,2.73,1.09
85,0.95,0.48,0.48,0.95,0.95
86,0.26,0,0,1.71,0.17
87,1.67,0,0,5,0
88,0.57,0,0,1.14,0.68
89,0.42,0,0,1.27,2.25
90,0.33,0,0,1.59,0.79
91,0.62,0,0,2.17,1.55
92,0.18,0,0,0.98,0.67
93,0,0,0,1.54,5.38
94,0.05,0,0,1.18,1.07
95,0.26,0,0,1.74,1.38
96,0.22,0,0,1.01,2.59
97,0.32,0,0,1.78,0.57
98,0.11,0,0,0.51,1.02
99,0.35,0.18,0,1.05,0.18
100,0.11,0,0,0.69,0.69
101,0,0,0,6.67,0
102,0.15,0,0,0.95,1.01
103,0.29,0,0,1.71,3.14
104,0.09,0,0,1.45,1.97
105,0.3,0,0,0.4,1.29
106,0,0,0,0.53,0.53
107,0,0,0,0.57,1.7
108,0.43,0,0,1.3,2.61
109,0.44,0,0,0.89,0.89
110,0,0,0,2.22,2.22
111,0.11,0,0,1.82,0.11
112,0.31,0.15,0.15,1.69,1.54
113,0.18,0,0,1.27,1.82
114,0.32,0,0,0.53,0.42
115,0,0,0,4,2
116,0,0,0,0,0
117,0,0,0,0.83,0
118,0.16,0,0,0.74,0.9
119,0,0,0,0.96,0.61
120,0.35,0,0,1.18,1.29
121,0.3,0,0,1.36,0.98
122,0.21,0,0,1.04,2.24
123,0,0,0,0,0.3
124,0,0,0,0,0
125,0.11,0,0,1.21,2.31
126,0.14,0,0,1.22,0.95
127,0,0,0,0.91,0.3
128,0,0,0,0.28,1.27
129,0.12,0,0,1.36,1.11
130,0,0,0,0,0.4
131,0.18,0,0,0.89,1.07
132,0.45,0,0,2.12,0.91
133,0,0,0,1.43,1.43
134,0.61,0,0,1.52,1.21
135,0.22,0,0,0.59,2.16
136,0.91,0,0,0.91,0.91
137,0.14,0,0,1.27,2.11
138,0.21,0,0,0.83,0.21
139,0,0,0,0,0
140,0.05,0,0,0,0.1
141,0.06,0,0,0.44,0.5
142,1.11,0,0,1.11,3.33
143,0,0,0,0,0
144,0.17,0,0,0.67,1.33
145,0,0,0,0.45,0.23
146,0.39,0.08,0,0.85,2.17
147,0.08,0.08,0,0.57,0.08
148,0,0,0,0.99,1.23
149,0,0,0,1.21,0.61
150,0,0,0,0,3.33
151,0.06,0,0,1.87,2.77
152,0.16,0,0,0.66,1.31
153,0.13,0,0,0.9,1.92
154,0,0,0,0,0
155,0.29,0,0,2.29,0
156,0.26,0,0,1.49,0.35
157,0,0,0,0,0
158,0.36,0,0,2.34,1.53
159,0.17,0,0,0.8,0.11
160,0,0,0,0.6,0.2
161,1,0,0,3,1
162,0.1,0,0,0.05,0.1
163,0.25,0,0,0.5,0.5
164,0.32,0,0,1.08,0.43
165,0.87,0.09,0.09,3.13,2.78
166,0,0,0,0.91,0.91
167,0.27,0,0,1.37,0.89
168,0.26,0,0,2.05,0.77
169,0,0,0,1.43,0.71
170,0,0,0,0,0
171,0.45,0,0,1.82,2.27
172,0.1,0,0,0.57,0.57
173,0,0,0,0,0
174,0,0,0,2.86,1.43
175,0.37,0.09,0.09,1.02,0.74
176,0.21,0,0,1.04,1.3
177,0,0,0,0.82,1.53
178,0.15,0,0,1.04,0.9
179,0.07,0,0,0.2,1.5
180,0.67,0.33,0,3,2
181,0,0,0,2,0
182,0.2,0,0,1.38,0.61
183,0.15,0,0,1.06,1.01
184,0,0,0,0.91,1.36
185,0.17,0,0,0.9,1.92
186,0.32,0,0,0.81,1.29
187,0.19,0,0,1.42,1.91
188,0,0,0,1.21,0.91
189,0.26,0,0,1.62,2.22
190,0.24,0,0,1.98,1.98
191,0.48,0,0,2,1.14
192,0.21,0,0,1.25,2.29
193,0,0,0,0,0
194,0.18,0,0,0.63,0.81
195,0,0,0,0,0.57
196,0,0,0,1.62,0.27
197,0.24,0,0,0.96,0.72
198,0,0,0,2.43,1.89
199,0.22,0,0,1.17,1.79
200,0,0,0,1.63,1.86
201,0.15,0,0,1.03,1.03
202,0,0,0,3.53,0.29
203,0.05,0,0,1.38,1.22
204,0.25,0,0,1.83,1.25
205,0.95,0,0,2.38,0.48
206,0,0,0,0.79,0.53
207,0.33,0,0,1,1.67
208,0.12,0,0,1.18,1.18
209,0.18,0,0,0.91,0.36
210,0.24,0,0,1.95,2.2
211,0,0,0,0,0.77
212,0.14,0,0,0.85,0.85
213,0.38,0,0,2.19,1.05
214,0.68,0,0,1.51,1.51
215,0.52,0,0,1.12,1.38
216,0,0,0,0,0
217,0.29,0,0,1.14,0.57
218,0,0,0,0.65,1.29
219,0.22,0,0,2.25,1.69
220,0.21,0,0,1.42,1.06
221,0,0,0,0,1.67
222,0,0,0,0,0
223,0,0,0,0.05,0
224,1.43,0,0,2.86,2.86
225,0,0,0,1.47,0.59
226,0.41,0,0,1.29,1.16
227,0,0,0,0,0
228,0,0,0,10,0
229,0.06,0,0,0.99,0.68
230,0,0,0,0.53,0
231,0,0,0,0.91,0.91
232,0,0,0,2.11,1.05
233,0,0,0,0,0
234,0,0,0,0,0
235,0.12,0,0,1.9,1.43
236,0.32,0,0,2.58,1.29
237,0,0,0,0.85,1.97
238,0,0,0,1.72,1.95
239,0.75,0,0,2.75,2
240,0.06,0,0,0.96,1.87
241,0.39,0,0,2.13,0.39
242,0.09,0,0,0.53,1.67
243,0,0,0,0,1.67
244,0,0,0,2.22,0
245,0.17,0,0,0.9,2.54
246,0,0,0,1.25,0
247,0.27,0,0,1.17,2.77
248,0,0,0,0,0
249,0,0,0,2,2.22
250,0.17,0,0,0.73,0.5
251,0.19,0,0,1.54,2.88
252,0,0,0,0,0
253,0.08,0,0,0.71,0.79
254,0,0,0,1,1
255,0,0,0,0,0.95
256,0.32,0,0,1.78,1.34
257,0,0,0,0.6,0.68
258,0.17,0,0,0.95,1.73
259,0.06,0,0,1.54,1.78
260,0.48,0,0,1.44,0.48
261,0.09,0,0,0.6,0.34
262,0.39,0,0,1.57,1.96
263,0.57,0.1,0.1,1.43,1.24
264,0,0,0,1.91,1.12
265,0.08,0,0,0.98,0.75
266,0,0,0,3.33,0
267,0.14,0,0,1,1
268,0.63,0.08,0.08,1.73,1.26
269,0,0,0,0.86,0.43
270,0,0,0,0.07,0
271,0.09,0,0,0.45,0.55
272,0,0,0,0,0.53
273,0,0,0,0,0
274,0.07,0,0,1.64,1.19
275,0,0,0,0,0
276,0.07,0,0,0.87,0.22
277,0,0,0,2.5,2.5
278,0,0,0,0,0
279,0,0,0,0,0
280,0.21,0.14,0,0.63,0.7
281,0.26,0,0,0.65,0.13
282,0,0,0,2.21,0.29
283,0,0,0,3,1
284,0.12,0,0,1.04,1.27
285,0,0,0,0,0
286,0,0,0,0.89,1.28
287,0.31,0,0,0.82,0.92
288,0,0,0,1,2
289,0,0,0,2.69,1.92
290,0.56,0,0,1.56,0.78
291,0,0,0,0.39,0.78
292,0.52,0,0,2.92,2.08
293,0.14,0,0,0,0.1
294,0,0,0,1.11,0.56
295,0.38,0,0,0.38,0
296,0,0,0,0,0
297,0.11,0,0,2,2
298,0,0,0,0,0.23
299,0.12,0,0,0.55,0.79
300,0,0,0,0,0
301,0.14,0,0,1.44,1.15
302,0,0,0,2.5,0
303,0,0,0,5,1.67
304,0,0,0,0.29,0
305,0.67,0,0,7.33,1.33
306,0,0,0,0,0
307,0.24,0,0,0.96,2.65
308,0,0,0,0.68,2.27
309,0,0,0,1.32,1.58
310,0.5,0,0,1.5,0.5
311,0.3,0,0,0.61,0.76
312,0.2,0,0,0.95,2.16
313,0.1,0,0,1.2,2.2
314,1.43,0,0,2.86,4.29
315,0,0,0,0.67,1.67
316,0.22,0,0,0.65,0
317,0.15,0,0,1.19,0.6
318,0.16,0.05,0.05,0.63,1.63
319,0,0,0,3.33,0
320,0.32,0,0,0.79,0.16
321,0.36,0,0,2.18,0.91
322,0.27,0,0,1.89,1.62
323,0.05,0,0,0.48,0.37
324,0,0,0,1,1
325,0,0,0,2,2.4
326,0,0,0,1,0.5
327,0.35,0,0,1.05,2.33
328,0,0,0,2.5,0
329,0.32,0.11,0.11,2.15,2.15
330,0,0,0,1.25,0
331,0.11,0,0,0,0.05
332,0,0,0,0,3
333,0.16,0,0,1.35,0.81
334,0.21,0.05,0.05,0.95,0.53
335,1,0,0,2.5,1.5
336,0.05,0,0,0.64,1.87
337,0.22,0.07,0,2.3,1.93
338,0,0,0,2.5,0
339,0.36,0,0,0.99,0.72
340,0,0,0,0.4,0.6
341,0.15,0.08,0,0.76,1.59
342,0.13,0,0,0.38,0.13
343,0.06,0,0,0.3,0.66
344,0.48,0,0,1.33,1.33
345,0.16,0,0,0.87,0.54
346,0.33,0,0,0,0
347,0,0,0,0,0
348,0,0,0,0,0
349,0,0,0,0,5
350,0,0,0,0.67,1
351,0.23,0,0,1.09,0.4
352,0,0,0,0.61,1.82
353,0.07,0,0,1.37,0.43
354,0.67,0,0,2,1.33
355,0,0,0,0,5
356,0.7,0,0,1.27,0.28
357,0.13,0,0,1.2,1.65
358,0,0,0,0,3.33
359,0,0,0,0.3,0.3
360,0.18,0,0,0.71,0.53
361,0.63,0,0,1.25,1.25
362,0.67,0,0,0.67,1.33
363,1.11,0,0,1.67,1.67
364,0.33,0,0,1.33,1
365,0.21,0,0,2.4,1.46
366,0,0,0,1.62,1.54
367,0.1,0,0,0.1,0.63
368,0.2,0.05,0.05,1.16,1.01
369,0,0,0,4.29,1.43
370,0.24,0,0,0.96,1.63
371,0.17,0,0,1.55,1.72
372,0,0,0,5,0
373,0.38,0,0,2.42,1.21
374,0.87,0,0,1.74,1.3
375,0.34,0,0,1.02,1.86
376,0,0,0,1,1.33
377,0.1,0,0,0.92,0.05
378,0.44,0,0,1.32,0.44
379,0.41,0.07,0.07,1.24,2
380,0,0,0,1.6,0.8
381,0,0,0,0,0
382,0,0,0,1.25,3.13
383,1.67,0,0,1.67,3.33
384,0.15,0,0,0.9,1.28
385,0.35,0,0,2.46,0
386,0.16,0.05,0,0.98,0.49
387,0,0,0,1.33,0.67
388,0,0,0,0.59,0.34
389,0,0,0,0,0
390,0.31,0,0,2.03,1.3
391,0.19,0,0,0.58,1.54
392,0.63,0.11,0.11,2,2.11
393,0,0,0,0.67,3.33
394,0.36,0,0,0.9,0.81
395,0.46,0,0,1.3,0.83
396,0.21,0,0,1.23,1.03
397,0.23,0,0,1.07,0.53
398,0.13,0,0,0.88,0.13
399,0,0,0,0,0
400,0.12,0,0,1.82,1.12
401,0,0,0,4.29,1.43
402,0.34,0,0,1.72,1.03
403,0,0,0,0,0
404,0.12,0,0,1.48,0.99
405,0.16,0,0,1.02,1.33
406,0.24,0,0,2.14,1.19
407,0.26,0.06,0,2.27,2.66
408,3.33,0,0,6.67,0
409,0,0,0,0.45,0.45
410,0.29,0,0,1.47,3.63
411,0.17,0,0,1.72,4.14
412,0.16,0,0,1.33,1.48
413,0,0,0,5,1.25
414,0.06,0,0,0.57,0.88
415,0,0,0,0,1.25
416,0.49,0,0,1.85,0.99
417,0.25,0.06,0.06,0.43,1.3
418,0.87,0,0,4.78,2.17
419,0.21,0.07,0,0.92,1.27
420,0,0,0,1.33,1.33
421,0.17,0.06,0.06,0.17,0.73
422,0,0,0,0,6.67
423,0,0,0,3.33,3.33
424,0,0,0,0,0
425,0.77,0,0,2.2,0.55
426,0.08,0,0,0.69,1.62
427,0.27,0,0,1.63,1.77
428,0,0,0,0.41,1.97
429,0.15,0,0,1.23,1.85
430,0.12,0,0,1.66,0.92
431,0,0,0,0.53,0.53
432,0,0,0,0,10
433,0.17,0.17,0,0.77,1.11
434,0,0,0,1.92,0.77
435,1.67,0,0,1.67,0
436,0,0,0,0,0
437,0.1,0,0,1.49,0.62
438,0,0,0,0.5,0
439,0,0,0,0,0
440,0,0,0,5,5
441,0,0,0,0.71,2.14
442,0.69,0,0,2.76,0.34
443,1.02,0.17,0.17,2.37,1.02
444,0.08,0,0,0,0.17
445,0.09,0,0,1.02,0.65
446,0.25,0,0,0.92,0.75
447,0,0,0,1.35,1.62
448,0,0,0,0,0
449,0.27,0.07,0,1.2,1.47
450,0.27,0,0,0.75,0.34
451,0.36,0.07,0,2.26,1.39
452,0,0,0,10,0
453,0.23,0,0,0.98,0.61
454,0.1,0,0,0.79,0.35
455,0.13,0,0,1.32,0.92
456,0,0,0,0,0.05
457,0.36,0,0,1.55,1.67
458,0.12,0,0,0.74,0.86
459,0.47,0,0,2.43,2.71
460,0.27,0,0,0.8,1.42
461,1.67,0,0,1.67,0
462,0.26,0,0,0.71,1.1
463,0.32,0,0,0.79,0.68
464,0,0,0,1.31,2.46
465,0.52,0.06,0.06,1.04,1.17
466,0.38,0,0,1.24,0.57
467,0.32,0,0,1.11,2.38
468,0.61,0.09,0,2.26,1.22
469,0.1,0,0,1.65,1.84
470,0,0,0,0.86,1.43
471,0.45,0,0,1.55,0.45
472,0.24,0,0,0.98,1.22
473,0,0.07,0,1.37,1.71
474,0.67,0,0,2.67,0.67
475,0,0,0,0.17,0
476,0,0,0,1.48,1.85
477,0.28,0,0,0.56,0.28
478,0.42,0,0,0.42,0
479,0.13,0,0,1.32,0.92
480,0,10,0,20,0
481,0.28,0,0,0.65,0.46
482,0.83,0,0,4.17,0
483,0,0,0,0,0
484,0.36,0,0,1.07,0.36
485,0.29,0,0,1.43,1.03
486,0.13,0,0,1.07,0.53
487,0.91,0,0,3.64,0.91
488,0.26,0,0,0.91,1.95
489,0.59,0,0,1.76,0.59
490,0,0,0,0,0.13
491,0,0,0,0,0
492,0.37,0,0,1.48,0.74
493,0.2,0,0,1.2,1.4
494,0.3,0,0,1.82,0.61
495,0.06,0,0,0.51,0.9
496,0.21,0,0,1.27,0.49
497,0.25,0,0,0.75,0.38
498,0.05,0,0,0,0.21
499,0.09,0,0,1.74,2.26
500,0,0,0,0.45,0.91
501,0.09,0,0,0.71,1.25
502,0,0,0,0,3.33
503,0.32,0,0,0.84,0.21
504,0,0,0,0,2
505,0,0,0,1.61,0.65
506,0,0,0,0.58,1.35
507,0,0,0,0,1.67
508,0.39,0,0,2.65,0.88
509,0,0,0,5,2.5
510,0.14,0,0,0.94,1.38
511,0,0,0,10,0
512,0,0,0,0,2.86
513,0,0,0,1,2.4
514,0.06,0,0,1.07,0.38
515,0.08,0,0,0.92,0.85
516,0.15,0,0,0.45,0.45
517,0.05,0,0,0.42,0.58
518,0,0,0,1.88,2.5
519,0,0,0,0.46,0.15
520,0,0,0,1.29,1.94
521,0,0,0,0.42,0.95
522,0,0,0,0,2.86
523,0.17,0,0,1.33,1
524,0,0,0,0,0
525,0.32,0,0,0.97,1.17
526,0.12,0.06,0,0.79,0.43
527,0.36,0,0,2.55,0.73
528,0.19,0,0,2.26,2.45
529,0,0,0,0.2,0.59
530,0.24,0.12,0.12,0.72,1.57
531,0.27,0.07,0,1.34,0.67
532,0.16,0,0,1.94,1.05
533,0,0,0,0,0.05
534,0,0,0,0.98,0.54
535,0,0,0,0,3.33
536,0.12,0,0,0.73,0.48
537,0.38,0,0,0.47,0.19
538,0.16,0,0,0.73,0.65
539,0.35,0,0,1.89,1.05
540,0.43,0,0,1.01,0
541,0.25,0,0,1.27,0.76
542,0.34,0,0,1.72,2.41
543,0,0,0,2,2
544,0,0,0,1.43,4.29
545,0.22,0,0,0.99,1.21
546,0.21,0,0,1.25,2.08
547,0.19,0,0,1.62,2.27
548,0,0,0,0,0
549,0,0,0,0.44,0
550,0.07,0,0,0.66,0.88
551,0.28,0.14,0,2.36,0.56
552,0.3,0,0,1.16,1.34
553,0,0,0,0,0
554,0.31,0.08,0.08,1.56,3.28
555,0.24,0,0,2.44,1.65
556,0,0,0,0,0
557,0.28,0,0,1.12,0.77
558,0.34,0,0,1.66,1.26
559,0,0,0,0,2.5
560,0,0,0,0,0.13
561,0,0,0,0.28,0.55
562,0.38,0,0,1.77,1.52
563,0.13,0,0,0.92,1.18
564,0,0,0,0,0
565,0.21,0,0,0.56,1.34
566,0.12,0,0,0.47,0.29
567,0.2,0,0,1.47,0.69
568,0,0,0,2,0
569,0.29,0,0,0.79,0.43
570,0,0,0,1.58,1.05
571,0.25,0.08,0,1.27,1.53
572,0.13,0,0,0.81,1.01
573,0.25,0,0,1,0.25
574,0,0,0,2.08,1.25
575,0,0,0,2,2
576,0,0,0,2.86,1.79
577,0.48,0,0,1.67,1.43
578,2,0,0,2,0
579,0.63,0,0,1.88,2.81
580,0.83,0,0,2.5,0
581,0,0,0,1.14,2.57
582,0.53,0,0,2.11,0.53
583,0.33,0,0,0.67,1
584,0.16,0,0,1.61,0.81
585,0,0,0,0,0
586,0,0,0,0.91,0.45
587,0.26,0,0,1.41,0.77
588,0.3,0,0,1.57,0.6
589,0.35,0,0,1.06,0.21
590,0,0,0,3.13,0.63
591,0.63,0,0,1.56,1.25
592,0.35,0,0,1.39,0.09
593,0,0,0,2,0
594,1,0,0,2,1
595,0.15,0,0,1,0.5
596,0,0,0,0,0
597,0,0,0,0.38,1.32
598,0.23,0,0,1.23,1.77
599,0.18,0,0,0.86,0.41
600,0.5,0,0,0.5,1
601,0.1,0,0,0.76,2.34
602,0.1,0,0,0.8,1
603,0,0,0,3.33,3.33
604,0.18,0,0,1.09,1.09
605,0.09,0,0,0.81,1.26
606,0.15,0,0,0.87,1.69
607,0,0,0,0.26,1.29
608,0.13,0,0,1.19,0.5
609,0.43,0,0,0.65,1.09
610,0.6,0.12,0,2.53,0.72
611,0.25,0,0,0.75,0.38
612,0.5,0,0,0.5,1
613,0.06,0,0,0.9,0.9
614,0.26,0,0,1.28,1.15
615,0,0,0,2.5,2.5
616,0.21,0,0,1.44,2.27
617,0,0,0,0.3,0.9
618,0.17,0,0,0.69,0.86
619,0.13,0,0,0.9,0.38
620,0.34,0,0,1.12,0.22
621,0.44,0,0,1.78,1.33
622,0,0,0,0,0
623,0.38,0,0,2.18,2.03
624,0.29,0,0,1.03,1.32
625,0,0,0,0,0
626,0.25,0,0,1.65,1.27
627,0.88,0,0,1.18,1.47
628,0,0,0,1.25,1.88
629,0,0,0,5,0
630,0,0,0,0,0
631,0,0,0,0.92,1.03
632,0,0,0,0,0
633,0,0,0,2.14,5
634,0.15,0,0,1.76,0.15
635,0.33,0,0,1.15,1.07
636,0,0,0,0.83,1.67
637,0,0,0,0,0
638,0.29,0,0,0.96,0.66
639,0.2,0,0,1.6,1.1
640,0.3,0,0,1.98,1.26
641,0,0,0,0,5
642,0.28,0,0,0.56,0
643,0.19,0,0,0.93,0.61
644,0,0,0,0.26,0
645,0,0,0,0,0
646,0.44,0,0,1.33,3.78
647,0.23,0,0,1.31,1.23
648,0.67,0,0,0.67,4.67
649,0,0,0,0,0
650,0,0,0,0,0
651,1,0,0,0,0
652,0.15,0.07,0.07,1.12,0.75
653,0.15,0,0,1.94,0.82
654,0,0,0,1.62,1.08
655,0.39,0,0,1.76,0.59
656,0.07,0,0,0.59,0.81
657,0.12,0,0,1.17,1.05
658,0,0,0,0,0
659,0.24,0,0,1.84,1.28
660,0,0,0,0,0
661,0.1,0,0,0.77,0.96
662,0,0.15,0,0.59,1.03
663,0.06,0,0,0.86,1.35
664,0.11,0,0,0.65,0.71
665,0.47,0.08,0.08,1.02,0.39
666,0.21,0,0,1.34,0.36
667,0.67,0,0,2,1.33
668,0.42,0,0,0.63,0.21
669,0,0,0,0,0
670,0.12,0,0,1.23,1.99
671,0.25,0,0,2.03,0.89
672,0.29,0.06,0,1.82,1.06
673,0,0,0,1.43,1.43
674,0.11,0,0,1.43,1.21
675,0,0,0,1.27,1.18
676,0.11,0,0,0.66,1.65
677,2,0,0,2,0
678,0,0,0,1.03,0.31
679,0.2,0,0,1.14,1.01
680,0,0,0,0,0.09
681,0.17,0,0,1.48,2.17
682,0.29,0,0,1.76,2.35
683,0,0,0,0,0
684,0.45,0,0,3.64,2.73
685,0,0,0,3,7
686,0.09,0,0,0.56,0.28
687,0.23,0,0,2.5,0.23
688,0.16,0,0,0.98,1.54
689,0,0,0,0.61,1.23
690,0.16,0,0,0,0.05
691,0.11,0,0,1.38,1.15
692,0,0,0,0.91,0.91
693,0,0,0,2.67,1.33
694,0,0.1,0,1.11,0.71
695,0.2,0,0,2.04,0.61
696,0.08,0,0,0.55,0.24
697,0.1,0,0,0.3,1.62
698,0,0,0,0,2.86
699,0.13,0,0,0,0.4
700,0.09,0,0,0.73,0.32
701,0,0,0,0,0
702,0.31,0,0,0.93,0.83
703,0.29,0,0,1.29,1.4
704,0,0,0,0.94,2.34
705,0.12,0,0,1.12,0.12
706,0.1,0,0,0.95,0.65
707,0.14,0,0,0.43,0.43
708,0,0,0,2.5,2.5
709,0.4,0,0,0,0.4
710,0,0,0,0,0
711,0,0,0,3.33,3.33
712,0.12,0,0,1.15,1.76
713,0.38,0.08,0.08,1.67,1.21
714,0,0,0,0.55,0.55
715,0,0,0,1.49,0.54
716,0,0,0,0.77,0.58
717,0,0,0,1.49,1.7
718,0,0,0,0.91,1.82
719,0,0,0,1.25,1.25
720,0,0,0,0,0
721,0.41,0,0,2.16,1.35
722,0,0.59,0,1.18,0.59
723,0.42,0,0,0.83,0.83
724,0,0,0,0,0
725,0.09,0,0,0,0.04
726,1.11,0,0,0,1.11
727,0.19,0,0,0.62,1.19
728,0,0,0,1.03,1.03
729,0,0,0,2.22,0
730,0.29,0,0,0.86,0.29
731,0.38,0,0,1.37,0.38
732,0,0,0,6.67,1.67
733,0.38,0,0,2.44,2.44
734,0,0,0,0,0
735,0.27,0,0,1.59,1.06
736,0,0,0,1.31,0.51
737,0.12,0.06,0,1.34,0.98
738,0,0,0,1.18,1.76
739,0.05,0,0,0,0.26
740,0,0,0,1.25,0
741,0.28,0,0,2.22,0
742,0.22,0.11,0,2.04,1.72
743,0.38,0,0,1.08,0.76
744,0.05,0,0,0,0.59
745,0.71,0,0,1.43,2.14
746,0.52,0,0,2.08,2.34
747,0,0,0,0,10
748,0.83,0,0,4.17,0.83
749,0.23,0,0,0.98,1.65
750,0.17,0,0,1.83,0.5
751,0.1,0,0,0.57,0.62
752,0.05,0,0,0.05,0.18
753,0,0,0,0,10
754,0,0,0,2.5,0
755,0.33,0,0,1.5,2.17
756,0.06,0,0,1.62,0.65
757,0.23,0,0,0.61,2.75
758,0.21,0,0,1.46,1.32
759,0,0,0,0,2.5
760,2,0,0,4,0
761,0.3,0,0,0.89,0.4
762,0,0,0,0.55,0.99
763,0.05,0,0,0,0.1
764,0.17,0,0,1.25,1.83
765,0.25,0,0,1.16,0.74
766,0,0,0,0.17,3.67
767,0.26,0,0,1.29,0.77
768,0.37,0,0,1.11,1.85
769,0.57,0,0,0.71,0.57
770,0.43,0,0,2.32,1.16
771,0,0,0,2.86,2.86
772,0,0,0,0.11,0.91
773,0.62,0.15,0.15,2,1.85
774,0,0,0,0.98,0.98
775,0,0,0,0,0
776,0,0,0,0.45,1.59
777,0,0,0,3.75,2.5
778,1.58,0,0,3.16,1.58
779,0.08,0,0,0.79,1.59
780,0.11,0,0,1.2,0.65
781,0,0,0,0.77,0.77
782,0.35,0.09,0,1.49,0.7
783,0,0,0,0.42,0.42
784,0.26,0.05,0.05,0.84,0.31
785,0.29,0.06,0,1.11,1.4
786,0.19,0,0,1.54,0.77
787,0.57,0.11,0.11,1.38,1.49
788,0,0,0,2.5,2.5
789,0.12,0,0,2.28,2.46
790,0.08,0.08,0,1.13,1.8
791,0.12,0,0,0.37,0.24
792,0,0,0,1.08,1.73
793,0.43,0,0,2.13,1.06
794,0.18,0,0,0.61,0.36
795,0.15,0,0,0.88,0.59
796,0,0.16,0,0.97,0.81
797,0.43,0,0,1.74,0.87
798,0.24,0,0,1.06,0.94
799,0.25,0,0,1.47,0.91
800,0.32,0,0,0.74,0.64
801,1.43,0.48,0.48,1.9,2.86
802,0.2,0,0,1.08,0.34
803,0.21,0,0,1.43,0.93
804,0,0,0,0.78,0.44
805,0.19,0,0,1.26,1.94
806,0.06,0,0,0.76,1.98
807,0.57,0,0,1.71,1.71
808,0.46,0.15,0.15,2.15,2.46
809,0,0,0,0,0.14
810,0.14,0,0,1.44,0.79
811,0.4,0.4,0,1.2,0.4
812,0.1,0,0,1.53,1.43
813,0.13,0,0,0.94,0.44
814,0.67,0,0,0.67,1
815,0,0,0,0.95,1.75
816,0,0,0,0,0
817,0,0,0,1.54,3.08
818,0,0,0,2.12,1.21
819,0.58,0,0,2.5,1.92
820,0.05,0,0,0.05,0.09
821,0.39,0,0,0.78,1.08
822,0,0,0,3.33,0
823,0.57,0,0,0.75,0
824,0.23,0,0,1.05,0.93
825,0.22,0.22,0,2.17,1.74
826,0,0,0,0,2.5
827,0.17,0.08,0,0.93,0.51
828,0.74,0,0,3.7,1.48
829,0.24,0,0,0.95,0.48
830,0.46,0.11,0,1.95,3.91
831,0,0,0,1.11,1.11
832,0,0,0,1.82,1.36
833,0.12,0.35,0,0.7,0.47
834,0,0.63,0,0.63,4.38
835,0.69,0,0,2.22,3.19
836,0.1,0,0,1.63,0.82
837,0,0,0,0.61,0.81
838,0.38,0,0,0.77,0.77
839,0.27,0,0,1.88,1.96
840,0.24,0,0,1.29,1.1
841,0.21,0,0,0.99,0.78
842,0.1,0,0,0,0
843,0,0,0,0.22,0.88
844,0,0,0,0,0.2
845,0.71,0,0,2.86,2.14
846,0,0,0,0,1
847,0,0,0,0,0
848,0.21,0,0,0.68,0.41
849,0,0,0,0,0
850,0.05,0,0,0,0.2
851,0.19,0,0,1.11,0.65
852,0.31,0,0,1.25,0.73
853,0.24,0,0,0.98,0.49
854,0,0,0,0,3
855,0.24,0,0,1.43,2.32
856,0.67,0,0,0.67,1.33
857,0,0,0,0,0
858,0,0,0,0.58,0.49
859,0.43,0,0,3.48,0
860,0.77,0,0,1.54,1.54
861,0,0,0,0,0.05
862,0.18,0,0,1.05,0.7
863,0.09,0.09,0,0.98,0.89
864,0,0,0,0.91,0
865,0.09,0,0,0.34,1.38
866,0,0,0,10,0
867,0.05,0,0,0.67,1.03
868,0.5,0,0,1,1.5
869,0,0,0,0,1.5
870,0.13,0,0,0,0.13
871,0.1,0.05,0,1.57,1.03
872,0,0,0,1.3,1.01
873,0.23,0,0,0.85,0.23
874,0,0,0,1.03,0.47
875,0.24,0,0,1.19,1.07
876,0,0,0,1.11,1.67
877,0,0,0,0,0.5
878,0.21,0,0,1.88,0.94
879,0,0,0,0,0
880,0.77,0,0,1.54,0.77
881,0.27,0,0,2.3,0.68
882,0.29,0,0,1.71,0.57
883,0,0,0,2,0
884,0,0,0,0,0
885,0,0,0,0.4,0.4
886,0.06,0,0,1.26,0.51
887,0.29,0,0,0.86,2.86
888,0.16,0,0,1.41,1.93
889,0.47,0,0,2.24,1.18
890,0.2,0,0,0.59,0.2
891,0.12,0,0,0.82,1.41
892,0.19,0,0,1.11,0.43
893,0.38,0,0,3.46,0.77
894,0.3,0.06,0,0.83,1.07
895,0.09,0,0,0.09,0.19
896,0.11,0,0,0.61,2.46
897,0.15,0,0,0.46,0.61
898,0,0,0,0,0
899,0.17,0,0,1.21,2.59
900,0.22,0,0,1.14,1.62
901,0.3,0,0,1.19,0.15
902,0.34,0,0,1.78,3.22
903,0,0,0,2.5,0
904,0.23,0,0,1.59,1.82
905,0,0,0,3.33,0
906,0,0,0,1.07,1.79
907,0.1,0,0,1.52,2.09
908,0.41,0,0,2.14,1.59
909,0,0,0,0,0
910,0.65,0.11,0.11,2.04,2.37
911,0.2,0.07,0.07,0.68,0.68
912,0.2,0,0,0.07,0.07
913,0.14,0,0,0.92,0.28
914,0.06,0.06,0,0.45,0.71
915,0.22,0,0,1.32,2.13
916,0,0,0,1.41,2.5
917,0,0,0,2.86,0
918,0.43,0,0,0.87,0
919,0.05,0,0,0.59,1.28
920,0.18,0,0,1.27,0.91
921,0,0,0,0,1.33
922,0,0,0,0,0
923,0.3,0,0,2.12,1.36
924,0.34,0.06,0,1.83,0.69
925,0.24,0,0,1.45,0.12
926,0,0,0,0.65,0.65
927,0.16,0,0,1.43,2.06
928,0.29,0,0,1.3,1.16
929,0.43,0.07,0,1.21,0.14
930,0.56,0,0,1.39,1.39
931,0.63,0,0,2.5,0
932,0,0,0,2,1
933,0,0,0,2.5,0
934,0.29,0,0,0.52,1.03
935,0.33,0,0,1,1.33
936,0.28,0,0,3.4,2.06
937,0.09,0,0,0,0.45
938,0,0,0,0,0.09
939,0.38,0,0,1.83,0.69
940,0.42,0,0,2.5,3.33
941,0.15,0,0,0.64,1.04
942,1.82,0,0,2.73,0
943,0.19,0,0,1.2,1.02
944,0,0.15,0,0.92,0.46
945,0.22,0,0,3.48,3.48
946,2,0,0,6,2
947,0.38,0,0,1.35,0.96
948,0,0,0,1,2
949,0,0,0,0,3.33
950,0.5,0,0,1.5,1.5
951,0.06,0,0,1.04,0.87
952,0.29,0,0,1.24,1.05
953,0.28,0.14,0.07,1.99,0.85
954,0.13,0,0,0,0.13
955,0.35,0,0,1.77,1.35
956,0,0,0,1,1
957,0.56,0,0,0.56,0
958,0,0,0,5,5
959,2,0,0,6,0
960,0.1,0,0,0.7,0.85
961,0.14,0,0,1.54,1.01
962,0.4,0.07,0.07,1.47,1.07
963,0,0,0,0.89,0.49
964,0.25,0,0,1.5,2.75
965,0,0,0,1.3,0.43
966,0,0,0,0,0
967,0.17,0,0,1.31,0.97
968,0.35,0,0,2.82,0.94
969,0.22,0,0,1.94,1.51
970,0,0,0,5,0
971,0.59,0,0,1.47,0.59
972,2.5,0,0,2.5,2.5
973,0.24,0,0,1.06,0.33
974,0,0,0,3.33,2.5
975,0.16,0,0,0.55,1.04
976,0.54,0,0,0.54,1.89
977,0.08,0.08,0,0.48,0.32
978,0,0,0,0,0
979,0.49,0,0,1.48,0.98
980,0.37,0,0,1.73,0.62
981,0.39,0.08,0.08,1.1,0.71
982,0.52,0,0,1.38,1.9
983,0.28,0,0,1.57,2.08
984,0.4,0,0,1.2,3.6
985,0.15,0,0,2.12,0.76
986,0.4,0,0,1.26,1.66
987,1.67,0,0,1.67,6.67
988,0,0,0,0.63,2.5
989,1.11,0,0,2.22,3.33
990,0.49,0,0,1.64,1.23
991,0.27,0,0,1.42,0.97
992,0.24,0,0,0.85,0.85
993,0.25,0,0,2,0
994,0.06,0,0,0.79,1.63
995,0,0,0,0.8,0.8
996,0.07,0,0,1.26,0.4
997,0.38,0,0,0.87,0.22
998,0.25,0,0,1.27,1.27
999,0,0,0,3.33,3.33
1000,0.19,0,0,2.12,1.15
1001,0.36,0,0,1.79,0.71
1002,0,0,0,0,0
1003,0.26,0,0,1.57,1.22
1004,0.05,0,0,0.53,1.5
1005,0,0,0,10,0
1006,0.43,0,0,0,0.43
1007,0.09,0,0,1.21,3.45
1008,0.29,0,0,2.29,0.57
1009,0.19,0,0,1.18,1.49
1010,0.4,0,0,3.2,0.4
1011,1.06,0,0,2.88,1.97
1012,0,0,0,0.85,1.49
1013,0.07,0,0,0.21,1.19
1014,0,0,0,0,0
1015,0.08,0,0,2.56,0.75
1016,0.1,0,0,0.84,0.5
1017,0,0,0,1,0
1018,0.09,0,0,1.87,0.37
1019,0.47,0,0,1.12,0.84
1020,0.05,0,0,0.05,0.14
1021,0.52,0,0,1.3,0.65
1022,0.18,0,0,2.5,1.61
1023,0,0,0,0.91,0.91
1024,0.28,0,0,0.67,0.79
1025,0,0,0,1.67,3.33
1026,0.13,0,0,1.39,3.04
1027,0,0,0,0,0
1028,0.33,0,0,0.71,1.1
1029,0.12,0,0,1.17,1.67
1030,0.19,0,0,0.32,0.39
1031,0.19,0,0,2.38,1.62
1032,0.67,0,0,1.33,2
1033,0,0,0,2.11,4.74
1034,0.18,0,0,1.82,2.18
1035,0.34,0,0,3.1,0.86
1036,0.53,0,0,1.58,1.05
1037,0.39,0,0,1.97,2.2
1038,0.19,0,0,1.42,2.71
1039,0,0,0,0,0
1040,0.28,0.09,0.09,1.02,2.13
1041,0,0,0,1,0
1042,0,0,0,0,0
1043,0,0,0,2.5,0.63
1044,0.43,0,0,2,0.64
1045,0.21,0,0,1.12,0.98
1046,0,0,0,1.01,0.86
1047,0.2,0,0,1.02,0.36
1048,0.27,0,0,1.53,0.9
1049,0.17,0,0,2.07,0.69
1050,0.06,0,0,0.88,1.38
1051,0.12,0,0,0.82,1.88
1052,0.29,0,0,0.94,0.76
1053,0.07,0,0,0.89,0.89
1054,0,0,0,0,10
1055,0.29,0,0,1.35,0.99
1056,0.34,0,0,1.24,0.34
1057,0,0,0,1.96,0.87
1058,0.16,0,0,0.82,0.82
1059,0.22,0,0,1.72,0.86
1060,0,0,0,1.44,1.58
1061,0.17,0.08,0,1.9,0.99
1062,0.86,0,0,2.57,4.86
1063,0,0,0,2.38,0.95
1064,0.23,0,0,1.86,0.7
1065,0.29,0,0,1.59,0.58
1066,0.25,0,0,0.93,1.86
1067,0.3,0,0,1.31,0.65
1068,0.29,0,0,0.59,2.35
1069,0,0,0,1.48,1.11
1070,0.09,0,0,1.01,0.37
1071,0,0,0,0,0
1072,0.72,0.29,0.29,1.59,1.01
1073,0,0,0,0.75,0
1074,0,0,0,0,0
1075,0,0,0,0,4.5
1076,0,0,0,0.73,2.18
1077,0.18,0,0,0.35,2.28
1078,0,0,0,10,0
1079,0.14,0,0,1.42,1.42
1080,0.3,0,0,1.82,0
1081,0,0,0,0.23,0.7
1082,0.45,0,0,1.23,0.19
1083,0.17,0,0,2.32,0.85
1084,0,0,0,0,2.73
1085,0.19,0,0,2.69,0.96
1086,0,0,0,0,0
1087,0,0,0,0,0
1088,0,0,0,0.73,2.62
1089,0.13,0,0,1.56,1.3
1090,0,0,0,1.03,0.82
1091,0.26,0,0,1.84,0.26
1092,0.11,0,0,0.06,0.06
1093,0.1,0,0,0.49,0.29
1094,0.79,0,0,3.42,0.79
1095,0.42,0,0,0.83,0.42
1096,0,0,0,0,0.5
1097,0.41,0,0,1.43,1.16
1098,0,0,0,1.43,3.57
1099,0.31,0,0,0.85,1.94
1100,0.26,0,0,0.53,1.45
1101,0,0,0,0.72,1
1102,0.35,0,0,2.37,1.4
1103,0.2,0,0,0.91,1.31
1104,0.85,0.34,0.34,1.36,0.51
1105,0,0,0,0.71,0.89
1106,0.19,0,0,0.75,0.75
1107,0.26,0.05,0.05,0.53,0.21
1108,0,0,0,0,0
1109,0.27,0,0,0.77,2.24
1110,0.88,0.29,0,3.24,1.18
1111,0.3,0,0,0.1,0.1
1112,0.23,0,0,3.37,2.09
1113,1.25,0,0,2.5,1.25
1114,0.05,0,0,0.47,1.3
1115,0.49,0,0,0.85,2.07
1116,0.44,0,0,2.22,0.44
1117,1,0,0,0,2
1118,0.49,0.12,0.12,1.3,1.23
1119,0.32,0.05,0,1.95,1.21
1120,0.1,0,0,1.53,1.43
1121,0.53,0,0,1.05,0.53
1122,0.33,0,0,2.07,1.63
1123,0.06,0,0,0.58,1.79
1124,0.06,0,0,1.6,1.48
1125,0,0,0,0,0
1126,0,0,0,1.9,2.62
1127,0.28,0,0,0.83,1.11
1128,0.26,0,0,1.42,1.03
1129,0.45,0,0,2.73,4.09
1130,0,0,0,0.65,0.65
1131,0.69,0,0,1.9,0.69
1132,1.11,0,0,2.22,0
1133,0.05,0,0,0.83,0.63
1134,1.43,0,0,1.43,0
1135,0.18,0,0,1.1,0.23
1136,0,0,0,0,10
1137,0,0.05,0,0.05,0
1138,0,0,0,0.24,0.98
1139,0,0,0,2.8,0.8
1140,0.28,0,0,1.32,0.9
1141,0,0,0,0.33,3.11
1142,0.95,0,0,2.86,1.19
1143,0.31,0,0,0.94,0.63
1144,0.06,0,0,0.56,1.92
1145,0.35,0,0,1.58,0.53
1146,0,0,0,0,0
1147,0.22,0,0,0.9,0.67
1148,0.09,0,0,1.01,1.06
1149,0.09,0,0,1.13,1.79
1150,0.33,0.08,0.08,0.58,0.91
1151,0,0,0,2.38,0.48
1152,0.29,0,0,1.33,1.62
1153,0,0,0,0,5
1154,0.4,0,0,2.82,2.82
1155,0.2,0,0,1.93,0.87
1156,0,0.06,0,1.77,2.2
1157,0.56,0.08,0.08,1.51,0.48
1158,0,0,0,1.63,0.2
1159,0.15,0,0,1.23,1.08
1160,0.11,0,0,0.95,0.95
1161,0,0,0,0,0
1162,0.83,0,0,3.33,0.83
1163,1,0,0,5,0
1164,0.54,0,0,2.14,1.61
1165,0.23,0,0,0.98,0.98
1166,0,0,0,0,5
1167,0.33,0,0,0.87,0.54
1168,0,0,0,2.29,1.43
1169,0.39,0,0,2.65,0.49
1170,0,0,0,1.19,0.95
1171,0,0,0,0.59,0
1172,0.56,0,0,1.24,3.82
1173,0,0,0,0.68,0.99
1174,0.14,0,0,1.04,0.69
1175,0,0.12,0,0.58,0.93
1176,0.24,0,0,0.71,0.76
1177,0.12,0.06,0,0.65,1.25
1178,0,0,0,2,0
1179,0.1,0,0,0.48,0.29
1180,0.24,0,0,1.46,2.11
1181,0.11,0,0,2.27,1.25
1182,0.16,0,0,1.13,1.29
1183,0.1,0,0,1.21,0.2
1184,0,0,0,1.43,0
1185,0.08,0,0,1.06,0.41
1186,0,0,0,0,0
1187,0.17,0,0,0.5,0.5
1188,0,0,0,3.33,0
1189,0,0,0,0.91,2.73
1190,0,0,0,0.25,2.5
1191,0.36,0,0,0.83,1.07
1192,0.06,0,0,0.89,0.95
1193,0.14,0,0,1.25,0.56
1194,0,0,0,0.18,0.18
1195,0,0,0,2,0
1196,0,0,0,2,4
1197,0.24,0,0,0.49,1.95
1198,0,0,0,2.5,1.11
1199,0.3,0,0,1.82,1.52
1200,0,0,0,0,0
1201,0.29,0.07,0.07,1.16,0.58
1202,0.12,0,0,1.65,0.59
1203,0.16,0,0,1.13,0.65
1204,0.33,0,0,2,0.33
1205,0.3,0,0,1.78,2.81
1206,0.3,0,0,0.75,0.15
1207,0,0,0,1.11,1.94
1208,0.83,0,0,0,2.5
1209,0.48,0,0,1.97,1.06
1210,0,0,0,1.18,0.59
1211,0,0,0,0.32,0.32
1212,0.2,0,0,1.15,0.55
1213,0.21,0,0,0.73,0.94
1214,0.48,0,0,1.43,2.38
1215,0,0,0,0.9,1.03
1216,0.38,0,0,1.54,0.85
1217,0,0,0,0,0
1218,0,0,0,0,2.5
1219,0.28,0,0,0.85,1.62
1220,0.64,0,0,1.28,1.28
1221,0,0,0,0.51,0.26
1222,0.05,0,0,0.63,2.53
1223,0.45,0,0,1.36,1.82
1224,0,0,0,0.91,1.59
1225,0.18,0,0,1.43,0.63
1226,0.49,0,0,1.31,2.46
1227,0.38,0,0,0.77,0.13
1228,0.2,0,0,1.17,0.81
1229,0.19,0,0,1.13,0.19
1230,0,0,0,0.76,0.76
1231,0,0,0,5,1.67
1232,0,0,0,0.59,0
1233,0.15,0,0,1.36,0.3
1234,0.26,0,0,1.85,4.05
1235,0,0,0,0,0.5
1236,0,0,0,0.58,2.09
1237,0.12,0,0,0.72,0.36
1238,0.4,0.06,0.06,1.73,0.52
1239,0.16,0,0,1.9,1.75
1240,0,1.11,0,3.33,2.22
1241,0,0,0,1.46,1.12
1242,0,0,0,1.33,0.67
1243,0.93,0,0,1.3,0.56
1244,0.28,0.07,0.07,1.1,1.86
1245,0,0,0,0,5
1246,0,0,0,0,2
1247,0.38,0,0,2.31,0.38
1248,0,0,0,0.65,0.83
1249,0.14,0,0,1.59,2.46
1250,0.21,0,0,1.77,2.19
1251,0.21,0,0,0.95,0.79
1252,0.11,0,0,0.81,0.7
1253,0.15,0,0,1.88,1.28
1254,0,0,0,0,1
1255,0.22,0,0,0.22,0.22
1256,0.23,0,0,1.58,1.43
1257,0,0,0,0.48,0.4
1258,0,0,0,0,0
1259,0.62,0,0,1.48,0.49
1260,0,0,0,2,6
1261,0.18,0,0,0.83,1.4
1262,0.15,0,0,1.23,0.85
1263,0.36,0,0,1.54,1.66
1264,0,0,0,0,0
1265,0.48,0,0,1.19,0.95
1266,0.4,0,0,2.8,2
1267,0.68,0,0,1.26,1.26
1268,1,0,0,3,4
1269,0,0,0,0.33,0
1270,0.26,0,0,0.79,0.26
1271,0,0,0,0,0
1272,0.59,0,0,2.65,2.94
1273,0.15,0,0,1.58,0.98
1274,0.37,0,0,1.11,1.48
1275,0,0,0,3.33,0
1276,0,0,0,1.01,1.9
1277,0.29,0,0,0.59,1.47
1278,0.24,0,0,1.39,0.48
1279,0.77,0,0,2.31,0
1280,0,0,0,2.96,0.74
1281,0.63,0,0,3.33,0.42
1282,0.2,0,0,0.8,0.2
1283,0.22,0,0,0.82,0.76
1284,1.11,0,0,3.33,0
1285,0.06,0,0,1.31,0.34
1286,0.73,0,0,2.44,1.71
1287,0.25,0,0,1.14,1.46
1288,0.31,0.1,0,0.83,2.19
1289,0.32,0,0,2.05,0.49
1290,0,0,0,0,0
1291,0.49,0,0,2.79,2.3
1292,0.41,0.16,0.16,0.57,0.08
1293,0.14,0,0,0.45,0.23
1294,0.28,0.06,0.06,0.96,1.57
1295,0.43,0,0,2.75,1.16
1296,0.19,0,0,1,0.31
1297,0.54,0,0,0.95,0.14
1298,0.65,0,0,3.23,0.97
1299,0,0,0,0.63,0.31
1300,0.26,0,0,1.41,1.28
1301,0,0,0,0.84,1.26
1302,0.16,0,0,0.63,1.05
1303,0,0,0,0,0.13
1304,0.26,0,0,1.23,0.56
1305,0.32,0,0,1.4,1.34
1306,0.24,0,0,0.96,1.52
1307,0.08,0,0,2.02,0.42
1308,0,0,0,0,0
1309,0.19,0.06,0.06,1.75,2.38
1310,0,0,0,0,0
1311,0,0,0,1.19,0.71
1312,0.37,0,0,1.4,1.68
1313,0.28,0,0,1.81,1.39
1314,0.4,0,0,1.85,2.31
1315,0.52,0,0,1.21,1.72
1316,0.15,0,0,0.35,1.86
1317,0.25,0,0,1.32,0.74
1318,0,0,0,0.41,0.27
1319,0.06,0,0,1.45,0.36
1320,1.25,0,0,1.25,1.25
1321,0.2,0,0,1.67,3
1322,0.21,0,0,1.64,1.85
1323,0,0,0,0,0.25
1324,0.4,0.08,0.08,1.45,0.48
1325,0,0,0,0.96,0.43
1326,0,0,0,1,1
1327,0.26,0,0,1.92,0.9
1328,0.32,0,0,1.08,0.54
1329,0.23,0,0,1.63,1.63
1330,0.24,0,0,1.67,1.19
1331,0,0,0,0,0
1332,0.08,0,0,0.74,0.57
1333,0.07,0,0,0.33,1.12
1334,0.19,0,0,1.42,0.8
1335,0.16,0,0,1.26,0.93
1336,0,0,0,10,0
1337,0,0,0,10,0
1338,0.15,0.07,0.07,1.11,1.48
1339,0.38,0,0,0.75,1.13
1340,0,0,0,1,1
1341,0,0,0,1.16,0.47
1342,0.14,0,0,1.44,1.51
1343,0,0,0,1.19,1.03
1344,0.64,0,0,2.98,1.49
1345,0.67,0,0,1.33,0
1346,0,0,0,1.36,3.18
1347,0,0,0,0,0
1348,0.67,0,0,0.67,0
1349,0,0,0,0.66,1.75
1350,0.17,0,0,2.75,1.67
1351,0.32,0,0,1.94,2.58
1352,0,0,0,0,10
1353,0.35,0,0,1.06,1.53
1354,0.42,0,0,1.58,0.53
1355,0.26,0,0,2.31,0.77
1356,0,0,0,3.33,0
1357,0,0,0,0.9,1.23
1358,0,0,0,0,0.36
1359,0.09,0,0,2.01,1.59
1360,0,0,0,0.83,0.83
1361,0,0,0,0.99,0.54
1362,0.1,0.05,0.05,0,0.14
1363,0.83,0,0,1.67,4.17
1364,0.53,0,0,2.27,0.67
1365,0.53,0,0,1.05,0.53
1366,0,0,0,0.98,1.22
1367,0,0,0,0.25,0.88
1368,0.32,0,0,1.11,0.95
1369,0.52,0.07,0.07,3.56,1.11
1370,0,0,0,1.92,0.77
1371,0,0,0,1.32,2.08
1372,0,0,0,0.61,0.82
1373,0.22,0,0,1.33,2.67
1374,0,0,0,0.71,0
1375,0,0,0,0,0.48
1376,0.06,0,0,0.53,0.88
1377,2,0,0,2,4
1378,0,0,0,0.59,0
1379,0.08,0,0,0.86,1.33
1380,0,0,0,1.37,1.18
1381,0.08,0,0,1.69,1.29
1382,2.5,0,0,3.33,1.67
1383,0,0,0,2.5,3.33
1384,0,0,0,0.49,0.82
1385,0.2,0,0,1.63,1.43
1386,0.37,0.07,0.07,0.81,1.99
1387,0,0,0,0.67,1.67
1388,0.4,0,0,1.01,1.92
1389,0,0,0,0.36,1.79
1390,0.34,0,0,0.93,0.25
1391,10,0,0,0,0
1392,0,0,0,0.34,0.14
1393,0.37,0,0,0.67,2.07
1394,0,0,0,0.19,0.09
1395,0,0,0,1.11,2.22
1396,0.09,0,0,1.79,1.51
1397,0.14,0,0,1.21,1.73
1398,0.05,0,0,0.41,0.55
1399,0.35,0.07,0.07,1.39,0.42
1400,0.26,0,0,1.19,1.06
1401,0.36,0.06,0.06,0.77,1.01
1402,0,0,0,5,0
1403,0.1,0.1,0,0.1,0
1404,0,0,0,0,0
1405,0,0,0,0.05,0.14
1406,0.38,0.06,0,1.78,1.21
1407,0.12,0.06,0,1.54,1.11
1408,0,0,0,0.41,0.41
1409,0.24,0.06,0.06,0.67,0.36
1410,0.08,0,0,1.09,0.39
1411,0,0,0,0.54,0.95
1412,0,0,0,0,0
1413,0,0,0,0,0
1414,1.43,0.48,0.48,1.43,0.95
1415,0.11,0.11,0,1.4,0.54
1416,0,0,0,1.11,0
1417,0.19,0,0,0.77,0.96
1418,0.1,0,0,0,0.05
1419,0,0,0,1.03,0.88
1420,0,0.1,0,0.5,1.49
1421,0.08,0,0,1.58,1.05
1422,0.66,0,0,2.12,1.66
1423,0.14,0,0,0.91,1.14
1424,0,0,0,0,0.1
1425,0.63,0,0,3.04,1.39
1426,0,0,0,0,0
1427,0.14,0.07,0.07,1.55,1.42
1428,0.71,0,0,3.57,4.29
1429,0,0,0,0,0
1430,0.2,0,0,0.8,1.6
1431,0,0,0,0.29,1.18
1432,0.28,0,0,1.12,0.65
1433,0.05,0,0,0.47,0.93
1434,0.22,0,0,1.04,0.67
1435,0,0,0,0.4,0
1436,0.15,0,0,0.82,1.12
1437,0.43,0,0,2.17,0.72
1438,0.1,0,0,0.83,0.83
1439,0.16,0,0,0.49,0.49
1440,0.14,0,0,0.14,0.29
1441,0,0,0,2.22,1.11
1442,0.12,0,0,1.18,0.59
1443,0,0,0,0,0
1444,0.14,0,0,0.83,0.28
1445,0,0,0,0,0
1446,0.09,0,0,1.42,0.8
1447,0,0,0,0,0.1
1448,0.17,0,0,1.21,2.41
1449,0.05,0,0,0.72,1.91
1450,0.26,0,0,1.6,1.28
1451,0.24,0,0,1.83,0.4
1452,0.25,0.08,0,0.85,0.76
1453,0.16,0,0,1.23,1.8
1454,0.09,0,0,0.52,2.35
1455,0.11,0,0,1.02,1.34
1456,0.14,0,0,0.9,1.88
1457,0.05,0.05,0,0.05,0.05
1458,0.14,0,0,0.72,1.3
1459,0.29,0,0,0.87,0.87
1460,0,0,0,0,0
1461,0.48,0,0,0.89,0.65
1462,0.16,0,0,0.05,0.21
1463,0.11,0,0,1.48,1.36
1464,0.49,0.25,0.12,1.98,1.48
1465,0.15,0,0,1.47,0.51
1466,0.16,0,0,0.77,0.99
1467,0,0,0,0.48,0.48
1468,0.21,0,0,0.85,0.85
1469,0.17,0,0,1.38,1.03
1470,0,0,0,0,0
1471,0.24,0,0,2.52,2.13
1472,0.18,0,0,1.74,1.93
1473,5,0,0,5,0
1474,0,0,0,1.25,1.25
1475,0.29,0,0,0.87,0.52
1476,0.18,0,0,0.48,0.67
1477,0.15,0,0,0.45,0.61
1478,0,0,0,0.91,0.91
1479,0.13,0.06,0,1.57,1.26
1480,0,0,0,0.91,0.23
1481,0.16,0,0,1.21,0.66
1482,0.36,0,0,1.39,2
1483,0,0,0,0,0
1484,0.3,0,0,1.95,0.75
1485,0,0,0,0,0
1486,0,0,0,0,0
1487,0.16,0.11,0.05,0.58,0.74
1488,0.52,0,0,1.43,0.78
1489,0.3,0,0,1.11,0.91
1490,0,0,0,1.01,1.88
1491,0,0,0,0,1.67
1492,0.35,0,0,1.1,1.4
1493,0.2,0.07,0,1.9,2.03
1494,0,0,0,1.5,1.5
1495,0.43,0,0,1.21,2.55
1496,0,0,0,0.83,0.83
1497,0.23,0.06,0,0.98,1.85
1498,0,0,0,2.14,0
1499,0,0,0,2.5,0
1500,0.14,0,0,1.51,1.23
1501,0.64,0.21,0,1.91,0.64
1502,0,0,0,0.47,2.08
1503,0.27,0,0,1.46,1.57
1504,0.7,0,0,0.7,0.47
1505,0,0,0,1.43,1.43
1506,0.2,0,0,0.7,1.7
1507,0.1,0,0,0.97,0.68
1508,0,0,0,0,0.14
1509,0,0,0,0.9,0.98
1510,0.43,0,0,0.57,0.57
1511,0.22,0,0,2.81,1.69
1512,0.22,0,0,1.01,1.46
1513,0,0,0,0.71,1.43
1514,0.45,0,0,1.36,0.45
1515,0,0,0,0.63,0.63
1516,0.32,0,0,2.23,0.85
1517,10,0,0,10,0
1518,0,0,0,1.39,2.22
1519,0.61,0,0,2.42,0.91
1520,1,0,0,4,0.5
1521,0,0,0,0.88,1.76
1522,0.33,0,0,1.64,1.8
1523,0.49,0,0,1.46,1.46
1524,0.22,0,0,2.24,0.97
1525,0,0,0,2.5,0
1526,0.05,0,0,0.05,0.1
1527,0,0,0,5,0
1528,0.2,0,0,1.19,0.84
1529,0.05,0,0,0.05,0.1
1530,0.16,0,0,1.74,1.41
1531,0,0,0,2.04,1.02
1532,0.49,0,0,1.86,0.88
1533,0.1,0,0,1.19,1.68
1534,0.13,0,0,1.17,1.56
1535,0.3,0,0,2.02,0.71
1536,0,0,0,0,0
1537,0,0,0,0,0
1538,0,0,0,5,0
1539,0,0,0,0.91,0
1540,0,0,0,1.44,1.21
1541,0,0,0,3.33,1.11
1542,0.42,0.21,0,1.88,2.5
1543,0.5,0,0,1.25,1.5
1544,0.1,0,0,1.59,1.49
1545,0.11,0,0,0,0.21
1546,0.22,0,0,1.2,1.36
1547,0,0,0,0.83,0
1548,0.29,0,0,1,1.41
1549,0,0,0,0,10
1550,0.17,0,0,1.5,0.5
1551,0.56,0,0,1.11,1.94
1552,0.16,0,0,0.79,0.48
1553,0.45,0,0,0.8,0.36
1554,2,0,0,4,0
1555,0.28,0,0,2.78,0.56
1556,0.3,0,0,1.08,0.78
1557,0.12,0.06,0.06,0.97,0.18
1558,0.25,0,0,1.1,0.34
1559,0.23,0,0,1.7,2.27
1560,0,0,0,0,0
1561,0.1,0,0,0.34,0.39
1562,0,0,0,0.67,1.33
1563,0.18,0,0,1.4,1.32
1564,0.27,0,0,2.19,1.51
1565,0,0,0,4.12,1.76
1566,0,0,0,0.78,0.59
1567,0.06,0,0,1.08,0.51
1568,0,0,0,4,0
1569,0.67,0,0,2.67,0.67
1570,0,0,0,1.13,0.32
1571,0.95,0,0,3.33,1.43
1572,0.1,0,0,1.3,1.3
1573,0.4,0,0,1,2.47
1574,0.16,0,0,0,0.16
1575,0.11,0,0,0.89,1
1576,0.05,0,0,1.67,2.2
1577,0.23,0,0,0.98,0.46
1578,0.15,0,0,0.69,1.45
1579,0,0,0,0,0
1580,0,0,0,1.62,1.08
1581,0.19,0,0,0.7,0.52
1582,0.29,0,0,0.87,0.64
1583,0,0,0,0.59,0
1584,0.13,0,0,0,0.07
1585,0.09,0,0,1.04,0.35
1586,0,0,0,1.67,0.83
1587,0,0,0,0,0
1588,4,0,0,10,2
1589,0.67,0,0,2,2
1590,0.33,0,0,1,0.5
1591,0.35,0,0,1.75,0.88
1592,0.15,0,0,1.03,0.66
1593,0.14,0,0,0.56,0.56
1594,0,0,0,0.93,0.41
1595,0,0,0,0,0.4
1596,0.14,0,0,1.82,1.35
1597,0.38,0,0,1.27,2.03
1598,0,0,0,1.88,5
1599,0.11,0.11,0,1.02,1.14
1600,0.32,0,0,0.82,0.89
1601,0.91,0,0,1.82,1.82
1602,0,0,0,0,0
1603,0,0,0,0.32,0.65
1604,0,10,0,10,0
1605,0.17,0,0,1.17,1.17
1606,0.17,0,0,0.72,1.61
1607,0,0,0,1.61,0.81
1608,0.15,0,0,1.13,0.6
1609,0.63,0,0,2.5,0
1610,0.18,0,0,0.55,1.17
1611,0,0,0,0.5,0.17
1612,0.09,0,0,0.61,0.56
1613,0.22,0,0,0.71,0.65
1614,0,0,0,0,0
1615,0,0,0,0,10
1616,0.29,0,0,1.47,1.91
1617,0.25,0,0,0.49,0.25
1618,0.71,0,0,2.86,0
1619,0,0,0,1.11,0.6
1620,0.18,0,0,0.37,0.64
1621,0.6,0,0,2.26,0.6
1622,0.35,0,0,1.06,1.13
1623,0.26,0,0,1.27,0.63
1624,0.05,0,0,0.49,0.49
1625,0.36,0,0,1.43,1.79
1626,0.39,0,0,1.18,1.57
1627,0.23,0,0,2.05,2.5
1628,0.25,0,0,1.08,1.83
1629,0.17,0.17,0,2.2,1.36
1630,0,0,0,1.54,1.54
1631,5,0,0,5,0
1632,0.13,0,0,1.04,0.39
1633,0.2,0,0,1.6,1.3
1634,0.12,0,0,0.97,0.85
1635,0.31,0,0,2.36,1.8
1636,0,0,0,0,0
1637,0,0,0,1.58,0
1638,0,0,0,0.4,2.8
1639,0.44,0.06,0.06,2.28,1.28
1640,0.12,0,0,0,0.24
1641,0.16,0,0,0.32,1.36
1642,0,0,0,0.64,1.28
1643,0.39,0,0,1.63,0.54
1644,0.29,0,0,0.69,0.35
1645,0,0,0,0,0
1646,0.28,0,0,2.73,1.54
1647,0.07,0,0,0.5,0.78
1648,0,0,0,0,5
1649,0.42,0,0,2.35,1.93
1650,0.1,0,0,0.05,0.1
1651,0,0,0,0.17,1.54
1652,0.1,0,0,1.53,1.63
1653,0.32,0,0,1.9,0.63
1654,0,0,0,0,0
1655,0.69,0,0,2.41,0.69
1656,0,0,0,0,10
1657,0,0,0,3.33,3.33
1658,0.14,0,0,1.68,0.91
1659,0.27,0.09,0.09,1.09,1.55
1660,0.71,0,0,2.86,0.71
1661,0.36,0,0,1.19,2.58
1662,0.09,0,0,0,0.18
1663,0.07,0,0,1.19,1.48
1664,0,0,0,2.42,0.61
1665,0.23,0.08,0.08,1.32,0.7
1666,0.3,0,0,0.97,2.46
1667,0.51,0,0,1.28,1.28
1668,0.16,0,0,1.15,1.31
1669,5,0,0,10,0
1670,0.21,0,0,0.87,0.15
1671,0.38,0,0,1.54,1.15
1672,0.38,0,0,2.26,1.32
1673,0.21,0,0,0.68,0.63
1674,0.19,0,0,1.4,0.47
1675,0.12,0,0,1.06,0.94
1676,0,0,0,0.39,1.4
1677,0,0,0,1.33,0.67
1678,0.11,0,0,1.74,1.63
1679,0.25,0.06,0,1.05,0.43
1680,0,0,0,0.49,0.97
1681,0.28,0,0,1.6,1.71
1682,0.26,0,0,0.6,0.26
1683,0.34,0,0,1.19,1.36
1684,0.23,0,0,1.25,1.17
1685,0.48,0,0,1.45,0.72
1686,0.32,0,0,1.12,0.56
1687,0,0,0,0,0.56
1688,0.06,0,0,1.1,1.1
1689,0,0,0,2.39,1.49
1690,0,0,0,0.51,0.38
1691,0,0,0,0.59,1.96
1692,0.67,0,0,1.33,1
1693,5,0,0,0,0
1694,0.2,0.07,0,0.65,0.46
1695,0.4,0,0,1.6,1.2
1696,0.59,0,0,3.53,2.35
1697,0.22,0,0,0.87,1.52
1698,0.22,0,0,1.47,0.44
1699,0.45,0,0,2.16,1.17
1700,0.57,0,0,1.14,0.86
1701,0.38,0,0,3.08,1.54
1702,0.45,0.11,0,1.24,0.56
1703,0,0,0,0,0.1
1704,0,0,0,0.5,1
1705,0,0,0,1.77,2.26
1706,0,0,0,0,0
1707,0.23,0,0,1.71,2.79
1708,0,0,0,1.43,1.43
1709,0.6,0,0,1.79,0.75
1710,0.42,0,0,2.5,1.67
1711,0.07,0,0,1.13,1.27
1712,0,0,0,0.43,0.87
1713,0.2,0,0,0.69,0.69
1714,0,0,0,10,10
1715,0.34,0,0,1.91,1.35
1716,0.63,0.16,0.16,3.02,3.49
1717,0,0.56,0,0.56,0.56
1718,0,0,0,3.33,0
1719,0,0,0,0.65,0.43
1720,5,0,0,10,0
1721,0,0,0,0,0.63
1722,0.09,0,0,1.26,1.71
1723,0,0,0,2.07,1.38
1724,0,0,0,0.57,0.67
1725,0,0,0,1.93,1.4
1726,0.18,0,0,1.4,1.52
1727,0,0,0,0.91,2.73
1728,0.13,0,0,2.31,2.82
1729,0.13,0,0,1.48,0.65
1730,0,0,0,1.67,0
1731,0.39,0,0,1.09,0.78
1732,0,0,0,0,1
1733,0,0,0,0.63,1.88
1734,0,0,0,1.25,1.07
1735,0,0,0,0,0
1736,0,0,0,0,0.11
1737,0,0,0,0.22,0.44
1738,0,0,0,0.48,1.43
1739,0.25,0,0,1.88,1.5
1740,0.08,0,0,0.65,3.74
1741,0,0,0,1.67,0.48
1742,0,0,0,20,10
1743,0.31,0.31,0.16,1.41,1.09
1744,0.39,0,0,1.18,1.71
1745,0.22,0.05,0,1.9,1.2
1746,0,0,0,1.13,0.65
1747,0.48,0,0,1.19,0.48
1748,0.45,0,0,1.68,1.61
1749,0.07,0,0,0.73,1.52
1750,0.07,0,0,0,0.26
1751,1.25,0,0,3.75,0
1752,0,0,0,0,0.15
1753,0,0,0,0.83,0.42
1754,0.15,0,0,0.96,0.66
1755,0.17,0.09,0,1.03,0.68
1756,0.16,0,0,1.32,0.37
1757,0,0,0,0,0
1758,0,0,0,1.18,0.29
1759,0.08,0,0,0.91,0.58
1760,0.36,0,0,1.25,0.71
1761,0.24,0,0,0.98,1.22
1762,0,0,0,0.63,5.63
1763,0.16,0,0,1.11,0
1764,0.57,0,0,2,1.71
1765,0.25,0,0,0.34,1.68
1766,0,0,0,0,0
1767,0.37,0,0,2.22,0.37
1768,0.45,0,0,0.91,1.36
1769,0.28,0,0,1.94,2.22
1770,0.3,0,0,1.7,0.7
1771,0.49,0,0,1.48,2.62
1772,0,0,0,0.48,1.13
1773,0,0,0,2.86,2.86
1774,1.54,0,0,3.08,0.77
1775,0.26,0,0,0,0.26
1776,0.15,0,0,0.75,1.04
1777,0,0,0,1.88,0
1778,0,0,0,0,0.08
1779,0,0,0,0.68,1.19
1780,0.33,0,0,0.81,0.38
1781,0.36,0.06,0.06,1.51,3.8
1782,0,0,0,3.75,1.88
1783,0,0,0,0,2.22
1784,0,0,0,1.67,0
1785,0,0,0,0,3.75
1786,0.17,0.17,0,2.35,2.35
1787,0.1,0.1,0,0.5,0.69
1788,0.2,0.05,0.05,0.79,0.94
1789,0.23,0,0,2.09,1.16
1790,0.1,0,0,1.29,1.19
1791,0.91,0,0,0.91,0
1792,1.17,0,0,4,0.33
1793,0.32,0.05,0,0.59,0.64
1794,0,0,0,10,0
1795,0.32,0,0,1.27,0.32
1796,0,0,0,0,15
1797,0.11,0,0,2.53,1.95
1798,0.07,0,0,0.7,1.69
1799,0.32,0,0,0.54,2.69
1800,0,0,0,10,0
1801,0.16,0,0,0.89,3.06
1802,0.22,0,0,0.89,0.89
1803,0,0,0,3,1
1804,0,0,0,0,0
1805,0,0.77,0,3.08,3.85
1806,0.09,0,0,0,0.04
1807,0.06,0,0,1.67,1.54
1808,0.09,0.09,0,1.09,0.91
1809,0.26,0,0,0.89,0.89
1810,0.23,0,0,0.93,0.47
1811,0.19,0,0,1.48,0.19
1812,0,0,0,0,0
1813,0.28,0.09,0,1.85,0.28
1814,0,0,0,0,0
1815,0.23,0,0,2.15,1.19
1816,0.09,0,0,1.4,0.93
1817,0.31,0,0,0.77,2.31
1818,0.16,0,0,1.61,0.81
1819,0.06,0,0,0,0.17
1820,0.17,0,0,2.63,2.03
1821,0.65,0,0,1.29,2.26
1822,0,0,0,0,0
1823,0,0,0,0.51,0.51
1824,0,0,0,1.36,0
1825,0,0,0,0,0.38
1826,0.19,0,0,0.67,0.38
1827,0.25,0,0,0.81,1.5
1828,0.32,0,0,1.38,0.74
1829,0,0,0,1.43,5.71
1830,0.31,0,0,0.93,1.24
1831,0,0,0,5,0
1832,0,0,0,1.54,1.54
1833,0.13,0,0,0.85,1.76
1834,0.27,0,0,1.31,0.66
1835,0.16,0,0,1.56,1.25
1836,0.17,0,0,1.02,1.69
1837,0,0,0,0.96,3.25
1838,0,0,0,0,0
1839,0.53,0.53,0,0.53,0.53
1840,0.08,0.08,0,0.08,0.23
1841,0,0,0,0,0
1842,0,0,0,1.18,1.47
1843,0.36,0,0,1.82,2.06
1844,0.08,0,0,0,0
1845,0.5,0,0,0.75,2
1846,0.16,0,0,1.87,1.24
1847,0,0,0,0,0
1848,0,0,0,2.31,0.77
1849,0,0,0,1.84,2.24
1850,0.07,0,0,1.46,1.92
1851,0.05,0,0,0.68,0.95
1852,0.19,0,0,1.23,0.58
1853,0.16,0,0,1.11,1.9
1854,0.28,0,0,1.76,3.06
1855,0,0,0,0,0
1856,0.23,0.08,0,1.64,2.11
1857,0,0,0,0,0
1858,0.34,0,0,0.69,2.41
1859,0.13,0,0,1.67,1.41
1860,0,0,0,2.25,0.5
1861,0.38,0,0,1.01,1.65
1862,0,0,0,0.69,1.38
1863,0.17,0.06,0.06,0.87,2.5
1864,0.29,0,0,0.86,0.86
1865,0,0,0,2,0
1866,0,0,0,0,2.5
1867,0.08,0,0,0.88,1.92
1868,0,0,0,0,0
1869,0.11,0,0,1.49,2.99
1870,0.12,0,0,0.6,0.6
1871,0,0,0,0,2
1872,0,0,0,0.86,1.14
1873,0,0,0,1.05,1.58
1874,0.38,0,0,1.3,1.53
1875,0.18,0,0,0.53,0.88
1876,0,0,0,0,0
1877,0,0,0,0,0
1878,0,0,0,0,0
1879,0.27,0,0,1.2,0.67
1880,0.45,0.23,0,2.27,2.73
1881,0,0,0,0,0
1882,0.11,0,0,1.18,1.4
1883,0.31,0,0,1.63,0.62
1884,0,0,0,0,0
1885,0.18,0,0,1.2,3.23
1886,0.37,0,0,1.15,1.24
1887,0.2,0.07,0.07,0.79,0.07
1888,0.77,0,0,0.77,2.31
1889,0.1,0,0,0.72,0.43
1890,0.16,0,0,1.15,0.82
1891,0.5,0,0,2,2.5
1892,0,0,0,1.11,1.11
1893,0,0,0,20,0
1894,0.25,0,0,2.25,1.5
1895,0,0,0,1.11,1.67
1896,0,0,0,0.63,0.63
1897,0.3,0,0,0.91,2.42
1898,0.34,0,0,1.72,1.03
1899,0,0,0,0,1.67
1900,0.1,0,0,0.72,1.95
1901,0.27,0.05,0,0.96,2.29
1902,0,0,0,0,0
1903,0,0,0,0,0
1904,0.12,0,0,1.11,0.64
1905,0,0,0,10,0
1906,0.18,0,0,1.49,1.05
1907,0,0,0,0,2
1908,0,0,0,10,0
1909,0,0,0,0.22,0.11
1910,0.05,0,0,0,0
1911,0.27,0,0,0.73,0.91
1912,0,0,0,0,1.11
1913,0.12,0.12,0,0.85,0.85
1914,0.13,0,0,0.92,0.72
1915,0,0,0,0,0.21
1916,0,0,0,0.64,1.79
1917,0.31,0,0,2.81,0.63
1918,0.33,0,0,1.33,0.33
1919,0.17,0,0,1.04,1.04
1920,0.11,0,0,1.29,1.08
1921,0.12,0,0,0.41,1.93
1922,0.08,0,0,0.81,1.61
1923,0.18,0,0,2.11,0.83
1924,0,0,0,0,0.5
1925,0,0,0,0,0
1926,0.49,0,0,2.2,3.17
1927,0.11,0,0,0.84,2.07
1928,0.16,0,0,1.29,1.29
1929,0,0,0,2.5,2.5
1930,0,0,0,0,0
1931,0.14,0.14,0,2.19,0.55
1932,0.14,0,0,0,0.29
1933,0.15,0,0,0.81,2.28
1934,0,0,0,0,0
1935,0.48,0,0,2.22,0.95
1936,0,0,0,0,4
1937,0,0,0,2.5,3.21
1938,0.28,0,0,1.32,1.13
1939,0,0,0,0.5,2
1940,0.15,0,0,0.83,0.38
1941,0.17,0,0,1.58,2
1942,0,0,0,0,0
1943,0.23,0,0,0.87,1.45
1944,0,0,0,1.67,2.86
1945,0,0,0,0,0
1946,0.21,0,0,1.47,1.68
1947,2,0,0,4,2
1948,0.27,0,0,1.81,2.48
1949,0.43,0,0,0.71,0.57
1950,0.15,0,0,0.88,1.03
1951,0.17,0.06,0,0.86,0.17
1952,0,0,0,0,0.15
1953,0.19,0,0,1.27,0.13
1954,0.15,0,0,1.22,0.76
1955,0.12,0,0,0.93,0.93
1956,0.1,0,0,0.79,0.89
1957,0.12,0,0,1.12,1.65
1958,0.1,0,0,1.25,1.56
1959,0,0,0,0.95,0.48
1960,0.63,0,0,2.5,0.63
1961,0.13,0.13,0,0.75,0.75
1962,0.14,0,0,1.81,0.83
1963,0.14,0.14,0,1.81,0.97
1964,0,0,0,0,5.38
1965,0,0,0,0,0
1966,0,0,0,15,0
1967,0,0,0,1.43,0
1968,0.23,0,0,1.56,1.88
1969,0,0,0,0.95,1.43
1970,0,0,0,2.86,0
1971,0.39,0,0,1.16,0.58
1972,0.2,0,0,0.05,0.1
1973,0.43,0,0,0.98,0.43
1974,4,2,2,6,2
1975,0.41,0,0,1.64,1.1
1976,0.14,0,0,0.76,1.17
1977,0,0,0,0.29,0.29
1978,0.24,0,0,2.66,1.94
1979,0.47,0.23,0,1.63,0.47
1980,0.15,0,0,1.67,0.3
1981,0,0,0,0,1.11
1982,0.14,0,0,1.06,2.11
1983,0,0,0,0.69,1.76
1984,0.15,0,0,0.96,1.62
1985,0.26,0,0,1.38,1.55
1986,0.31,0,0,3.75,0.63
1987,0.27,0,0,1.51,1.3
1988,0,0,0,0,0
1989,0.11,0,0,1.09,1.85
1990,0.38,0,0,3.65,1.35
1991,0.26,0,0,3.03,0.79
1992,0.08,0,0,1.19,1.59
1993,0.23,0,0,1.7,0
1994,0.14,0,0,0,0
1995,0.37,0,0,2.96,0.74
1996,0.22,0,0,1.61,1.09
1997,0,0,0,0,3.75
1998,0.25,0,0,0.25,0.5
1999,0.51,0.13,0.13,1.41,1.92
2000,0.07,0,0,1.32,0.74
2001,10,5,5,10,0
2002,0.5,0,0,4,4
2003,0,0,0,2.5,3.75
2004,0,0,0,0.35,0.7
2005,0.24,0,0,1.19,1.67
2006,0,0,0,1,2
2007,0.07,0.07,0,0.79,1.18
2008,2.5,0,0,0,0
2009,0.25,0,0,1.76,1.85
2010,0,0,0,0,0.05
2011,0.23,0,0,0.7,0.94
2012,0,0,0,0,0
2013,0,0,0,0,0
2014,0.97,0,0,0.65,2.26
2015,0.15,0,0,1.32,2.06
2016,0.59,0,0,4.12,0.59
2017,0,0,0,0,0
2018,0.5,0,0,0.75,2
2019,0,0,0,1.82,1.45
2020,0,0,0,0,0
2021,0,0,0,0,0
2022,0.97,0.32,0.32,1.61,3.55
2023,0.19,0,0,1.16,1.55
2024,0.1,0,0,1.47,0.69
2025,0.13,0.13,0,0.53,0.93
2026,0,0,0,0,0.11
2027,0,0,0,0,0
2028,0.3,0,0,1.2,0.8
2029,0.1,0,0,0.05,0.14
2030,0.29,0.1,0,1.14,1.33
2031,0,0,0,0,0
2032,0.35,0,0,1.83,0.87
2033,0.17,0,0,0.83,0.67
2034,0,0,0,10,0
2035,0.18,0.06,0,1.18,0.94
2036,0,0,0,0,0.14
2037,0.09,0,0,1.15,1.33
2038,0.29,0,0,1.09,1.9
2039,0,0,0,1.05,1.05
2040,0,0,0,4,0
2041,0.19,0,0,0.94,1.89
2042,0,0,0,0,2
2043,0.28,0,0,0.75,1.59
2044,0,0,0,2.5,0
2045,0.07,0,0,1.33,1.19
2046,0.1,0,0,0.4,0.75
2047,0.16,0,0,0.78,0.78
2048,0,0,0,0,0
2049,0.08,0,0,1.5,1.89
2050,0.15,0,0,1.22,0.99
2051,0,0,0,1.25,1.43
2052,0.05,0,0,0,0.09
2053,0.09,0,0,0.48,0.26
2054,0.7,0,0,2.28,1.4
2055,0.2,0,0,1.28,0.54
2056,0,0,0,0,0
2057,0.25,0,0,0.94,0.69
2058,2,1,1,1,3
2059,0.35,0,0,1.53,0.79
2060,0.2,0,0,0,0
2061,0,0,0,0,3.33
2062,0.27,0,0,1.89,1.08
2063,0.29,0,0,0.57,2.29
2064,0,0,0,0,0
2065,0.14,0,0,1.76,0.41
2066,0.05,0,0,0,0
2067,0,0,0,2.86,1.43
2068,0.23,0,0,1.49,1.26
2069,0,0,0,0,0
2070,0.28,0,0,1.07,2.3
2071,0.18,0,0,0.71,2.32
2072,0,0,0,0,0
2073,0.48,0,0,2.86,2.86
2074,0.2,0,0,0.4,0.8
2075,0,0,0,0,2.5
2076,0.3,0,0,0.98,2.63
2077,0.14,0,0,0.77,0.23
2078,0,0,0,0.26,0.26
2079,0.36,0,0,1.25,2.14
2080,0.31,0,0,1.88,1.98
2081,0.17,0,0,1.38,1.81
2082,0,0,0,2,0
2083,0.05,0,0,0.05,0.1
2084,0.2,0.07,0,1.84,1.02
2085,0,0,0,0,0
2086,0.27,0,0,2.05,1.88
2087,0,0,0,1.21,1.56
2088,0,0,0,0,0
2089,0.17,0,0,1,0.83
2090,0.3,0,0,1.45,2.67
2091,0,0,0,0.68,0.48
2092,0.26,0,0,0.83,0.62
2093,1.43,0,0,1.43,5.71
2094,0.25,0,0,1.23,0.93
2095,0.23,0,0,1.8,0.63
2096,0,0,0,0,0
2097,0.25,0,0,1.38,1.63
2098,0.15,0.08,0,0.77,1
2099,0.16,0,0,1.61,0.57
2100,0.21,0,0,1.11,0.28
2101,0,0,0,0.4,2.3
2102,0,0,0,0.87,1.3
2103,0.23,0,0,1.13,1.5
2104,0.38,0,0,2.08,1.38
2105,0.24,0,0,1.28,1.65
2106,0,0,0,1.67,3.33
2107,0,0,0,1.05,0.46
2108,0.08,0,0,0.98,1.89
2109,0,0,0,0.19,0.29
2110,0.56,0,0,1.44,0.44
2111,0.27,0,0,0.71,1.15
2112,0.05,0,0,0.96,0.66
2113,0.53,0.08,0.08,1.65,0.38
2114,10,0,0,10,10
2115,0,0,0,1.33,4
2116,0,0,0,1.25,2.5
2117,0.29,0,0,2.06,0.65
2118,0.34,0,0,1.21,0.86
2119,0,0,0,0,0
2120,0,0,0,3.33,0
2121,0.25,0,0,1.62,0.81
2122,0.28,0,0,1.34,0.78
2123,0.46,0,0,1.38,0.64
2124,0,0,0,0,0
2125,0,0,0,1.18,0.59
2126,0.09,0,0,0.59,0.37
2127,0,0,0,5,0
2128,0,0,0,1.11,1.67
2129,0.2,0.1,0,1.33,1.12
2130,3.33,0,0,3.33,3.33
2131,0.07,0,0,0.6,0.67
2132,0.71,0.18,0,1.79,1.07
2133,0.26,0,0,1.54,0.51
2134,0.07,0,0,0.29,0.15
2135,0.21,0,0,2.34,0.64
2136,0,0,0,1.03,0
2137,0.2,0,0,0.98,0.78
2138,0.13,0,0,0.93,1.66
2139,0.33,0,0,1.74,0.98
2140,1.43,0,0,2.86,4.29
2141,0,0,0,0.67,0.67
2142,0,0,0,0.25,0.25
2143,0.07,0,0,0,0.07
2144,0,0,0,0,1.25
2145,0,0,0,1.67,3.33
2146,0.18,0,0,1.52,1.7
2147,0.17,0,0,1.39,1.04
2148,0.25,0,0,2,1.25
2149,0.06,0,0,0,0.19
2150,0,0,0,0,0.18
2151,0,0,0,0.99,1.89
2152,0.33,0.33,0,1.33,0.33
2153,0.39,0,0,2.25,3.04
2154,1,0,0,2,0
2155,0.29,0,0,1,0.14
2156,0.14,0,0,1,0.64
2157,0.37,0,0,3.33,0.74
2158,0,0,0,3.33,1.11
2159,0.13,0,0,1.97,1.58
2160,0.3,0,0,2.88,0.15
2161,0.14,0,0,0.42,1.55
2162,0,0,0,2.31,0.26
2163,0.37,0,0,1.11,1.48
2164,0.2,0,0,1.15,1.65
2165,0.06,0,0,0.75,1.09
2166,0.18,0,0,0.35,0.7
2167,0.83,0,0,2.5,2.5
2168,0,0,0,0,0
2169,0,0,0,0.71,0.61
2170,0.09,0,0,0.54,0.72
2171,0.19,0,0,0.77,0.43
2172,0,0,0,0,0
2173,0.24,0,0,1.19,0.14
2174,0.57,0,0,2.83,3.02
2175,0.21,0.05,0,0.95,1.01
2176,0.65,0,0,0.97,1.61
2177,0,0,0,1.18,0.75
2178,2.5,0,0,7.5,0
2179,0.17,0.06,0,1.37,1.49
2180,0.05,0,0,0,0.09
2181,0,0,0,0.45,2.27
2182,1.67,0,0,1.67,1.67
2183,0.57,0,0,1.71,2
2184,0.15,0,0,1.36,1.67
2185,0.46,0,0,2.78,1.3
2186,0.25,0,0,1.57,1.16
2187,0,0,0,0,0
2188,0.13,0,0,1.4,2.04
2189,0,0,0,3.19,0.85
2190,0.12,0,0,1.53,1.47
2191,0.56,0,0,2.11,1.55
2192,0.16,0,0,0.78,0.63
2193,0,0,0,1.01,2.78
2194,0.44,0,0,1.38,0.25
2195,0,0,0,0.75,0.86
2196,0.05,0,0,0.05,0
2197,0,0,0,0.36,0.6
2198,0.24,0.08,0,1.5,1.26
2199,0.29,0,0,0.88,1.18
2200,0,0,0,0,0
2201,0,0,0,0,20
2202,0,0,0,2.38,2.38
2203,0.43,0,0,1.49,2.13
2204,0.23,0,0,1.28,0.81
2205,0.37,0,0,0.86,1.6
2206,0,0,0,0.91,0.91
2207,0.24,0,0,0.98,1.22
2208,0.15,0,0,1.03,1.84
2209,0.56,0,0,2.22,2.22
2210,0,0,0,5,0
2211,0.5,0,0,1.5,0.5
2212,0.22,0,0,1.01,1.52
2213,0.17,0.06,0,2.2,3.24
2214,0,0,0,0,0
2215,0.16,0.08,0,1.41,0.39
2216,0.06,0,0,0.42,2.32
2217,0.36,0,0,2.55,0.29
2218,0.29,0,0,1.55,0.97
2219,0.56,0,0,1.67,3.89
2220,3.33,0,0,3.33,0
2221,0,0,0,2,3
2222,0,0,0,1.43,1.67
2223,0.19,0,0,0.48,0.72
2224,0,0,0,1.25,0
2225,0,0,0,0.32,1.47
2226,0.48,0,0,1.27,0.63
2227,0.14,0,0,1.36,1.29
2228,0,0,0,0,5
2229,0.31,0,0,1.25,1.25
2230,0.16,0,0,0.62,0.52
2231,0.28,0,0,1.99,1.16
2232,0,0,0,0,0
2233,0.1,0,0,0.86,1.24
2234,0.18,0,0,1.61,1.43
2235,0.13,0,0,1.23,0.77
2236,0.16,0,0,1.09,1.16
2237,0.3,0,0,1.73,0.15
2238,0,0,0,0,0.05
2239,0.06,0,0,0,0.24
2240,0,0,0,1,3.5
2241,0,0,0,0,3.33
2242,0,0,0,0,0
2243,0.82,0,0,2.04,0.41
2244,0.31,0,0,1.28,2.56
2245,0.32,0,0,2.26,1.94
2246,0,0,0,0.71,1.43
2247,0.09,0,0,0,0.09
2248,0.35,0.07,0,1.63,0.99
2249,0,0,0,1,0
2250,0,0,0,0.91,2.73
2251,0,0,0,0,0
2252,0.13,0,0,0.94,0.5
2253,0.47,0,0,1.12,2.99
2254,0,0,0,1.25,1.25
2255,0.2,0,0,0,0.07
2256,0.29,0,0,1.29,1.43
2257,0.33,0,0,1.79,1.66
2258,0.44,0,0,1.67,0.67
2259,0.13,0,0,1.39,0.76
2260,0.24,0,0,1.68,0.84
2261,0,0,0,2.5,0
2262,0,0,0,0,0
2263,0,0,0,1.11,0.56
2264,0,0,0,0.77,1.54
2265,0,0,0,5,0
2266,0,0,0,2,2
2267,0.25,0.06,0.06,1.74,0.25
2268,0.08,0,0,1.35,2.33
2269,0.13,0,0,0.64,0.7
2270,0.16,0,0,0.63,0.63
2271,0.16,0,0,1.05,1.29
2272,0.11,0,0,0,0
2273,0.05,0,0,0.4,0.5
2274,0,0,0,0,0.1
2275,0,0,0,1.84,0.87
2276,0,0,0,1.41,1.52
2277,0.5,0,0,2,2
2278,0,0,0,0,0
2279,0,0,0,1,1
2280,0.17,0,0,0.52,1.26
2281,0.05,0,0,0,0.05
2282,0.15,0.08,0.08,1.44,1.36
2283,0.25,0,0,1.85,1.51
2284,0.5,0.17,0.17,1.5,1.5
2285,0.34,0,0,1.38,1.03
2286,0.33,0,0,0,0
2287,0,0,0,0,5
2288,0,0,0,2.59,1.3
2289,0.24,0,0,1.81,0.47
2290,1.67,0,0,5,0
2291,0,0,0,0.83,2.5
2292,0.17,0,0,1.3,0.4
2293,0.91,0,0,1.82,0.91
2294,0.42,0,0,0.83,1.67
2295,0.14,0,0,0,0.24
2296,0.09,0,0,1.2,1.54
2297,0.27,0.05,0.05,1.76,0.75
2298,0,0,0,0,3.33
2299,0.45,0,0,1.64,1.27
2300,0.18,0,0,0.6,0.55
2301,0.35,0,0,1.04,0.65
2302,0,0,0,1.67,0
2303,0,0,0,0,0.63
2304,0,0,0,3.33,0
2305,0,0,0,0,0
2306,0.32,0,0,1.43,1.19
2307,0,0,0,1,0.5
2308,0.38,0,0,2.21,1.91
2309,0.32,0,0,0.97,1.94
2310,0.06,0,0,1.38,1.76
2311,0,0,0,3.18,1.36
2312,0,0,0,0,10
2313,0.18,0,0,0.89,0.36
2314,0,0,0,0.74,1.48
2315,0,0,0,1.23,1.6
2316,0,0,0,0,0
2317,0,0,0,0,0
2318,0.2,0,0,0.2,0
2319,0,0,0,0,0
2320,1,0,0,2,2
2321,0.34,0,0,2.41,2.59
2322,0.05,0,0,0.05,0.05
2323,0.09,0,0,1.49,1.93
2324,0.36,0,0,0.55,0.73
2325,0.71,0,0,2.14,1.79
2326,0.15,0,0,1.11,1.16
2327,0.21,0,0,0.63,2.29
2328,0.05,0,0,1.52,0.6
2329,0,0,0,1.15,1.92
2330,0,0,0,0,2.5
2331,0.36,0.07,0.07,1.17,0.51
2332,0.43,0,0,1.51,1.08
2333,0.25,0,0,1.75,1.75
2334,0.26,0,0,1.79,1.54
2335,0.5,0,0,1,0
2336,0.41,0.06,0.06,2.59,1.35
2337,0.24,0,0,1.06,1.47
2338,1.11,0,0,1.11,0
2339,0.37,0,0,2.41,1.48
2340,0,0,0,0,0
2341,0,0,0,2.22,1.11
2342,0.09,0,0,1.59,1.45
2343,0,0,0,0.78,0.78
2344,0,0,0,0,0.14
2345,0.61,0,0,1.21,0
2346,0.3,0,0,1.19,1.49
2347,0.36,0,0,1.96,2.32
2348,0.11,0,0,1.06,0.96
2349,0,0,0,0,0.33
2350,0,0,0,0,0
2351,0,0,0,1,1
2352,0.34,0,0,1.36,0.68
2353,0,0,0,2.08,2.5
2354,0,0,0,0.86,0.57
2355,0,0,0,2,0
2356,0.33,0,0,0.33,0.33
2357,0.24,0,0,1.18,1.5
2358,0,0,0,1.52,0.43
2359,0.51,0,0,1.41,1.41
2360,0.06,0,0,1.45,2.38
2361,0.23,0,0,0.61,0.99
2362,0.08,0,0,0.38,0.53
2363,0.27,0,0,2.43,2.61
2364,0.19,0,0,1.89,2.64
2365,0,0,0,2.11,0.53
2366,0.22,0,0,1.34,0.59
2367,0.69,0,0,3.33,1.67
2368,0.2,0,0,1.8,0.4
2369,0,0,0,0,0
2370,0,0,0,0,0
2371,0,0,0,0,0
2372,0.21,0,0,1.83,4.08
2373,0.08,0,0,0.39,0.31
2374,0.75,0,0,1.75,0.75
2375,0,0,0,0,0.67
2376,0.28,0,0,1.39,1.67
2377,0.27,0,0,1.47,2.4
2378,0.38,0,0,1.42,0.85
2379,0.69,0,0,2.76,2.76
2380,0.29,0,0,1.14,2.29
2381,0.27,0,0,1.52,1.61
2382,2.5,0,0,2.5,2.5
2383,0,0,0,0,2
2384,0.2,0,0,1.58,1.18
2385,0,0,0,0,0
2386,0.07,0.07,0,1.07,1.33
2387,0.14,0,0,1.41,0.49
2388,10,0,0,10,0
2389,0.2,0,0,1.32,1.93
2390,0.24,0,0,0.48,0.18
2391,0.67,0,0,0.67,0
2392,0.53,0,0,1.58,0
2393,0.13,0,0,1.39,1.32
2394,0,0,0,0.55,0.55
2395,0.11,0,0,1.03,0.92
2396,0,0,0,1.88,1.88
2397,0.39,0,0,1.3,1.17
2398,0.15,0,0,0.92,0.56
2399,0.18,0,0,0.98,1.79
2400,0,0,0,1.49,0.43
2401,0.19,0,0,0.95,0.62
2402,0,0,0,0,0.2
2403,0,0,0,1,0
2404,0.24,0.06,0,1.21,1.33
2405,0.07,0,0,0.82,1.78
2406,0.1,0,0,0.96,0.67
2407,0.08,0,0,1.53,1.36
2408,0.71,0,0,1.79,1.79
2409,0,0,0,10,0
2410,0.48,0,0,1.67,0.95
2411,0,0,0,0,0
2412,0.28,0,0,1.83,1.34
2413,0,0,0,0.69,2.07
2414,0.06,0,0,0.06,0
2415,0,0,0,1.25,1.25
2416,0,0,0,0.82,1.63
2417,0,0,0,0,1.08
2418,0,0,0,0,2.78
2419,0.24,0,0,0.81,1.54
2420,0.38,0,0,1.46,1.53
2421,0,0,0,0,5
2422,0.14,0,0,0.78,0.37
2423,0,0,0,0.38,0.38
2424,0.67,0,0,1,0
2425,0.34,0,0,1.03,1.9
2426,0.33,0,0,1.48,0.49
2427,0.13,0,0,0.78,0.91
2428,0.19,0,0,1.54,1.92
2429,0,0,0,1.43,2.14
2430,0.2,0,0,1.6,0.6
2431,0.41,0,0,1.53,1.94
2432,0.11,0,0,1.34,1.51
2433,0.11,0,0,1.14,0.57
2434,0,0,0,0,1.43
2435,0.16,0,0,1.15,0.71
2436,0,0,0,0.77,0.77
2437,0,0,0,0.47,0.75
2438,0.21,0.1,0.05,0.67,0.56
2439,0,0,0,0.44,0.59
2440,0,0,0,2.5,2.5
2441,0,0,0,0.63,0.63
2442,0.07,0,0,0.53,0.6
2443,0.1,0,0,1.26,1.65
2444,0.11,0,0,0.27,0.43
2445,0.19,0,0,0.68,0.62
2446,0,0,0,5,2.5
2447,0.11,0,0,0.87,2.28
2448,0.18,0,0,1.05,0.53
2449,0.74,0.37,0.37,0.74,0.37
2450,0.11,0,0,0.86,0.97
2451,0.34,0,0,1.09,0.98
2452,0.4,0,0,1.76,2.31
2453,0,0,0,0,0
2454,0,0,0,0,0.91
2455,0.56,0.14,0,1.25,1.94
2456,0.06,0,0,0.9,2.05
2457,0.41,0,0,0.71,0.76
2458,0,0,0,0,0
2459,0.36,0,0,2.1,1.32
2460,0,0,0,0,0
2461,0,0,0,0,0
2462,0.05,0,0,1.33,0.64
2463,1.25,0,0,2.5,0
2464,0.51,0.26,0.26,1.54,0.51
2465,0,0,0,1.13,1.19
2466,0,0,0,0.93,0.93
2467,0,0,0,0.8,1.8
2468,0.47,0,0,2.33,0.47
2469,0.8,0,0,1.6,2.8
2470,0.22,0,0,1.1,0.33
2471,0.11,0,0,0,0.11
2472,0,0,0,0,0
2473,0.6,0,0,3.21,3.13
2474,0.48,0,0,1.43,1.67
2475,0.08,0,0,1.05,0.38
2476,0.23,0,0,1.15,0.83
2477,0,0,0,0,0
2478,0,0,0,2.5,0
2479,0.07,0,0,0.68,0.89
2480,0.06,0,0,0.9,1.24
2481,0.42,0,0,2.92,2.5
2482,0.2,0,0,0.8,0.8
2483,0,0,0,0,0
2484,0,0,0,2,2
2485,0,0,0,0.45,0.45
2486,0,0,0,1.67,0.83
2487,0.22,0,0,1.34,0.56
2488,0.25,0,0,1.53,1.9
2489,0,0,0,0.67,0.44
2490,0.11,0.11,0,1.87,0.66
2491,0.33,0,0,0.33,0.33
2492,0,0,0,0,0
2493,0.38,0,0,1.33,1.62
2494,0.21,0,0,1.56,2.45
2495,0,0,0,1.15,0.38
2496,0.14,0,0,1.09,1.38
2497,0.16,0,0,1.01,0.69
2498,0.46,0.11,0.11,1.49,0.57
2499,0,0,0,1.82,0.91
2500,0,0,0,0.91,2.12
2501,0.23,0,0,0.47,2.09
2502,4,0,0,4,2
2503,0.29,0.15,0.15,0.88,0.44
2504,0,0,0,3.16,2.11
2505,0.44,0,0,3.01,1.47
2506,0.12,0,0,1.02,1.14
2507,0.16,0,0,0.16,1.41
2508,0,0,0,0,0
2509,0.08,0,0,1.57,0.74
2510,0.24,0.24,0,0.98,0.24
2511,0.39,0,0,1.07,0.22
2512,0,0,0,0.43,2.61
2513,0.37,0,0,2.96,2.22
2514,0.12,0,0,0.41,0.59
2515,0.06,0,0,0.36,0
2516,0.14,0.07,0.07,1.53,0.69
2517,0.07,0,0,0.63,0.14
2518,0.08,0,0,1.15,0.15
2519,0.18,0,0,1.43,1.79
2520,0.57,0,0,1.71,1.29
2521,0.53,0,0,1.58,0
2522,0,0,0,5,1
2523,0.21,0,0,1.7,1.06
2524,0.19,0,0,1.67,0.83
2525,0.26,0.09,0,1.83,0.87
2526,0,0,0,0,1.43
2527,0.07,0,0,0.58,0.5
2528,0.43,0,0,1.28,0.74
2529,0.13,0,0,1.18,1.44
2530,0.2,0,0,0.65,0.8
2531,1.25,0,0,5,1.25
2532,0,0,0,0.48,0.97
2533,0.19,0,0,0.38,1.89
2534,0.18,0,0,1.09,1.64
2535,0.21,0.42,0,1.88,0.42
2536,0.12,0,0,1.25,0.6
2537,0.51,0.07,0,1.38,1.88
2538,0.67,0,0,1.87,1.73
2539,0.18,0,0,1.52,0.73
2540,0.14,0,0,0,0.23
2541,0.5,0,0,0.5,1.5
2542,0.49,0,0,1.73,1.36
2543,0.12,0.12,0,0.94,0.71
2544,0.2,0,0,2.12,1.21
2545,0,0,0,0,0
2546,0,0,0,1,0.33
2547,0,0,0,0,0
2548,0.33,0,0,2.31,0.99
2549,0.37,0,0,1.11,0.37
2550,0,0,0,0,0
2551,0,0,0,0,0
2552,0.25,0,0,1.08,1.46
2553,0,0,0,0,1
2554,0.29,0,0,0.71,2.29
2555,0,0,0,2.73,0.91
2556,0.26,0,0,2.21,2.34
2557,0.91,0,0,6.36,0.91
2558,0,0,0,0,0
2559,0,0,0,0,0
2560,0,0,0,6.67,1.67
2561,0,0,0,0,10
2562,0.21,0,0,1.67,1.88
2563,0,0,0,1.82,0.45
2564,0,0,0,0.43,0.71
2565,0,0,0,0,1.67
2566,0.13,0,0,1.18,0.65
2567,0.21,0,0,1.35,0.85
2568,0,0,0,0.94,1.23
2569,0.05,0,0,1.02,1.07
2570,0,0,0,1.67,1.67
2571,0.44,0,0,1.09,0.66
2572,0.09,0,0,1,0.45
2573,0,0,0,2.5,2.5
2574,0,0,0,2.86,2.38
2575,0,0,0,2.5,2.5
2576,0,0,0,0,10
2577,0.08,0,0,0.58,0.5
2578,3.33,0,0,0,0
2579,0.2,0,0,1.14,1.24
2580,0.67,0,0,1.33,0
2581,0,0,0,2.06,0.29
2582,0.11,0,0,0.45,0.45
2583,0.13,0,0,0.96,1.6
2584,0,0,0,0,0
2585,0,0,0,0.59,0.15
2586,3.33,0,0,3.33,0
2587,0,0,0,0,0.18
2588,0.28,0,0,1.25,0.49
2589,0.14,0,0,0.95,0.45
2590,0.06,0,0,0.66,1.16
2591,0.14,0,0,0.97,0.83
2592,0.07,0,0,0.5,0.29
2593,0,0,0,1,1
2594,0.36,0,0,1.24,1.24
2595,0,0,0,0,0
2596,0.27,0,0,1.26,2.2
2597,0,0,0,0,2
2598,0.12,0,0,0.6,0.96
2599,0,0,0,1.42,0.63
2600,0,0,0,0,0
2601,0.18,0,0,0.45,0.71
2602,0.21,0,0,0.7,0.8
2603,0,0,0,0,0
2604,0,0,0,0.62,0.92
2605,0.17,0,0,0.57,0.7
2606,0,0,0,5,0
2607,0,0,0,1.09,0.97
2608,0.3,0,0,1.48,0.96
2609,0.05,0,0,0.77,0.99
2610,0,0,0,0.37,1.12
2611,0.06,0,0,1.4,0.67
2612,0.24,0,0,1.2,1.36
2613,0.26,0,0,1.28,1.03
2614,0.31,0,0,2.19,1.46
2615,0,0,0,1.13,1.77
2616,0,0,0,0.61,1.52
2617,0,0,0,0,0
2618,0.32,0,0,1.29,2.9
2619,0,0,0,0.91,0
2620,0.19,0,0,0.87,1.15
2621,0.14,0,0,0.72,0.65
2622,0.3,0,0,0.61,0
2623,0,0,0,1.82,3.64
2624,0.13,0,0,0.91,1.56
2625,0.31,0,0,1.72,0.78
2626,0,0,0,0.8,0.8
2627,0,0,0,0,1.3
2628,0.13,0,0,1.18,0.66
2629,0,0,0,0,0
2630,0.36,0,0,1.37,0.14
2631,0.16,0,0,2.13,1.8
2632,0.15,0,0,0.81,1.16
2633,0,0.15,0,0.6,0.3
2634,0.26,0,0,2.39,2.71
2635,0,0,0,1.82,0.45
2636,0,0,0,0.77,3.08
2637,0.91,0,0,3.18,1.82
2638,0,0,0,2.5,3.75
2639,0,0,0,1.09,0.65
2640,0.15,0,0,0.6,0.65
2641,0.23,0,0,1.06,0.83
2642,0.17,0,0,1.78,1.55
2643,0.28,0,0,1.84,3.58
2644,0.34,0,0,0.85,0
2645,0.16,0,0,1.14,3.08
2646,0,0,0,0.34,0.69
2647,0,0,0,0.63,0.31
2648,0,0,0,0,0
2649,0.56,0,0,1.67,2.59
2650,0.56,0,0,1.55,0.56
2651,0.16,0,0,0.71,1.9
2652,0.11,0,0,0.96,1.58
2653,0,0,0,1.88,3.75
2654,0.24,0,0,1.08,1.2
2655,0.4,0,0,2.22,3.23
2656,0,0,0,0,0.71
2657,0,0,0,0,0
2658,0.14,0,0,0.95,2.43
2659,0.57,0,0,1.43,0.57
2660,0.56,0,0,1.85,1.85
2661,0,0,0,1.45,2.73
2662,0.26,0,0,1.28,2.05
2663,1.67,0,0,3.33,1.67
2664,0,0,0,0,0
2665,0.07,0,0,1.04,0.81
2666,0,0,0,0.7,1.1
2667,0.07,0,0,0,0.2
2668,1.67,0,0,6.67,1.67
2669,0,0,0,0,0
2670,0,0,0,0,1.43
2671,0.16,0,0,1.27,1.27
2672,0.07,0,0,0.55,1.23
2673,0,0,0,0.89,0.44
2674,0.17,0,0,0.17,0.75
2675,0.19,0,0,0.58,0.77
2676,0,0,0,1.4,2.11
2677,0,0,0,0,0
2678,0.22,0,0,1.26,0.52
2679,0.4,0,0,1.6,0
2680,1,0,0,2,0
2681,0,0,0,0.49,0.28
2682,0,0,0,0,0
2683,0.36,0,0,1.64,0.5
2684,0.34,0,0,1.63,0.84
2685,0,0,0,2.5,0
2686,0,0,0,0,0
2687,0.16,0,0,1.02,0.8
2688,0.38,0,0,1.92,1.79
2689,0.41,0,0,1.5,2.24
