Player_ID,MP,Starts,Min,Min/90,Goals,Shots,SoT,SoT%
1,20,19,1596,17.7,1,1.53,0.28,18.5
2,22,22,1980,22,0,0.86,0.05,5.3
3,14,8,770,8.6,0,1.05,0.35,33.3
4,20,20,1799,20,1,0.6,0.15,25
5,15,15,1165,12.9,0,0.31,0,0
6,1,0,11,0.1,0,0,0,0
7,5,2,185,2.1,1,4.29,1.43,33.3
8,11,0,107,1.2,1,5,1.67,33.3
9,4,3,272,3,0,0.67,0.33,50
10,22,17,1507,16.7,5,2.75,1.02,37
11,22,18,1582,17.6,6,2.67,1.25,46.8
12,14,12,1110,12.3,0,0.49,0,0
13,2,0,36,0.4,0,2.5,0,0
14,16,12,985,10.9,2,1.47,0.37,25
15,21,18,1577,17.5,4,2.06,0.74,36.1
16,19,19,1706,19,0,0.11,0,0
17,16,3,471,5.2,1,3.46,1.73,50
18,14,12,1095,12.2,1,0.33,0.16,50
19,5,0,107,1.2,0,0.83,0,0
20,15,11,765,8.5,2,2.24,0.94,42.1
21,13,6,652,7.2,1,1.94,0.69,35.7
22,4,1,116,1.3,0,1.54,1.54,100
23,18,8,775,8.6,1,1.16,0.23,20
24,12,2,359,4,0,2.5,0.25,10
25,19,18,1599,17.8,0,0.79,0.11,14.3
26,5,4,286,3.2,0,0.31,0,0
27,3,0,49,0.5,0,2,0,0
28,19,12,1130,12.6,0,0.71,0.16,22.2
29,21,16,1443,16,0,1.13,0.31,27.8
30,6,5,515,5.7,0,0.88,0,0
31,13,7,615,6.8,0,0.29,0.29,100
32,2,0,16,0.2,0,5,0,0
33,17,17,1398,15.5,2,1.03,0.32,31.3
34,1,0,20,0.2,0,0,0,0
35,19,10,834,9.3,1,0.97,0.32,33.3
36,20,20,1800,20,2,0.45,0.1,22.2
37,12,8,676,7.5,1,0.93,0.4,42.9
38,17,9,913,10.1,1,0.99,0.5,50
39,15,11,1029,11.4,0,0.26,0.09,33.3
40,9,9,763,8.5,0,0.12,0,0
41,13,9,771,8.6,1,2.56,0.81,31.8
42,4,3,231,2.6,0,2.69,0.77,28.6
43,15,14,1286,14.3,0,0.77,0.14,18.2
44,15,13,1156,12.8,0,0.31,0,0
45,21,21,1890,21,0,1.05,0.29,27.3
46,6,3,248,2.8,0,0.36,0.36,100
47,6,2,238,2.6,0,0.77,0.38,50
48,12,7,606,6.7,0,1.04,0.3,28.6
49,16,10,1030,11.4,0,0.53,0.09,16.7
50,17,15,1365,15.2,1,0.59,0.07,11.1
51,4,2,223,2.5,0,0.8,0.4,50
52,12,2,248,2.8,1,3.21,0.71,22.2
53,14,9,931,10.3,1,0.87,0.19,22.2
54,19,11,1053,11.7,4,1.45,0.6,41.2
55,17,17,1519,16.9,0,0.06,0,0
56,6,1,237,2.6,1,0.77,0.38,50
57,14,14,1154,12.8,0,0.7,0.08,11.1
58,3,1,134,1.5,1,2.67,0.67,25
59,16,11,1008,11.2,1,1.52,0.18,11.8
60,8,7,630,7,0,0.71,0.14,20
61,16,8,729,8.1,0,1.48,0.25,16.7
62,3,2,225,2.5,0,0,0,0
63,19,19,1455,16.2,2,1.3,0.49,38.1
64,20,17,1441,16,1,1.31,0.19,14.3
65,1,0,15,0.2,0,0,0,0
66,14,9,747,8.3,0,0.36,0,0
67,8,3,317,3.5,0,3.14,1.43,45.5
68,9,0,123,1.4,0,1.43,0,0
69,20,20,1800,20,0,0,0,0
70,21,13,1220,13.6,1,1.4,0.29,21.1
71,2,0,40,0.4,0,0,0,0
72,18,14,1255,13.9,2,0.79,0.36,45.5
73,22,22,1816,20.2,10,2.33,0.74,31.9
74,12,6,620,6.9,1,0.43,0.14,33.3
75,17,9,854,9.5,0,0.74,0.11,14.3
76,1,1,58,0.6,0,0,0,0
77,1,0,10,0.1,0,0,0,0
78,10,5,571,6.3,2,0.32,0.32,100
79,16,5,578,6.4,4,2.97,1.25,42.1
80,16,1,296,3.3,1,3.33,0.91,27.3
81,18,18,1565,17.4,1,0.34,0.06,16.7
82,6,4,401,4.5,0,0.44,0,0
83,17,15,1365,15.2,0,0.2,0.13,66.7
84,14,3,494,5.5,1,1.82,0.73,40
85,4,1,193,2.1,0,0,0,0
86,15,11,1049,11.7,0,0.77,0.09,11.1
87,1,1,58,0.6,0,0,0,0
88,10,10,790,8.8,0,0.57,0.11,20
89,15,5,636,7.1,2,1.69,0.7,41.7
90,16,16,1360,15.1,0,0.79,0.26,33.3
91,18,14,1165,12.9,0,0.54,0.16,28.6
92,17,17,1477,16.4,1,0.67,0.3,45.5
93,10,0,121,1.3,0,3.08,0.77,25
94,22,20,1687,18.7,6,1.18,0.64,54.5
95,20,20,1756,19.5,1,0.77,0.1,13.3
96,23,15,1250,13.9,4,1.94,0.79,40.7
97,18,17,1416,15.7,2,1.02,0.25,25
98,19,18,1597,17.7,0,0.62,0.17,27.3
99,8,7,510,5.7,0,0.53,0,0
100,17,7,783,8.7,3,1.95,1.15,58.8
101,2,0,52,0.6,1,1.67,1.67,100
102,20,20,1794,19.9,1,0.75,0.2,26.7
103,11,3,311,3.5,0,0,0,0
104,21,11,1051,11.7,2,2.05,0.68,33.3
105,12,11,908,10.1,3,3.27,1.39,42.4
106,4,1,172,1.9,0,0,0,0
107,15,8,788,8.8,2,1.48,0.45,30.8
108,3,3,210,2.3,1,1.3,0.43,33.3
109,9,6,402,4.5,1,1.33,0.67,50
110,6,0,85,0.9,0,3.33,1.11,33.3
111,15,9,795,8.8,0,0.57,0.11,20
112,7,7,587,6.5,0,0.92,0,0
113,10,4,493,5.5,1,0.91,0.36,40
114,10,10,859,9.5,0,0.63,0,0
115,6,0,49,0.5,0,0,0,0
116,2,0,32,0.4,0,2.5,2.5,100
117,2,0,107,1.2,0,0,0,0
118,19,11,1094,12.2,2,1.07,0.66,61.5
119,20,12,1027,11.4,1,1.67,0.79,47.4
120,18,7,767,8.5,1,1.53,0.35,23.1
121,14,14,1189,13.2,8,1.59,0.76,47.6
122,20,20,1728,19.2,4,1.04,0.36,35
123,14,14,1215,13.5,0,0,0,0
124,1,0,15,0.2,0,0,0,0
125,20,10,815,9.1,1,2.09,0.55,26.3
126,16,6,663,7.4,3,3.24,1.22,37.5
127,8,3,299,3.3,0,0.91,0.3,33.3
128,11,8,637,7.1,1,2.68,0.85,31.6
129,13,7,727,8.1,0,1.73,0.37,21.4
130,5,5,450,5,0,0,0,0
131,15,5,500,5.6,2,3.75,1.07,28.6
132,16,6,592,6.6,0,1.36,0.45,33.3
133,4,0,60,0.7,0,2.86,0,0
134,12,2,295,3.3,0,1.82,0,0
135,20,18,1662,18.5,9,2.27,1.03,45.2
136,6,2,194,2.2,0,1.36,0.45,33.3
137,13,7,637,7.1,1,1.27,0.7,55.6
138,11,4,433,4.8,1,2.08,1.04,50
139,1,0,9,0.1,0,10,0,0
140,21,21,1890,21,0,0,0,0
141,20,18,1626,18.1,1,0.33,0.11,33.3
142,3,1,77,0.9,0,2.22,1.11,50
143,1,1,71,0.8,0,0,0,0
144,14,12,1082,12,1,0.5,0.17,33.3
145,19,15,1191,13.2,2,1.52,0.83,55
146,18,16,1161,12.9,7,3.1,1.4,45
147,14,12,1102,12.2,1,0.16,0.08,50
148,16,9,730,8.1,4,2.35,0.99,42.1
149,10,1,295,3.3,0,1.52,0,0
150,2,0,29,0.3,0,0,0,0
151,22,18,1497,16.6,1,0.78,0.36,46.2
152,10,5,545,6.1,0,0.16,0.16,100
153,14,7,704,7.8,0,0.9,0.13,14.3
154,1,0,1,0,0,0,0,0
155,10,2,311,3.5,0,3.43,1.14,33.3
156,18,10,1023,11.4,0,0.44,0.09,20
157,1,0,1,0,0,0,0,0
158,17,12,995,11.1,0,0.63,0,0
159,18,17,1575,17.5,1,0.29,0.17,60
160,6,5,448,5,0,0.2,0,0
161,1,1,90,1,0,2,0,0
162,20,20,1800,20,0,0,0,0
163,4,4,360,4,0,1,0.25,25
164,11,9,839,9.3,2,0.54,0.32,60
165,18,10,1039,11.5,4,2.96,1.13,38.2
166,2,1,96,1.1,0,1.82,0,0
167,20,17,1317,14.6,4,2.4,0.82,34.3
168,7,3,351,3.9,0,0.51,0,0
169,2,1,126,1.4,0,0,0,0
170,7,0,51,0.6,0,0,0,0
171,5,2,194,2.2,1,0.91,0.45,50
172,19,8,941,10.5,1,2,0.67,33.3
173,1,0,24,0.3,0,6.67,3.33,50
174,3,0,59,0.7,0,0,0,0
175,17,11,968,10.8,2,0.93,0.37,40
176,20,19,1730,19.2,5,1.09,0.47,42.9
177,13,11,769,8.5,4,1.41,0.82,58.3
178,18,15,1210,13.4,0,0.45,0.15,33.3
179,18,16,1319,14.7,0,0.27,0,0
180,9,3,269,3,0,2,0.33,16.7
181,1,0,45,0.5,0,0,0,0
182,23,20,1765,19.6,0,0.15,0,0
183,20,20,1793,19.9,0,0.25,0.05,20
184,3,2,196,2.2,1,0.45,0.45,100
185,21,18,1591,17.7,14,3.33,1.58,47.5
186,9,4,555,6.2,0,0,0,0
187,18,16,1454,16.2,4,2.47,0.93,37.5
188,14,6,593,6.6,1,3.03,1.36,45
189,22,11,1051,11.7,1,1.79,0.6,33.3
190,22,18,1506,16.7,2,1.08,0.3,27.8
191,16,13,949,10.5,3,2.95,0.86,29
192,12,4,431,4.8,0,0.42,0.21,50
193,1,0,25,0.3,0,0,0,0
194,17,11,999,11.1,1,1.44,0.27,18.8
195,7,3,316,3.5,0,0.57,0,0
196,12,3,336,3.7,1,2.7,0.81,30
197,20,16,1498,16.6,0,0.18,0,0
198,11,3,330,3.7,0,1.08,0.54,50
199,20,19,1609,17.9,5,0.95,0.45,47.1
200,10,4,387,4.3,1,0.93,0.7,75
201,15,6,615,6.8,3,3.24,1.18,36.4
202,11,2,307,3.4,0,2.35,0.29,12.5
203,20,20,1696,18.8,8,2.5,1.22,48.9
204,18,12,1083,12,0,1.33,0.58,43.8
205,7,2,191,2.1,1,0.95,0.95,100
206,7,3,343,3.8,0,1.05,0,0
207,5,3,269,3,0,1.67,0.67,40
208,15,10,763,8.5,2,3.29,0.71,21.4
209,22,22,1980,22,3,0.55,0.14,25
210,14,4,373,4.1,0,1.46,0.73,50
211,2,1,113,1.3,0,3.08,0.77,25
212,17,15,1267,14.1,0,0.71,0.21,30
213,13,12,946,10.5,2,1.9,0.57,30
214,13,8,660,7.3,0,0.27,0,0
215,15,12,1040,11.6,0,0.69,0,0
216,20,20,1800,20,0,0,0,0
217,4,4,314,3.5,0,1.14,0.57,50
218,7,2,278,3.1,0,0.97,0,0
219,20,20,1600,17.8,5,2.53,0.73,28.9
220,22,16,1266,14.1,1,1.06,0.35,33.3
221,1,1,54,0.6,0,0,0,0
222,1,0,9,0.1,0,0,0,0
223,22,22,1980,22,0,0,0,0
224,4,0,60,0.7,0,5.71,0,0
225,5,4,310,3.4,2,2.35,1.47,62.5
226,15,15,1322,14.7,1,0.61,0.2,33.3
227,4,0,21,0.2,0,0,0,0
228,1,0,10,0.1,0,0,0,0
229,20,20,1454,16.2,7,2.1,0.93,44.1
230,4,4,339,3.8,0,1.32,0,0
231,3,1,100,1.1,0,0,0,0
232,7,2,167,1.9,0,1.05,0,0
233,1,1,90,1,0,0,0,0
234,3,1,65,0.7,0,0,0,0
235,20,7,758,8.4,4,1.43,0.83,58.3
236,8,3,276,3.1,0,0.97,0.32,33.3
237,14,7,643,7.1,1,1.27,0.42,33.3
238,12,10,780,8.7,5,2.18,0.69,31.6
239,6,4,356,4,0,2.25,0.25,11.1
240,22,16,1492,16.6,1,0.42,0.12,28.6
241,16,12,1140,12.7,0,0.24,0,0
242,13,13,1026,11.4,0,0.88,0.09,10
243,10,0,159,1.8,0,1.11,0,0
244,6,1,82,0.9,0,0,0,0
245,19,19,1589,17.7,1,1.19,0.34,28.6
246,3,1,143,1.6,0,0,0,0
247,19,19,1690,18.8,4,2.07,0.74,35.9
248,1,0,8,0.1,0,0,0,0
249,18,2,406,4.5,0,1.78,0.89,50
250,20,18,1614,17.9,0,0.89,0.06,6.3
251,7,6,466,5.2,3,2.88,0.96,33.3
252,1,0,4,0,0,0,0,0
253,19,16,1135,12.6,14,2.46,1.59,64.5
254,2,1,93,1,0,0,0,0
255,3,2,185,2.1,0,1.9,0.95,50
256,19,16,1413,15.7,1,0.45,0.13,28.6
257,20,12,1193,13.3,3,2.86,0.83,28.9
258,18,18,1608,17.9,5,1.4,0.45,32
259,18,17,1518,16.9,2,1.18,0.36,30
260,18,17,1500,16.7,5,0.9,0.54,60
261,12,12,1046,11.6,9,4.05,1.38,34
262,13,10,914,10.2,4,4.31,0.78,18.2
263,12,11,946,10.5,0,1.24,0.29,23.1
264,20,16,1366,15.2,3,1.97,0.66,33.3
265,15,15,1198,13.3,0,0.23,0,0
266,3,0,25,0.3,0,0,0,0
267,18,5,629,7,0,2.43,1.29,52.9
268,14,14,1143,12.7,6,2.91,0.79,27
269,7,7,630,7,0,0,0,0
270,14,14,1260,14,0,0,0,0
271,17,11,994,11,1,0.45,0.36,80
272,2,2,170,1.9,0,0.53,0,0
273,2,0,23,0.3,0,0,0,0
274,21,13,1203,13.4,7,2.31,0.9,38.7
275,1,0,9,0.1,0,0,0,0
276,15,13,1243,13.8,1,0.43,0.29,66.7
277,3,2,112,1.2,0,1.67,0.83,50
278,2,0,17,0.2,0,0,0,0
279,2,0,59,0.7,0,0,0,0
280,17,16,1278,14.2,0,0.85,0.35,41.7
281,17,17,1383,15.4,2,0.65,0.19,30
282,15,11,935,10.4,4,2.31,1.06,45.8
283,3,1,91,1,0,1,1,100
284,21,19,1555,17.3,4,1.16,0.58,50
285,1,0,23,0.3,0,0,0,0
286,20,19,1622,18,0,0.78,0.06,7.1
287,18,10,880,9.8,0,1.22,0.31,25
288,14,1,268,3,0,2,0.33,16.7
289,6,3,235,2.6,0,1.92,0.38,20
290,20,8,814,9,0,0.56,0,0
291,11,5,461,5.1,0,1.57,0.2,12.5
292,14,12,860,9.6,2,1.35,0.63,46.2
293,21,21,1890,21,0,0,0,0
294,3,2,158,1.8,0,0,0,0
295,5,2,230,2.6,0,0,0,0
296,4,4,360,4,0,0,0,0
297,22,18,1667,18.5,4,3.3,1.03,31.1
298,13,13,1170,13,0,0,0,0
299,17,17,1485,16.5,2,0.3,0.12,40
300,1,1,90,1,0,0,0,0
301,20,13,1253,13.9,0,0.36,0.07,20
302,2,0,37,0.4,0,2.5,2.5,100
303,4,0,58,0.6,1,1.67,1.67,100
304,6,4,315,3.5,0,0,0,0
305,9,1,133,1.5,0,0,0,0
306,3,0,18,0.2,0,5,5,100
307,14,8,750,8.3,0,0.6,0.36,60
308,12,3,393,4.4,1,1.82,0.45,25
309,10,4,338,3.8,0,0.53,0,0
310,5,1,184,2,1,3,1.5,50
311,8,8,592,6.6,0,0.15,0,0
312,18,16,1335,14.8,3,2.36,0.61,25.7
313,19,10,904,10,2,2.8,0.6,21.4
314,4,0,60,0.7,0,1.43,0,0
315,14,10,808,9,2,2.11,0.44,21.1
316,7,4,416,4.6,0,0.43,0,0
317,9,6,600,6.7,1,0.3,0.15,50
318,20,20,1711,19,2,0.84,0.16,18.8
319,3,0,28,0.3,0,3.33,0,0
320,15,14,1137,12.6,0,0.16,0.08,50
321,18,4,492,5.5,2,2,0.55,27.3
322,15,3,335,3.7,1,1.08,0.27,25
323,20,19,1687,18.7,0,0.59,0.21,36.4
324,1,1,90,1,0,1,0,0
325,7,2,225,2.5,0,2.8,0,0
326,4,2,177,2,0,1.5,0.5,33.3
327,13,9,771,8.6,0,0.47,0.23,50
328,2,0,76,0.8,0,0,0,0
329,13,9,834,9.3,4,2.26,0.97,42.9
330,4,0,74,0.8,0,0,0,0
331,19,19,1665,18.5,0,0,0,0
332,9,0,93,1,0,2,1,50
333,22,21,1666,18.5,0,0.76,0.11,14.3
334,21,21,1699,18.9,3,1.69,0.37,21.9
335,10,1,179,2,0,2.5,0.5,20
336,22,22,1970,21.9,4,2.01,0.46,22.7
337,18,15,1217,13.5,1,2,0.59,29.6
338,1,1,72,0.8,0,1.25,0,0
339,16,10,995,11.1,0,0.36,0,0
340,15,3,446,5,3,1.8,0.8,44.4
341,15,15,1187,13.2,5,2.12,1.06,50
342,11,7,716,8,1,0.25,0.13,50
343,20,17,1495,16.6,6,1.33,0.66,50
344,18,6,746,8.3,1,0.72,0.36,50
345,20,19,1653,18.4,0,0.38,0.05,14.3
346,3,3,270,3,0,0,0,0
347,1,1,90,1,0,0,0,0
348,2,2,169,1.9,0,0,0,0
349,1,0,19,0.2,0,5,0,0
350,6,3,271,3,0,0.67,0.33,50
351,18,18,1574,17.5,1,0.97,0.11,11.8
352,12,2,294,3.3,1,1.82,1.52,83.3
353,18,14,1248,13.9,0,0.5,0.07,14.3
354,3,3,270,3,0,0.33,0,0
355,1,0,17,0.2,1,15,10,66.7
356,11,7,641,7.1,2,1.55,0.56,36.4
357,17,17,1426,15.8,0,0.38,0,0
358,1,0,23,0.3,0,0,0,0
359,11,3,294,3.3,1,1.82,0.61,33.3
360,16,11,1016,11.3,0,0.35,0.09,25
361,4,2,148,1.6,0,1.25,0.63,50
362,2,1,135,1.5,1,1.33,0.67,50
363,5,2,166,1.8,0,0.56,0,0
364,13,1,269,3,1,1.33,0.33,25
365,16,11,867,9.6,2,2.92,0.73,25
366,21,13,1220,13.6,3,2.21,0.44,20
367,12,10,866,9.6,0,0.42,0.1,25
368,20,20,1787,19.9,0,0.55,0.1,18.2
369,4,0,63,0.7,0,0,0,0
370,20,17,1490,16.6,3,1.99,0.42,21.2
371,16,3,524,5.8,0,4.14,1.21,29.2
372,1,0,16,0.2,0,0,0,0
373,18,16,1412,15.7,0,0.83,0,0
374,10,0,211,2.3,0,1.74,0.87,50
375,11,7,533,5.9,1,3.39,1.02,30
376,15,1,268,3,2,2.67,1.67,62.5
377,22,21,1854,20.6,0,0.53,0.15,27.3
378,9,7,614,6.8,0,0.44,0,0
379,18,16,1302,14.5,0,0.28,0.07,25
380,4,2,228,2.5,2,0.8,0.8,100
381,2,2,180,2,0,0,0,0
382,9,2,285,3.2,3,4.38,2.5,57.1
383,3,0,57,0.6,0,0,0,0
384,16,13,1197,13.3,4,1.58,1.05,66.7
385,11,5,511,5.7,0,0.88,0.18,20
386,19,19,1647,18.3,0,0.77,0.16,21.4
387,5,2,274,3,0,1.33,0,0
388,17,11,1059,11.8,1,0.51,0.17,33.3
389,1,0,7,0.1,0,0,0,0
390,20,19,1729,19.2,1,0.73,0.26,35.7
391,22,1,471,5.2,0,2.12,0,0
392,16,8,858,9.5,1,1.37,0.32,23.1
393,3,1,137,1.5,0,0.67,0,0
394,14,13,1000,11.1,1,0.63,0.09,14.3
395,14,10,969,10.8,0,0.74,0.19,25
396,17,15,1312,14.6,0,0.34,0.07,20
397,17,14,1180,13.1,0,0.31,0.08,25
398,10,7,716,8,0,0.38,0.13,33.3
399,1,0,8,0.1,0,0,0,0
400,20,19,1527,17,2,1.65,0.41,25
401,3,0,63,0.7,0,1.43,0,0
402,11,2,259,2.9,1,1.72,0.69,40
403,1,0,45,0.5,0,0,0,0
404,11,9,731,8.1,1,1.98,0.49,25
405,17,14,1151,12.8,0,1.02,0.23,23.1
406,9,5,377,4.2,0,0.95,0,0
407,18,16,1383,15.4,0,1.04,0.32,31.3
408,3,0,24,0.3,0,3.33,0,0
409,3,2,200,2.2,0,0,0,0
410,20,9,914,10.2,0,1.18,0.1,8.3
411,16,3,520,5.8,2,2.93,1.03,35.3
412,19,13,1150,12.8,0,0.55,0.08,14.3
413,7,0,68,0.8,0,1.25,1.25,100
414,20,17,1431,15.9,5,2.58,0.75,29.3
415,5,0,74,0.8,0,2.5,0,0
416,14,7,730,8.1,0,0.62,0,0
417,18,16,1455,16.2,3,1.54,0.49,32
418,14,1,208,2.3,0,1.74,0.43,25
419,17,16,1274,14.2,2,1.2,0.21,17.6
420,2,2,136,1.5,0,0.67,0,0
421,20,18,1613,17.9,2,1.28,0.5,39.1
422,2,0,25,0.3,0,3.33,3.33,100
423,5,0,77,0.9,0,1.11,0,0
424,2,0,8,0.1,0,0,0,0
425,16,9,820,9.1,0,1.1,0.55,50
426,15,14,1174,13,0,1.08,0.38,35.7
427,21,18,1327,14.7,4,2.24,0.54,24.2
428,15,13,1094,12.2,1,1.56,0.41,26.3
429,7,7,587,6.5,1,2.46,0.77,31.3
430,20,17,1463,16.3,1,0.98,0.43,43.8
431,4,1,167,1.9,0,0.53,0.53,100
432,2,0,5,0.1,0,0,0,0
433,14,12,1057,11.7,0,0.34,0.09,25
434,10,1,233,2.6,0,1.54,0.77,50
435,1,0,53,0.6,0,1.67,0,0
436,1,0,11,0.1,0,0,0,0
437,20,20,1759,19.5,4,1.28,0.46,36
438,2,2,179,2,0,2,0,0
439,10,10,900,10,0,0,0,0
440,1,0,20,0.2,0,10,5,50
441,8,0,127,1.4,1,2.86,0.71,25
442,3,3,261,2.9,1,1.38,1.03,75
443,10,5,527,5.9,2,0.85,0.34,40
444,12,12,1080,12,0,0,0,0
445,18,10,969,10.8,1,2.59,0.83,32.1
446,15,12,1076,12,0,0.5,0,0
447,11,4,337,3.7,2,2.97,1.08,36.4
448,2,1,136,1.5,0,0,0,0
449,18,17,1346,15,2,0.93,0.33,35.7
450,15,15,1315,14.6,1,0.48,0.14,28.6
451,17,13,1230,13.7,2,1.24,0.36,29.4
452,1,0,8,0.1,0,0,0,0
453,17,13,1185,13.2,0,0.53,0.08,14.3
454,21,20,1821,20.2,1,0.54,0.15,27.3
455,14,7,683,7.6,0,0.79,0.13,16.7
456,20,20,1800,20,0,0,0,0
457,20,19,1508,16.8,4,2.62,0.71,27.3
458,19,17,1469,16.3,0,0.37,0.12,33.3
459,16,13,960,10.7,3,2.71,0.75,27.6
460,15,11,1020,11.3,0,0.71,0.09,12.5
461,3,0,56,0.6,0,3.33,0,0
462,20,19,1396,15.5,0,0.39,0.06,16.7
463,19,19,1710,19,1,0.26,0.16,60
464,10,5,547,6.1,1,2.79,1.15,41.2
465,16,16,1385,15.4,0,0.39,0.13,33.3
466,14,14,945,10.5,5,2.19,0.67,30.4
467,13,7,566,6.3,0,0.95,0.32,33.3
468,15,14,1033,11.5,1,0.43,0.09,20
469,18,10,929,10.3,3,2.33,0.39,16.7
470,12,3,312,3.5,0,0.57,0,0
471,15,10,992,11,0,0.36,0.09,25
472,10,8,737,8.2,0,0.61,0,0
473,19,16,1315,14.6,0,1.16,0.27,23.5
474,5,0,131,1.5,0,5.33,4,75
475,6,6,540,6,0,0,0,0
476,6,6,486,5.4,0,0.74,0,0
477,6,3,321,3.6,0,0.56,0.28,50
478,5,2,213,2.4,0,0,0,0
479,20,15,1366,15.2,4,1.91,0.66,34.5
480,4,1,12,0.1,0,10,10,100
481,12,11,971,10.8,0,0.46,0.09,20
482,4,1,110,1.2,0,0.83,0,0
483,4,0,79,0.9,0,0,0,0
484,6,3,254,2.8,1,2.5,0.36,14.3
485,18,17,1575,17.5,0,0.46,0.06,12.5
486,20,14,1353,15,2,1.07,0.53,50
487,7,0,95,1.1,0,0,0,0
488,19,7,695,7.7,2,3.9,1.3,33.3
489,4,1,156,1.7,0,0,0,0
490,16,16,1440,16,0,0,0,0
491,1,0,3,0,0,0,0,0
492,7,1,241,2.7,0,1.85,0,0
493,11,4,450,5,1,0.6,0.2,33.3
494,8,8,595,6.6,0,0,0,0
495,19,19,1592,17.7,0,0.79,0.28,35.7
496,19,14,1281,14.2,0,0.28,0,0
497,10,9,723,8,0,0.38,0.25,66.7
498,19,19,1710,19,0,0,0,0
499,19,12,1036,11.5,1,1.48,0.43,29.4
500,8,1,202,2.2,0,1.82,0.45,25
501,19,11,1008,11.2,1,2.14,0.54,25
502,1,0,27,0.3,0,0,0,0
503,11,9,851,9.5,1,0.11,0.11,100
504,1,0,45,0.5,0,2,2,100
505,8,3,279,3.1,0,1.94,0.65,33.3
506,18,5,464,5.2,3,2.69,1.15,42.9
507,3,0,51,0.6,0,1.67,1.67,100
508,18,9,919,10.2,1,1.57,0.39,25
509,2,0,36,0.4,0,2.5,0,0
510,19,14,1245,13.8,3,1.67,0.58,34.8
511,1,0,8,0.1,0,0,0,0
512,2,1,64,0.7,0,2.86,0,0
513,13,4,448,5,2,1.8,0.8,44.4
514,19,18,1432,15.9,1,1.76,0.44,25
515,15,14,1172,13,0,0.38,0.23,60
516,16,14,1206,13.4,0,0,0,0
517,19,19,1700,18.9,1,0.16,0.11,66.7
518,14,3,292,3.2,1,1.56,0.31,20
519,7,6,586,6.5,0,0.15,0,0
520,8,1,281,3.1,0,0,0,0
521,13,10,857,9.5,0,0.32,0,0
522,3,0,66,0.7,1,1.43,1.43,100
523,9,8,536,6,1,1.83,0.83,45.5
524,2,0,6,0.1,0,0,0,0
525,16,15,1384,15.4,1,0.39,0.26,66.7
526,17,17,1472,16.4,0,0.06,0,0
527,20,12,987,11,4,2.55,0.82,32.1
528,15,4,481,5.3,2,2.26,0.57,25
529,7,5,463,5.1,0,0.2,0,0
530,14,7,749,8.3,4,3.13,0.84,26.9
531,17,15,1337,14.9,1,0.54,0.34,62.5
532,18,12,1116,12.4,1,0.97,0.16,16.7
533,19,19,1710,19,0,0,0,0
534,12,9,826,9.2,1,0.22,0.11,50
535,1,0,23,0.3,0,0,0,0
536,19,17,1486,16.5,0,0.3,0,0
537,12,11,957,10.6,0,0.28,0,0
538,13,12,1106,12.3,1,0.73,0.16,22.2
539,17,16,1285,14.3,0,0.28,0,0
540,8,7,619,6.9,0,0.43,0,0
541,15,8,713,7.9,1,0.76,0.13,16.7
542,18,3,525,5.8,0,0.34,0.17,50
543,5,1,91,1,0,4,1,25
544,1,1,62,0.7,0,0,0,0
545,19,8,821,9.1,5,3.19,1.21,37.9
546,17,4,436,4.8,3,1.88,1.04,55.6
547,16,16,1382,15.4,0,0.26,0,0
548,1,0,6,0.1,0,0,0,0
549,11,6,609,6.8,0,0.74,0,0
550,20,16,1231,13.7,1,1.75,0.51,29.2
551,10,8,644,7.2,0,2.92,0.97,33.3
552,17,17,1478,16.4,0,0.49,0.3,62.5
553,1,0,45,0.5,0,0,0,0
554,19,12,1151,12.8,3,2.11,0.78,37
555,17,12,1147,12.7,1,0.71,0.39,55.6
556,19,19,1710,19,0,0,0,0
557,16,14,1291,14.3,0,0.35,0,0
558,19,19,1572,17.5,1,0.46,0.17,37.5
559,2,0,35,0.4,0,0,0,0
560,15,15,1350,15,0,0,0,0
561,14,11,982,10.9,0,0.18,0,0
562,18,6,712,7.9,0,2.41,0.76,31.6
563,14,7,684,7.6,0,0.66,0,0
564,1,0,1,0,0,0,0,0
565,17,14,1277,14.2,2,0.49,0.28,57.1
566,18,17,1533,17,0,0.41,0.06,14.3
567,22,22,1839,20.4,1,0.88,0.15,16.7
568,2,0,49,0.5,0,0,0,0
569,16,14,1263,14,0,0.07,0,0
570,5,1,174,1.9,1,2.63,1.05,40
571,16,13,1059,11.8,0,1.53,0.42,27.8
572,20,17,1345,14.9,0,0.4,0,0
573,6,4,356,4,0,0.5,0,0
574,5,2,220,2.4,0,1.25,0,0
575,1,1,45,0.5,0,0,0,0
576,5,3,250,2.8,0,2.14,0.71,33.3
577,11,2,377,4.2,0,2.86,1.9,66.7
578,2,0,43,0.5,0,2,2,100
579,8,3,290,3.2,0,1.25,0.31,25
580,4,1,107,1.2,0,0,0,0
581,5,5,316,3.5,0,2,0.86,42.9
582,7,3,338,3.8,0,0.53,0,0
583,13,4,541,6,5,2.33,2,85.7
584,12,7,560,6.2,0,0.32,0,0
585,5,5,450,5,0,0,0,0
586,5,3,198,2.2,0,1.82,0,0
587,17,9,706,7.8,3,2.44,1.41,57.9
588,21,15,1208,13.4,7,2.01,1.12,55.6
589,15,14,1268,14.1,0,0.99,0.28,28.6
590,5,1,143,1.6,0,0.63,0,0
591,11,1,285,3.2,0,1.25,0.94,75
592,13,11,1031,11.5,0,0.43,0.26,60
593,2,1,91,1,0,0,0,0
594,2,1,91,1,0,1,0,0
595,21,20,1813,20.1,2,0.75,0.1,13.3
596,1,0,12,0.1,0,0,0,0
597,10,6,479,5.3,2,2.08,0.75,36.4
598,22,22,1980,22,1,0.59,0.05,7.7
599,22,22,1980,22,1,0.5,0.14,27.3
600,7,1,181,2,0,0.5,0,0
601,20,20,1773,19.7,2,1.02,0.25,25
602,12,10,901,10,1,0.4,0.2,50
603,3,0,31,0.3,0,0,0,0
604,16,12,993,11,1,0.27,0.09,33.3
605,22,11,999,11.1,3,1.17,0.45,38.5
606,21,20,1759,19.5,12,3.13,1.38,44.3
607,17,16,1398,15.5,0,0.52,0.19,37.5
608,20,16,1441,16,2,0.63,0.25,40
609,10,4,413,4.6,0,1.3,0.22,16.7
610,11,10,745,8.3,1,0.84,0.24,28.6
611,8,8,720,8,0,0.75,0.13,16.7
612,2,2,180,2,1,1,0.5,50
613,20,18,1599,17.8,3,2.64,0.9,34
614,18,6,702,7.8,0,1.54,0.38,25
615,1,0,33,0.4,0,0,0,0
616,15,11,875,9.7,1,0.82,0.31,37.5
617,10,6,603,6.7,0,0.6,0,0
618,9,5,518,5.8,0,0.69,0.34,50
619,8,8,706,7.8,0,0,0,0
620,11,9,805,8.9,0,0,0,0
621,10,4,403,4.5,1,1.56,1.11,71.4
622,1,0,3,0,0,0,0,0
623,18,16,1199,13.3,4,1.28,0.45,35.3
624,12,8,610,6.8,4,2.5,1.03,41.2
625,1,0,5,0.1,0,0,0,0
626,12,8,709,7.9,0,0.38,0.25,66.7
627,8,2,309,3.4,0,0.88,0.29,33.3
628,2,2,141,1.6,0,0.63,0,0
629,3,0,20,0.2,1,10,5,50
630,1,0,12,0.1,0,0,0,0
631,14,9,781,8.7,6,2.64,0.92,34.8
632,2,0,29,0.3,0,3.33,0,0
633,11,0,123,1.4,0,2.86,1.43,50
634,15,6,611,6.8,2,2.94,1.18,40
635,18,14,1100,12.2,5,3.2,1.15,35.9
636,6,0,110,1.2,0,1.67,1.67,100
637,1,0,12,0.1,0,0,0,0
638,18,12,1228,13.6,1,0.37,0.07,20
639,17,10,904,10,3,1.7,0.3,17.6
640,19,19,1502,16.7,7,2.63,1.08,40.9
641,3,0,22,0.2,0,0,0,0
642,4,4,322,3.6,0,0.83,0,0
643,22,22,1925,21.4,5,1.78,0.75,42.1
644,12,3,341,3.8,0,0.26,0,0
645,4,2,214,2.4,0,1.25,0.83,66.7
646,11,3,408,4.5,1,2.44,0.44,18.2
647,16,13,1170,13,2,0.92,0.31,33.3
648,3,1,136,1.5,0,1.33,0,0
649,1,0,34,0.4,0,0,0,0
650,1,0,8,0.1,0,10,0,0
651,1,1,90,1,0,0,0,0
652,15,14,1203,13.4,0,0.52,0.15,28.6
653,18,15,1204,13.4,3,2.76,0.6,21.6
654,8,2,329,3.7,0,0.54,0.27,50
655,10,6,456,5.1,1,3.53,1.18,33.3
656,16,15,1211,13.5,2,3.26,0.89,27.3
657,20,19,1538,17.1,2,0.88,0.23,26.7
658,2,0,28,0.3,0,3.33,0,0
659,22,13,1129,12.5,1,1.84,0.88,47.8
660,21,21,1890,21,0,0,0,0
661,21,21,1878,20.9,1,0.77,0.19,25
662,12,8,608,6.8,3,2.5,0.88,35.3
663,20,16,1465,16.3,8,1.53,0.8,52
664,20,20,1654,18.4,7,2.23,1.3,58.5
665,14,14,1151,12.8,2,0.55,0.23,42.9
666,21,19,1743,19.4,0,0.57,0.15,27.3
667,3,1,131,1.5,0,0.67,0.67,100
668,5,5,436,4.8,1,0.83,0.21,25
669,2,0,34,0.4,0,0,0,0
670,22,17,1537,17.1,10,2.22,0.99,44.7
671,13,10,714,7.9,0,0.76,0,0
672,19,17,1526,17,0,0.12,0,0
673,2,1,66,0.7,0,4.29,0,0
674,16,9,821,9.1,0,0.99,0.44,44.4
675,17,10,993,11,0,0.09,0,0
676,19,11,821,9.1,1,1.76,0.77,43.8
677,3,0,42,0.5,0,0,0,0
678,13,9,874,9.7,0,0.52,0.1,20
679,19,14,1342,14.9,2,2.08,0.81,38.7
680,23,23,2070,23,0,0,0,0
681,19,15,1036,11.5,4,1.83,0.7,38.1
682,8,7,613,6.8,3,2.35,1.03,43.8
683,1,0,10,0.1,0,0,0,0
684,10,1,194,2.2,1,5,2.27,45.5
685,2,1,94,1,0,4,0,0
686,22,21,1915,21.3,2,0.66,0.19,28.6
687,11,4,395,4.4,1,3.86,1.36,35.3
688,15,14,1111,12.3,1,0.49,0.24,50
689,21,19,1467,16.3,3,1.9,0.55,29
690,19,19,1710,19,0,0,0,0
691,11,8,780,8.7,2,1.84,0.57,31.3
692,8,0,99,1.1,0,2.73,0.91,33.3
693,7,0,132,1.5,0,2,0,0
694,11,10,892,9.9,0,0.51,0,0
695,8,5,437,4.9,1,2.04,0.41,20
696,15,12,1146,12.7,1,0.24,0.16,66.7
697,15,10,889,9.9,1,1.82,0.61,33.3
698,1,1,65,0.7,1,2.86,1.43,50
699,15,15,1350,15,0,0,0,0
700,23,22,1980,22,2,0.64,0.14,21.4
701,1,0,5,0.1,0,10,0,0
702,21,20,1735,19.3,2,0.62,0.16,25
703,18,18,1536,17.1,0,0.18,0,0
704,12,6,578,6.4,0,0.47,0.31,66.7
705,19,17,1521,16.9,1,0.47,0.24,50
706,21,21,1796,20,1,0.55,0.1,18.2
707,10,6,623,6.9,0,0.29,0,0
708,2,0,34,0.4,0,0,0,0
709,3,2,225,2.5,0,0,0,0
710,1,0,8,0.1,0,0,0,0
711,2,0,26,0.3,0,0,0,0
712,20,18,1484,16.5,2,2.18,0.97,44.4
713,17,15,1191,13.2,0,0.3,0.08,25
714,11,11,984,10.9,4,0.46,0.46,100
715,12,7,667,7.4,1,1.35,0.27,20
716,14,10,937,10.4,2,1.44,0.58,40
717,15,2,425,4.7,0,1.49,0.64,42.9
718,4,2,197,2.2,0,0.91,0.45,50
719,5,2,213,2.4,0,1.25,0.42,33.3
720,1,0,1,0,0,0,0,0
721,18,15,1336,14.8,1,1.42,0.41,28.6
722,3,2,150,1.7,0,0,0,0
723,4,2,212,2.4,0,0.42,0,0
724,3,0,58,0.6,0,1.67,0,0
725,23,23,2070,23,0,0,0,0
726,4,0,80,0.9,0,0,0,0
727,21,21,1890,21,2,0.9,0.29,31.6
728,9,2,258,2.9,1,2.07,1.03,50
729,8,0,78,0.9,0,1.11,1.11,100
730,11,3,318,3.5,0,1.14,0.29,25
731,20,20,1647,18.3,0,1.26,0.27,21.7
732,5,0,56,0.6,0,5,0,0
733,16,7,699,7.8,3,1.67,0.64,38.5
734,1,0,8,0.1,0,0,0,0
735,13,11,1021,11.3,1,0.35,0.18,50
736,19,11,891,9.9,2,1.92,0.81,42.1
737,18,18,1479,16.4,0,0.24,0.12,50
738,10,3,310,3.4,0,0.59,0,0
739,20,20,1752,19.5,0,0,0,0
740,1,1,69,0.8,0,0,0,0
741,5,5,327,3.6,0,1.11,0.56,50
742,16,10,835,9.3,2,1.08,0.32,30
743,19,19,1665,18.5,0,0.59,0.16,27.3
744,20,20,1661,18.5,4,2.7,1.35,50
745,2,1,123,1.4,0,0.71,0,0
746,13,9,689,7.7,0,1.56,0.39,25
747,4,0,6,0.1,0,0,0,0
748,10,0,108,1.2,0,3.33,0.83,25
749,18,14,1195,13.3,1,1.5,0.68,45
750,13,6,537,6,0,0.33,0,0
751,21,21,1889,21,0,0.48,0.05,10
752,22,22,1980,22,0,0,0,0
753,1,0,9,0.1,0,0,0,0
754,4,0,36,0.4,0,0,0,0
755,15,4,541,6,1,2.67,0.83,31.3
756,19,14,1390,15.4,0,0.13,0,0
757,16,15,1179,13.1,8,2.82,0.99,35.1
758,21,15,1298,14.4,7,3.61,1.25,34.6
759,3,0,34,0.4,0,0,0,0
760,5,0,45,0.5,0,4,2,50
761,18,8,908,10.1,0,0.3,0,0
762,13,9,823,9.1,1,1.1,0.22,20
763,21,21,1890,21,0,0,0,0
764,19,12,1080,12,1,1.75,0.42,23.8
765,20,12,1093,12.1,3,2.07,0.83,40
766,15,5,541,6,0,1.33,0.5,37.5
767,19,15,1397,15.5,0,0.39,0.06,16.7
768,10,2,241,2.7,0,2.96,0,0
769,16,7,628,7,1,0.71,0.29,40
770,16,5,622,6.9,1,0.72,0.14,20
771,1,1,61,0.7,0,1.43,1.43,100
772,15,9,790,8.8,0,2.39,0.57,23.8
773,15,5,586,6.5,0,0.92,0.15,16.7
774,16,8,742,8.2,3,2.2,0.85,38.9
775,2,0,20,0.2,0,5,0,0
776,13,5,397,4.4,0,1.82,0.68,37.5
777,2,0,71,0.8,0,0,0,0
778,11,1,171,1.9,0,1.05,0,0
779,20,13,1131,12.6,1,1.67,0.48,28.6
780,20,6,824,9.2,5,1.74,0.76,43.8
781,5,1,113,1.3,0,0,0,0
782,16,12,1028,11.4,0,0.53,0,0
783,17,17,1485,16.5,2,0.61,0.3,50
784,20,20,1715,19.1,0,0.63,0.05,8.3
785,19,18,1540,17.1,7,1.93,0.99,51.5
786,20,17,1400,15.6,0,1.79,0.45,25
787,16,9,786,8.7,1,2.53,0.92,36.4
788,1,0,35,0.4,0,5,0,0
789,23,17,1542,17.1,12,1.99,0.99,50
790,18,14,1196,13.3,1,0.9,0.3,33.3
791,17,8,741,8.2,3,3.17,1.46,46.2
792,19,19,1662,18.5,3,1.51,0.38,25
793,5,5,421,4.7,0,0.85,0.21,25
794,19,18,1489,16.5,1,1.39,0.48,34.8
795,14,14,1221,13.6,0,0.07,0,0
796,9,7,555,6.2,0,0.97,0.16,16.7
797,3,2,210,2.3,2,2.17,0.87,40
798,10,10,767,8.5,0,1.41,0.47,33.3
799,21,20,1772,19.7,0,0.56,0.05,9.1
800,13,10,842,9.4,0,0.64,0.32,50
801,4,2,190,2.1,0,0.48,0,0
802,18,14,1333,14.8,0,0.27,0,0
803,18,15,1261,14,0,0.57,0,0
804,9,9,810,9,0,0.11,0.11,100
805,18,11,927,10.3,2,1.26,0.58,46.2
806,22,19,1549,17.2,3,2.27,0.58,25.6
807,9,2,311,3.5,0,0.29,0.29,100
808,14,8,588,6.5,0,2.15,0.62,28.6
809,22,22,1873,20.8,0,0,0,0
810,18,14,1253,13.9,0,0.58,0.22,37.5
811,6,3,224,2.5,0,1.2,0.8,66.7
812,13,12,886,9.8,1,0.92,0.31,33.3
813,16,16,1440,16,0,0.25,0.06,25
814,3,3,270,3,0,0,0,0
815,12,6,567,6.3,2,0.95,0.63,66.7
816,3,3,270,3,0,0,0,0
817,2,1,118,1.3,0,2.31,0.77,33.3
818,10,3,300,3.3,0,1.52,0.61,40
819,17,3,470,5.2,2,2.88,0.77,26.7
820,22,22,1980,22,0,0,0,0
821,14,12,914,10.2,0,0.39,0,0
822,1,0,30,0.3,0,0,0,0
823,8,7,478,5.3,0,1.89,0.57,30
824,20,7,778,8.6,3,4.3,1.16,27
825,13,5,411,4.6,0,0.87,0.22,25
826,2,0,37,0.4,0,0,0,0
827,12,12,1059,11.8,1,0.93,0.17,18.2
828,11,2,245,2.7,0,0.74,0,0
829,8,4,375,4.2,0,0.24,0,0
830,13,10,781,8.7,2,2.18,0.46,21.1
831,1,0,84,0.9,0,1.11,0,0
832,3,2,194,2.2,0,0.45,0,0
833,11,10,772,8.6,0,0.23,0.12,50
834,2,2,147,1.6,1,5.63,3.75,66.7
835,14,7,650,7.2,4,3.61,1.67,46.2
836,12,9,886,9.8,0,0.2,0.1,50
837,14,10,893,9.9,0,0,0,0
838,6,2,233,2.6,3,3.08,1.92,62.5
839,15,12,1007,11.2,3,1.7,0.8,47.4
840,21,21,1888,21,5,2.05,0.62,30.2
841,18,14,1268,14.1,0,0.64,0.07,11.1
842,10,10,900,10,0,0,0,0
843,19,14,1228,13.6,3,0.88,0.51,58.3
844,10,10,900,10,0,0,0,0
845,10,4,256,2.8,0,2.5,1.07,42.9
846,2,2,180,2,0,1.5,0,0
847,1,1,90,1,0,0,0,0
848,16,14,1315,14.6,1,0.55,0.07,12.5
849,2,0,3,0,0,0,0,0
850,20,20,1800,20,0,0,0,0
851,13,12,971,10.8,0,0.28,0,0
852,12,10,868,9.6,0,0.52,0,0
853,5,5,373,4.1,0,0,0,0
854,2,0,92,1,0,0,0,0
855,19,18,1511,16.8,0,0.36,0.06,16.7
856,10,4,405,4.5,0,0.44,0,0
857,2,0,47,0.5,0,2,0,0
858,13,11,929,10.3,7,3.2,1.94,60.6
859,5,1,209,2.3,0,0,0,0
860,3,1,114,1.3,0,0,0,0
861,20,20,1800,20,0,0,0,0
862,8,5,512,5.7,0,0.35,0.18,50
863,17,14,1011,11.2,2,2.59,0.89,34.5
864,2,1,97,1.1,0,0,0,0
865,18,13,1045,11.6,7,2.41,1.21,50
866,1,0,16,0.2,0,5,0,0
867,20,19,1742,19.4,3,2.16,0.62,28.6
868,2,2,180,2,0,1,0.5,50
869,2,2,180,2,0,0.5,0,0
870,8,8,720,8,0,0,0,0
871,22,21,1839,20.4,1,1.03,0.25,23.8
872,8,7,623,6.9,0,0.14,0,0
873,19,18,1589,17.7,1,0.62,0.11,18.2
874,18,11,960,10.7,1,1.59,0.47,29.4
875,17,7,755,8.4,2,0.83,0.36,42.9
876,5,2,159,1.8,0,0,0,0
877,2,2,180,2,0,0,0,0
878,17,11,867,9.6,2,1.25,0.52,41.7
879,1,0,7,0.1,0,0,0,0
880,7,1,113,1.3,0,1.54,1.54,100
881,15,6,665,7.4,0,0.27,0,0
882,9,7,631,7,1,0.43,0.29,66.7
883,3,2,176,2,0,0,0,0
884,1,0,1,0,0,0,0,0
885,5,3,227,2.5,0,0.8,0.8,100
886,22,17,1579,17.5,2,1.09,0.17,15.8
887,8,3,313,3.5,0,1.71,0.29,16.7
888,21,21,1726,19.2,5,1.98,0.94,47.4
889,19,7,763,8.5,2,2.47,0.59,23.8
890,9,5,463,5.1,0,0,0,0
891,10,7,769,8.5,0,0.12,0,0
892,18,16,1461,16.2,0,0.37,0.06,16.7
893,5,2,230,2.6,0,3.46,1.15,33.3
894,18,18,1514,16.8,0,0.18,0.06,33.3
895,15,10,964,10.7,1,0.65,0.28,42.9
896,20,19,1614,17.9,5,1.23,0.56,45.5
897,19,13,1182,13.1,4,2.37,0.69,29
898,1,0,19,0.2,0,0,0,0
899,16,5,525,5.8,0,1.38,0.69,50
900,19,19,1667,18.5,13,3.03,1.19,39.3
901,11,6,603,6.7,0,0.15,0,0
902,19,11,1058,11.8,4,3.47,1.44,41.5
903,3,0,33,0.4,0,5,0,0
904,10,3,394,4.4,0,2.27,0.45,20
905,1,0,23,0.3,0,0,0,0
906,3,3,255,2.8,0,3.21,0.36,11.1
907,20,19,1720,19.1,0,0.37,0,0
908,17,15,1303,14.5,0,0.48,0.14,28.6
909,1,0,32,0.4,0,0,0,0
910,20,10,841,9.3,1,1.4,0.54,38.5
911,18,15,1332,14.8,0,0.2,0.07,33.3
912,15,15,1350,15,0,0,0,0
913,15,15,1272,14.1,0,0.5,0.07,14.3
914,20,16,1394,15.5,7,1.94,1.16,60
915,16,15,1221,13.6,0,0.07,0.07,100
916,16,8,831,9.2,3,1.74,0.65,37.5
917,4,0,59,0.7,0,1.43,0,0
918,12,0,208,2.3,0,3.91,1.3,33.3
919,21,21,1831,20.3,0,1.23,0.54,44
920,18,17,1482,16.5,4,1.45,0.85,58.3
921,3,2,138,1.5,1,2,2,100
922,1,0,25,0.3,0,0,0,0
923,13,7,595,6.6,0,0.3,0,0
924,18,18,1579,17.5,1,0.46,0.11,25
925,11,9,743,8.3,1,0.36,0.12,33.3
926,20,20,1787,19.9,0,0.9,0.3,33.3
927,20,4,565,6.3,1,4.92,0.79,16.1
928,17,5,625,6.9,1,1.88,0.14,7.7
929,16,15,1271,14.1,0,0.28,0.07,25
930,11,3,328,3.6,1,3.33,1.39,41.7
931,6,0,142,1.6,0,1.25,0.63,50
932,1,1,90,1,0,0,0,0
933,1,0,36,0.4,0,5,0,0
934,18,18,1564,17.4,2,0.69,0.34,50
935,6,6,540,6,0,1,0.17,16.7
936,20,15,1268,14.1,1,0.92,0.21,23.1
937,11,11,990,11,0,0,0,0
938,22,22,1980,22,0,0,0,0
939,17,17,1181,13.1,1,0.31,0.15,50
940,15,1,212,2.4,0,4.17,0.83,20
941,22,20,1814,20.2,0,0.3,0,0
942,8,0,95,1.1,0,0,0,0
943,15,12,973,10.8,4,1.57,0.74,47.1
944,20,5,582,6.5,2,2.62,0.77,29.4
945,10,6,417,4.6,2,1.96,1.3,66.7
946,3,0,47,0.5,0,2,0,0
947,6,6,467,5.2,0,0.58,0,0
948,9,0,90,1,0,1,1,100
949,1,0,25,0.3,0,0,0,0
950,2,2,180,2,0,1.5,0.5,33.3
951,19,18,1556,17.3,2,2.14,0.58,27
952,16,10,945,10.5,0,1.62,0.29,17.6
953,17,16,1271,14.1,2,0.57,0.21,37.5
954,16,16,1440,16,0,0,0,0
955,16,15,1265,14.1,0,0.43,0.14,33.3
956,4,0,90,1,0,0,0,0
957,7,2,163,1.8,0,1.11,0,0
958,1,0,17,0.2,0,0,0,0
959,1,1,45,0.5,0,0,0,0
960,20,20,1800,20,3,0.5,0.3,60
961,21,21,1872,20.8,1,0.77,0.1,12.5
962,20,16,1352,15,7,3.6,1.2,33.3
963,20,13,1106,12.3,9,3.98,1.87,46.9
964,10,8,716,8,2,1.63,0.75,46.2
965,4,3,211,2.3,0,1.3,0,0
966,3,3,270,3,0,0,0,0
967,22,18,1576,17.5,5,2.06,0.97,47.2
968,14,8,765,8.5,1,1.18,0.35,30
969,21,21,1675,18.6,2,1.51,0.43,28.6
970,1,0,21,0.2,1,10,5,50
971,7,3,310,3.4,0,0,0,0
972,7,0,76,0.8,0,0,0,0
973,17,11,1106,12.3,0,0.24,0,0
974,3,0,108,1.2,0,2.5,0,0
975,20,20,1641,18.2,1,0.6,0.22,36.4
976,13,6,670,7.4,0,2.16,0.81,37.5
977,14,12,1127,12.5,0,0.16,0,0
978,5,0,111,1.2,0,1.67,0,0
979,11,8,547,6.1,1,0.49,0.16,33.3
980,11,6,726,8.1,0,0.62,0,0
981,16,12,1145,12.7,0,0.39,0.08,20
982,8,5,521,5.8,0,0.69,0,0
983,22,19,1598,17.8,1,0.79,0.17,21.4
984,11,4,450,5,3,3.8,1.4,36.8
985,13,6,595,6.6,1,1.36,0.3,22.2
986,18,18,1576,17.5,0,0.4,0.06,14.3
987,2,0,54,0.6,0,0,0,0
988,3,2,142,1.6,0,0,0,0
989,2,0,77,0.9,0,3.33,0,0
990,16,12,1095,12.2,3,2.13,1.31,61.5
991,15,13,1016,11.3,3,2.48,0.62,25
992,13,8,738,8.2,0,0.73,0,0
993,18,1,363,4,1,1.5,0.25,16.7
994,19,19,1603,17.8,2,0.96,0.34,35.3
995,3,3,226,2.5,0,2,0.8,40
996,17,17,1356,15.1,9,2.85,1.46,51.2
997,19,19,1646,18.3,0,0.55,0.16,30
998,17,17,1412,15.7,1,0.19,0.06,33.3
999,1,0,31,0.3,0,0,0,0
1000,11,6,469,5.2,0,0.77,0.19,25
1001,12,0,251,2.8,0,2.5,0.36,14.3
1002,1,0,11,0.1,0,0,0,0
1003,13,12,1038,11.5,0,0.7,0.09,12.5
1004,20,19,1679,18.7,3,1.93,0.75,38.9
1005,2,0,25,0.3,0,10,0,0
1006,4,2,208,2.3,0,0,0,0
1007,15,11,1040,11.6,2,1.64,0.34,21.1
1008,12,2,318,3.5,1,3.14,0.57,18.2
1009,20,19,1445,16.1,7,3.04,1.74,57.1
1010,4,2,222,2.5,0,0.4,0.4,100
1011,14,6,598,6.6,0,0.45,0.3,66.7
1012,20,13,1266,14.1,6,3.55,1.49,42
1013,19,16,1289,14.3,11,2.17,0.91,41.9
1014,4,4,360,4,0,0,0,0
1015,17,15,1198,13.3,1,0.23,0.08,33.3
1016,21,21,1821,20.2,6,1.04,0.5,47.6
1017,2,0,4,0,0,0,0,0
1018,18,11,960,10.7,0,0.19,0.09,50
1019,13,12,961,10.7,0,0.19,0,0
1020,22,22,1980,22,0,0,0,0
1021,14,8,691,7.7,1,0.39,0.26,66.7
1022,14,8,502,5.6,0,1.96,0.54,27.3
1023,2,1,96,1.1,1,5.45,1.82,33.3
1024,19,18,1604,17.8,2,1.29,0.34,26.1
1025,5,1,109,1.2,0,0.83,0,0
1026,13,8,707,7.9,1,2.41,0.76,31.6
1027,2,0,14,0.2,0,0,0,0
1028,21,21,1890,21,0,0.33,0.19,57.1
1029,21,17,1462,16.2,1,1.3,0.25,19
1030,16,16,1390,15.4,1,0.97,0.39,40
1031,21,12,949,10.5,2,1.43,0.76,53.3
1032,5,1,135,1.5,0,0.67,0,0
1033,2,2,172,1.9,0,2.11,0,0
1034,14,4,492,5.5,1,1.45,0.73,50
1035,13,4,524,5.8,1,0.52,0.17,33.3
1036,3,2,173,1.9,0,0,0,0
1037,17,14,1140,12.7,1,0.16,0.08,50
1038,17,17,1397,15.5,3,0.9,0.32,35.7
1039,1,0,23,0.3,0,6.67,3.33,50
1040,13,12,976,10.8,6,2.59,0.93,35.7
1041,1,0,3,0,0,0,0,0
1042,6,6,540,6,0,0,0,0
1043,7,2,141,1.6,0,0,0,0
1044,18,14,1261,14,0,1,0.21,21.4
1045,16,14,1286,14.3,1,0.35,0.21,60
1046,18,14,1252,13.9,2,2.23,0.58,25.8
1047,20,20,1765,19.6,0,1.07,0.31,28.6
1048,13,11,1003,11.1,1,0.81,0.09,11.1
1049,14,5,525,5.8,5,3.97,1.72,43.5
1050,17,17,1442,16,0,0.38,0.13,33.3
1051,15,9,763,8.5,0,0.94,0.47,50
1052,20,18,1528,17,0,0.65,0.06,9.1
1053,18,13,1216,13.5,0,0.44,0.15,33.3
1054,1,0,8,0.1,0,10,0,0
1055,19,19,1539,17.1,1,1.29,0.47,36.4
1056,14,11,803,8.9,0,0.22,0,0
1057,14,2,413,4.6,1,2.39,1.09,45.5
1058,20,19,1636,18.2,25,3.85,1.98,51.4
1059,15,9,841,9.3,1,0.65,0.32,50
1060,18,18,1253,13.9,5,1.58,0.72,45.5
1061,16,14,1090,12.1,0,0.25,0,0
1062,12,0,313,3.5,1,2.57,0.29,11.1
1063,3,2,191,2.1,0,0.48,0,0
1064,7,4,391,4.3,2,1.63,0.47,28.6
1065,18,5,617,6.9,1,1.45,0.29,20
1066,20,12,1066,11.8,0,0.42,0,0
1067,21,16,1508,16.8,4,0.83,0.42,50
1068,5,4,304,3.4,0,1.47,0.59,40
1069,5,2,240,2.7,1,1.48,0.74,50
1070,17,10,977,10.9,1,0.46,0.18,40
1071,1,0,7,0.1,0,0,0,0
1072,12,8,623,6.9,2,1.59,0.43,27.3
1073,4,4,360,4,0,0.5,0.25,50
1074,8,8,720,8,0,0,0,0
1075,2,2,180,2,0,1,0,0
1076,11,6,498,5.5,0,1.09,0.18,16.7
1077,10,6,515,5.7,0,1.05,0.53,50
1078,3,0,13,0.1,0,0,0,0
1079,19,17,1328,14.8,1,1.22,0.47,38.9
1080,13,2,295,3.3,1,2.73,0.91,33.3
1081,6,4,387,4.3,0,0,0,0
1082,17,17,1397,15.5,1,0.77,0.26,33.3
1083,21,19,1591,17.7,5,2.32,0.96,41.5
1084,3,1,99,1.1,0,0.91,0,0
1085,14,2,464,5.2,0,1.54,0.58,37.5
1086,3,0,60,0.7,1,5.71,2.86,50
1087,2,1,80,0.9,0,2.22,0,0
1088,17,17,1474,16.4,0,0.73,0.06,8.3
1089,17,9,690,7.7,0,0.78,0.39,50
1090,19,10,871,9.7,1,1.55,0.41,26.7
1091,4,4,341,3.8,0,0.26,0,0
1092,18,18,1620,18,0,0,0,0
1093,17,10,919,10.2,0,1.18,0.29,25
1094,15,8,687,7.6,0,0.92,0.53,57.1
1095,4,2,220,2.4,0,0,0,0
1096,2,2,180,2,0,0,0,0
1097,18,14,1324,14.7,2,1.22,0.2,16.7
1098,3,1,130,1.4,0,0.71,0,0
1099,19,14,1160,12.9,1,2.33,0.85,36.7
1100,13,6,687,7.6,1,1.18,0.79,66.7
1101,21,21,1885,20.9,0,0.48,0.1,20
1102,16,13,1029,11.4,2,1.58,0.44,27.8
1103,12,10,893,9.9,0,0.1,0,0
1104,8,6,532,5.9,2,1.19,0.68,57.1
1105,7,6,504,5.6,0,0,0,0
1106,7,6,476,5.3,0,0,0,0
1107,19,19,1709,19,0,0.26,0.05,20
1108,1,0,1,0,0,2,0,0
1109,19,19,1649,18.3,2,1.91,0.33,17.1
1110,8,4,307,3.4,0,1.18,0.29,25
1111,10,10,900,10,0,0,0,0
1112,16,10,776,8.6,2,2.21,0.93,42.1
1113,15,0,146,1.6,1,3.75,1.25,33.3
1114,21,20,1728,19.2,4,2.66,1.3,49
1115,10,9,739,8.2,0,0.49,0.12,25
1116,18,14,1421,15.8,0,0.06,0,0
1117,5,1,92,1,0,0,0,0
1118,18,16,1455,16.2,1,0.68,0.25,36.4
1119,20,20,1714,19,0,0.42,0.05,12.5
1120,18,11,878,9.8,3,2.35,0.92,39.1
1121,5,1,169,1.9,0,0.53,0,0
1122,19,19,1652,18.4,0,0.6,0.16,27.3
1123,16,16,1402,15.6,7,1.41,0.77,54.5
1124,20,17,1456,16.2,7,1.73,0.86,50
1125,6,0,19,0.2,0,0,0,0
1126,12,3,382,4.2,2,1.67,0.95,57.1
1127,4,3,320,3.6,0,0.83,0,0
1128,20,17,1393,15.5,1,0.97,0.32,33.3
1129,8,2,194,2.2,0,0.91,0,0
1130,17,8,832,9.2,1,2.72,1.41,52
1131,9,6,523,5.8,0,0.86,0.34,40
1132,1,1,83,0.9,0,0,0,0
1133,22,20,1730,19.2,3,1.56,0.68,43.3
1134,2,1,59,0.7,0,0,0,0
1135,22,22,1967,21.9,0,0.32,0.14,42.9
1136,1,0,11,0.1,0,0,0,0
1137,19,19,1709,19,0,0,0,0
1138,9,4,365,4.1,0,0.24,0,0
1139,6,3,226,2.5,0,1.2,0,0
1140,15,14,1299,14.4,0,0.21,0,0
1141,12,6,552,6.1,0,0.33,0,0
1142,16,3,376,4.2,0,0.48,0.48,100
1143,16,14,1155,12.8,0,0.86,0.08,9.1
1144,21,21,1589,17.7,3,1.92,0.79,41.2
1145,12,5,515,5.7,3,1.93,0.53,27.3
1146,1,0,23,0.3,0,0,0,0
1147,18,8,803,8.9,0,0.11,0.11,100
1148,22,22,1961,21.8,4,1.06,0.32,30.4
1149,18,10,954,10.6,5,2.83,1.32,46.7
1150,13,13,1088,12.1,0,0.58,0,0
1151,8,2,185,2.1,0,1.43,0.95,66.7
1152,21,21,1890,21,3,0.81,0.29,35.3
1153,1,0,14,0.2,0,10,10,100
1154,21,19,1589,17.7,4,2.2,0.9,41
1155,18,14,1350,15,1,0.87,0.33,38.5
1156,20,19,1480,16.4,9,2.38,0.85,35.9
1157,16,13,1131,12.6,0,0.32,0,0
1158,16,3,443,4.9,3,3.67,1.22,33.3
1159,19,13,1168,13,2,2.31,0.46,20
1160,11,10,851,9.5,0,0.95,0.21,22.2
1161,4,2,148,1.6,0,2.5,0,0
1162,6,0,105,1.2,0,0.83,0,0
1163,4,1,87,1,0,2,0,0
1164,12,6,503,5.6,1,1.43,0.54,37.5
1165,17,15,1187,13.2,7,3.03,1.21,40
1166,3,0,53,0.6,0,3.33,0,0
1167,18,8,824,9.2,6,2.72,1.3,48
1168,14,8,633,7,6,2.71,0.71,26.3
1169,19,10,914,10.2,0,0.2,0,0
1170,6,4,374,4.2,3,2.62,1.9,72.7
1171,2,2,152,1.7,1,1.76,0.59,33.3
1172,12,10,799,8.9,0,0.45,0.11,25
1173,18,17,1449,16.1,2,0.75,0.31,41.7
1174,15,14,1295,14.4,0,0.49,0.14,28.6
1175,10,9,775,8.6,0,0.7,0.47,66.7
1176,18,17,1526,17,0,0.71,0.29,41.7
1177,19,18,1511,16.8,4,1.49,0.71,48
1178,1,0,46,0.5,0,2,0,0
1179,21,21,1872,20.8,1,0.91,0.24,26.3
1180,14,13,1106,12.3,0,0.49,0.08,16.7
1181,14,8,791,8.8,2,1.82,0.8,43.8
1182,20,14,1117,12.4,6,1.45,0.65,44.4
1183,12,9,890,9.9,1,0.2,0.2,100
1184,3,0,63,0.7,0,2.86,0,0
1185,17,13,1106,12.3,1,0.57,0.24,42.9
1186,2,2,180,2,0,0,0,0
1187,19,4,541,6,0,1,0.5,50
1188,1,0,28,0.3,0,6.67,3.33,50
1189,4,2,198,2.2,0,1.36,0.45,33.3
1190,12,3,360,4,1,2.5,0.5,20
1191,10,9,760,8.4,1,1.19,0.48,40
1192,22,15,1419,15.8,2,0.51,0.25,50
1193,12,7,647,7.2,0,0.14,0,0
1194,7,6,515,5.7,0,0.18,0,0
1195,5,1,88,1,0,0,0,0
1196,2,1,47,0.5,0,0,0,0
1197,10,4,365,4.1,0,0.98,0,0
1198,6,4,323,3.6,2,2.78,1.39,50
1199,7,2,293,3.3,3,4.85,2.12,43.8
1200,1,0,9,0.1,0,0,0,0
1201,15,15,1243,13.8,1,0.58,0.29,50
1202,15,7,769,8.5,1,1.06,0.24,22.2
1203,22,22,1675,18.6,3,0.75,0.22,28.6
1204,3,3,270,3,0,1.33,0.67,50
1205,14,14,1219,13.5,5,3.7,1.48,40
1206,7,7,599,6.7,1,0.6,0.15,25
1207,7,3,325,3.6,0,3.33,1.11,33.3
1208,8,1,212,2.4,0,1.67,0.42,25
1209,20,19,1690,18.8,2,1.65,0.59,35.5
1210,7,2,154,1.7,0,0.59,0,0
1211,10,6,554,6.2,0,0,0,0
1212,22,20,1796,20,5,1.6,0.8,50
1213,10,10,867,9.6,0,0.73,0,0
1214,6,1,189,2.1,0,1.9,0.48,25
1215,18,14,1308,14.5,2,0.9,0.55,61.5
1216,17,14,1172,13,0,0.77,0.23,30
1217,1,1,90,1,0,0,0,0
1218,1,0,32,0.4,0,2.5,0,0
1219,18,15,1279,14.2,2,0.21,0.07,33.3
1220,13,3,419,4.7,1,0.64,0.43,66.7
1221,15,2,347,3.9,0,2.31,0.51,22.2
1222,19,19,1710,19,11,2.42,1,41.3
1223,4,2,196,2.2,0,1.36,0.45,33.3
1224,8,4,398,4.4,1,2.73,0.45,16.7
1225,19,12,1010,11.2,3,2.95,0.98,33.3
1226,10,6,548,6.1,3,1.48,0.82,55.6
1227,9,8,705,7.8,0,0.26,0,0
1228,21,19,1777,19.7,1,0.41,0.05,12.5
1229,16,16,1435,15.9,0,0.57,0.06,11.1
1230,20,19,1546,17.2,2,0.76,0.29,38.5
1231,5,0,52,0.6,0,3.33,1.67,50
1232,2,2,150,1.7,0,0.59,0,0
1233,11,6,591,6.6,0,1.21,0.61,50
1234,20,20,1756,19.5,7,2.51,1.23,49
1235,2,2,180,2,0,0.5,0,0
1236,14,14,1252,13.9,0,0.36,0,0
1237,13,8,745,8.3,0,0.36,0.12,33.3
1238,18,18,1557,17.3,2,1.16,0.35,30
1239,11,5,569,6.3,1,0.95,0.32,33.3
1240,4,1,78,0.9,0,1.11,1.11,100
1241,16,7,800,8.9,1,0.45,0.11,25
1242,5,0,131,1.5,0,5.33,2,37.5
1243,8,6,484,5.4,0,0.19,0,0
1244,18,17,1308,14.5,5,2.07,0.83,40
1245,2,0,22,0.2,0,5,0,0
1246,1,1,45,0.5,0,2,0,0
1247,3,3,233,2.6,0,1.92,0.38,20
1248,15,12,972,10.8,4,1.94,1.02,52.4
1249,16,6,623,6.9,1,1.45,0.43,30
1250,16,8,863,9.6,2,1.98,0.73,36.8
1251,19,19,1710,19,0,0.32,0,0
1252,22,17,1670,18.6,1,0.54,0.11,20
1253,17,14,1199,13.3,7,1.43,0.53,36.8
1254,3,1,91,1,0,0,0,0
1255,5,4,408,4.5,0,0,0,0
1256,15,14,1195,13.3,0,0.3,0.08,25
1257,18,14,1138,12.6,1,1.51,0.4,26.3
1258,1,1,90,1,0,0,0,0
1259,16,9,727,8.1,0,0.49,0,0
1260,4,0,47,0.5,0,2,0,0
1261,23,23,2055,22.8,17,3.55,1.58,44.4
1262,17,13,1173,13,2,1.77,0.69,39.1
1263,20,18,1525,16.9,2,1.42,0.47,33.3
1264,2,2,174,1.9,0,1.05,0.53,50
1265,10,4,378,4.2,0,3.1,0.71,23.1
1266,9,1,229,2.5,1,3.2,1.6,50
1267,17,10,930,10.3,0,0.19,0,0
1268,6,0,93,1,0,5,1,20
1269,9,7,547,6.1,0,0.16,0,0
1270,7,4,342,3.8,0,1.05,0,0
1271,4,1,72,0.8,0,2.5,1.25,50
1272,12,2,306,3.4,0,2.65,0.88,33.3
1273,17,15,1195,13.3,3,1.8,0.75,41.7
1274,19,8,725,8.1,4,3.7,1.23,33.3
1275,1,0,23,0.3,0,0,0,0
1276,12,9,713,7.9,0,1.14,0.25,22.2
1277,10,3,304,3.4,0,0.29,0,0
1278,17,17,1485,16.5,0,0.42,0.06,14.3
1279,2,1,121,1.3,0,0,0,0
1280,6,2,247,2.7,0,3.7,0,0
1281,14,5,434,4.8,0,0,0,0
1282,10,10,900,10,0,0.2,0,0
1283,19,19,1654,18.4,0,0.38,0.11,28.6
1284,4,1,83,0.9,0,1.11,0,0
1285,18,18,1571,17.5,0,0.34,0.06,16.7
1286,12,2,365,4.1,0,1.71,0.24,14.3
1287,22,16,1418,15.8,2,1.71,0.63,37
1288,14,10,868,9.6,2,1.98,1.04,52.6
1289,19,19,1663,18.5,0,0.81,0,0
1290,1,0,9,0.1,0,0,0,0
1291,20,3,552,6.1,2,3.77,1.15,30.4
1292,13,13,1096,12.2,1,0.33,0.08,25
1293,22,22,1980,22,0,0.36,0,0
1294,19,18,1599,17.8,3,1.18,0.51,42.9
1295,9,7,625,6.9,0,0.43,0,0
1296,17,17,1443,16,0,0.63,0.13,20
1297,11,8,668,7.4,0,0,0,0
1298,14,0,280,3.1,0,1.29,0.32,25
1299,5,3,289,3.2,0,1.25,0.31,25
1300,15,6,698,7.8,3,2.31,1.03,44.4
1301,14,10,851,9.5,1,1.16,0.53,45.5
1302,19,19,1710,19,2,0.26,0.05,20
1303,16,16,1440,16,0,0,0,0
1304,20,20,1752,19.5,0,0.31,0.05,16.7
1305,17,17,1410,15.7,2,1.4,0.19,13.6
1306,16,13,1121,12.5,0,0.48,0,0
1307,19,13,1073,11.9,3,0.84,0.42,50
1308,2,0,25,0.3,0,0,0,0
1309,18,17,1442,16,9,2.31,1.06,45.9
1310,1,0,25,0.3,0,0,0,0
1311,5,4,382,4.2,0,0.71,0.24,33.3
1312,16,10,962,10.7,0,1.03,0,0
1313,21,5,647,7.2,3,1.25,0.69,55.6
1314,18,18,1560,17.3,1,0.98,0.52,52.9
1315,7,7,520,5.8,0,0.17,0.17,100
1316,21,20,1792,19.9,0,0.2,0,0
1317,21,20,1835,20.4,6,1.81,0.74,40.5
1318,14,7,668,7.4,0,0.14,0,0
1319,21,19,1484,16.5,2,1.33,0.42,31.8
1320,1,1,74,0.8,0,1.25,0,0
1321,19,16,1347,15,2,2.2,0.73,33.3
1322,20,20,1701,18.9,0,0.9,0.16,17.6
1323,4,4,360,4,0,0,0,0
1324,14,12,1115,12.4,2,0.73,0.32,44.4
1325,13,12,1031,11.5,0,0.52,0,0
1326,2,2,180,2,0,0,0,0
1327,12,9,704,7.8,1,0.64,0.64,100
1328,15,7,835,9.3,0,1.29,0,0
1329,10,5,390,4.3,0,1.16,0,0
1330,5,5,379,4.2,1,3.33,1.43,42.9
1331,1,0,1,0,0,0,0,0
1332,15,12,1097,12.2,0,1.23,0.08,6.7
1333,19,14,1365,15.2,5,2.17,0.86,39.4
1334,18,18,1462,16.2,0,0.31,0,0
1335,20,20,1636,18.2,1,0.93,0.38,41.2
1336,1,0,18,0.2,0,0,0,0
1337,1,0,15,0.2,0,5,5,100
1338,17,14,1219,13.5,2,1.26,0.44,35.3
1339,11,8,721,8,0,0.75,0.13,16.7
1340,5,2,272,3,0,3,0.67,22.2
1341,9,9,778,8.6,2,0.58,0.35,60
1342,17,15,1248,13.9,3,2.52,1.22,48.6
1343,15,13,1132,12.6,2,1.67,0.48,28.6
1344,7,4,419,4.7,0,0.43,0.21,50
1345,4,2,134,1.5,0,0.67,0,0
1346,4,2,196,2.2,1,1.36,0.45,33.3
1347,1,0,5,0.1,0,0,0,0
1348,3,2,135,1.5,0,0,0,0
1349,17,16,1232,13.7,8,3.43,1.39,40.4
1350,22,12,1078,12,3,2.17,0.83,38.5
1351,12,7,559,6.2,2,1.77,0.81,45.5
1352,1,0,8,0.1,0,0,0,0
1353,12,9,766,8.5,1,1.53,0.47,30.8
1354,11,9,853,9.5,1,0.42,0.11,25
1355,11,3,350,3.9,0,0.77,0.26,33.3
1356,5,0,82,0.9,0,3.33,1.11,33.3
1357,18,16,1399,15.5,6,2.26,1.29,57.1
1358,4,3,249,2.8,2,3.93,2.14,54.5
1359,22,22,1923,21.4,13,2.85,1.4,49.2
1360,9,2,212,2.4,0,1.67,0,0
1361,15,11,1002,11.1,1,0.27,0.09,33.3
1362,21,21,1889,21,0,0,0,0
1363,2,1,107,1.2,0,0.83,0,0
1364,9,8,674,7.5,0,1.07,0.27,25
1365,7,2,171,1.9,0,1.05,0,0
1366,5,4,373,4.1,0,0.49,0.24,50
1367,16,12,722,8,2,1,0.63,62.5
1368,10,6,567,6.3,0,0.95,0,0
1369,18,12,1217,13.5,3,2.15,1.04,48.3
1370,15,5,470,5.2,3,3.46,1.54,44.4
1371,6,6,481,5.3,0,1.89,0.19,10
1372,14,10,883,9.8,1,2.86,0.71,25
1373,18,2,409,4.5,0,0.67,0,0
1374,5,1,126,1.4,0,1.43,0,0
1375,5,4,376,4.2,0,1.67,0,0
1376,18,18,1540,17.1,0,0.35,0.12,33.3
1377,2,0,47,0.5,2,6,4,66.7
1378,5,2,152,1.7,0,0,0,0
1379,19,13,1150,12.8,1,0.55,0.23,42.9
1380,11,5,463,5.1,0,1.96,0,0
1381,17,12,1116,12.4,1,3.15,0.65,20.5
1382,4,1,107,1.2,0,0.83,0,0
1383,10,0,106,1.2,0,6.67,2.5,37.5
1384,14,5,545,6.1,1,1.15,0.16,14.3
1385,12,4,441,4.9,0,1.63,0,0
1386,15,15,1224,13.6,4,2.65,1.18,44.4
1387,3,3,266,3,1,4.67,1.67,35.7
1388,13,11,893,9.9,1,0.51,0.2,40
1389,9,2,255,2.8,1,1.07,0.36,33.3
1390,15,13,1065,11.8,0,0.59,0.17,28.6
1391,1,0,9,0.1,0,10,0,0
1392,17,16,1323,14.7,3,1.7,0.54,32
1393,18,15,1217,13.5,0,0.22,0.07,33.3
1394,16,11,956,10.6,2,0.85,0.38,44.4
1395,3,1,81,0.9,0,5.56,2.22,40
1396,17,10,952,10.6,5,2.83,1.13,40
1397,22,22,1928,21.4,4,1.36,0.75,55.2
1398,22,22,1980,22,0,0.45,0.23,50
1399,18,15,1295,14.4,0,0.42,0,0
1400,17,15,1356,15.1,0,0.2,0.07,33.3
1401,21,17,1524,16.9,8,3.55,0.95,26.7
1402,1,0,55,0.6,0,0,0,0
1403,10,10,899,10,0,0,0,0
1404,3,3,270,3,0,0,0,0
1405,21,21,1890,21,0,0,0,0
1406,17,17,1417,15.7,3,1.59,0.45,28
1407,17,17,1458,16.2,0,0.43,0,0
1408,9,7,663,7.4,0,0.27,0.14,50
1409,18,18,1488,16.5,3,1.52,0.67,44
1410,16,12,1155,12.8,0,0.7,0.08,11.1
1411,15,9,662,7.4,0,0.81,0.41,50
1412,1,0,2,0,0,0,0,0
1413,1,0,23,0.3,0,0,0,0
1414,4,3,192,2.1,0,0.48,0,0
1415,14,11,838,9.3,0,0.65,0.32,50
1416,6,0,85,0.9,0,1.11,0,0
1417,13,11,935,10.4,0,0.67,0,0
1418,21,21,1890,21,0,0,0,0
1419,12,5,613,6.8,0,1.03,0.29,28.6
1420,17,11,913,10.1,5,1.88,1.29,68.4
1421,17,13,1201,13.3,1,1.13,0.08,6.7
1422,19,16,1355,15.1,0,0.99,0.4,40
1423,22,22,1973,21.9,2,0.73,0.14,18.8
1424,20,20,1718,19.1,0,0,0,0
1425,16,8,709,7.9,0,1.27,0.25,20
1426,1,0,9,0.1,0,10,10,100
1427,17,16,1334,14.8,14,4.32,2.23,51.6
1428,9,0,129,1.4,1,4.29,2.86,66.7
1429,1,0,8,0.1,0,0,0,0
1430,9,5,453,5,0,0.2,0.2,100
1431,9,3,306,3.4,0,2.06,0.59,28.6
1432,17,12,967,10.7,0,1.03,0.19,18.2
1433,20,19,1741,19.3,1,0.52,0.1,20
1434,17,14,1217,13.5,1,0.67,0.44,66.7
1435,8,4,452,5,0,0,0,0
1436,18,16,1207,13.4,7,2.54,1.12,44.1
1437,21,14,1240,13.8,1,0.8,0.29,36.4
1438,14,11,861,9.6,0,1.04,0.21,20
1439,8,7,548,6.1,1,0.16,0.16,100
1440,7,7,630,7,0,0,0,0
1441,5,0,77,0.9,0,1.11,0,0
1442,13,9,768,8.5,3,2.12,0.71,33.3
1443,1,0,17,0.2,0,0,0,0
1444,8,7,649,7.2,0,0.83,0,0
1445,1,0,1,0,0,0,0,0
1446,13,12,1016,11.3,1,1.06,0.18,16.7
1447,21,21,1890,21,0,0,0,0
1448,8,8,521,5.8,1,2.24,0.52,23.1
1449,21,19,1745,19.4,1,0.26,0.1,40
1450,18,17,1400,15.6,0,1.03,0.45,43.8
1451,14,14,1136,12.6,0,0.32,0.08,25
1452,15,13,1059,11.8,0,0.42,0,0
1453,14,13,1099,12.2,0,0.74,0,0
1454,15,13,1032,11.5,0,0.78,0.17,22.2
1455,22,18,1685,18.7,1,1.07,0.32,30
1456,21,16,1299,14.4,12,2.64,1.04,39.5
1457,19,19,1646,18.3,0,0,0,0
1458,18,16,1239,13.8,4,2.68,0.87,32.4
1459,11,11,932,10.4,2,0.77,0.48,62.5
1460,1,1,90,1,0,0,0,0
1461,14,12,1120,12.4,0,0.48,0.16,33.3
1462,19,19,1710,19,0,0,0,0
1463,19,9,794,8.8,1,1.82,0.8,43.8
1464,17,9,725,8.1,0,0.74,0,0
1465,20,20,1771,19.7,0,0.66,0.2,30.8
1466,22,18,1638,18.2,0,0.38,0.16,42.9
1467,7,4,377,4.2,0,0.24,0,0
1468,5,5,426,4.7,0,2.13,0.21,10
1469,20,12,1048,11.6,2,3.1,0.43,13.9
1470,2,0,12,0.1,0,0,0,0
1471,19,12,1139,12.7,0,1.73,0.47,27.3
1472,20,11,981,10.9,3,2.75,0.92,33.3
1473,4,0,17,0.2,0,0,0,0
1474,6,3,291,3.2,0,1.56,0.94,60
1475,18,18,1550,17.2,0,0.35,0.12,33.3
1476,17,17,1483,16.5,1,0.79,0.36,46.2
1477,19,4,591,6.6,1,2.58,1.52,58.8
1478,6,5,392,4.4,1,0.68,0.45,66.7
1479,20,16,1434,15.9,2,1.07,0.38,35.3
1480,9,4,395,4.4,1,2.05,0.91,44.4
1481,19,18,1637,18.2,1,0.27,0.11,40
1482,18,18,1483,16.5,7,2.36,0.91,38.5
1483,1,0,1,0,0,0,0,0
1484,16,13,1195,13.3,2,1.13,0.23,20
1485,5,5,450,5,0,0,0,0
1486,1,1,90,1,0,0,0,0
1487,20,20,1714,19,1,0.32,0.16,50
1488,13,7,697,7.7,0,1.04,0.39,37.5
1489,16,10,894,9.9,1,1.62,0.51,31.3
1490,18,6,618,6.9,0,1.59,0.14,9.1
1491,5,1,165,1.8,0,1.67,0.56,33.3
1492,18,17,1547,17.2,5,2.03,0.76,37.1
1493,19,16,1379,15.3,1,0.65,0.2,30
1494,2,2,180,2,0,1.5,0.5,33.3
1495,16,15,1273,14.1,9,3.19,1.06,33.3
1496,2,1,112,1.2,0,1.67,0.83,50
1497,19,18,1560,17.3,1,0.58,0.12,20
1498,3,1,123,1.4,0,0,0,0
1499,1,0,74,0.8,0,0,0,0
1500,10,9,653,7.3,0,0.55,0,0
1501,9,4,426,4.7,0,0.85,0.21,25
1502,18,10,955,10.6,0,1.04,0.38,36.4
1503,23,18,1661,18.5,0,0.54,0,0
1504,9,4,391,4.3,0,0.23,0,0
1505,2,0,65,0.7,0,1.43,1.43,100
1506,16,10,898,10,4,2.4,0.9,37.5
1507,16,11,923,10.3,1,1.36,0.29,21.4
1508,7,7,630,7,0,0,0,0
1509,18,13,1101,12.2,2,1.89,0.66,34.8
1510,11,6,634,7,0,0,0,0
1511,17,9,801,8.9,1,1.8,0.34,18.8
1512,16,11,805,8.9,0,0.79,0,0
1513,2,1,129,1.4,0,0.71,0,0
1514,8,1,198,2.2,0,2.73,0.45,16.7
1515,12,10,711,7.9,0,0.51,0.13,25
1516,13,9,845,9.4,0,0.32,0.11,33.3
1517,1,0,10,0.1,0,10,10,100
1518,9,1,322,3.6,1,1.94,1.11,57.1
1519,7,4,297,3.3,0,2.12,0,0
1520,5,2,177,2,0,1.5,0,0
1521,13,11,821,9.1,0,2.64,1.32,50
1522,15,5,553,6.1,1,3.11,0.98,31.6
1523,6,4,365,4.1,1,3.41,0.73,21.4
1524,15,15,1203,13.4,0,0.9,0.3,33.3
1525,5,0,69,0.8,0,0,0,0
1526,21,21,1890,21,0,0,0,0
1527,2,0,15,0.2,0,0,0,0
1528,22,22,1821,20.2,0,0.64,0.1,15.4
1529,20,20,1755,19.5,0,0,0,0
1530,19,19,1655,18.4,0,0.33,0,0
1531,9,5,441,4.9,0,0.2,0.2,100
1532,15,10,916,10.2,1,2.16,0.39,18.2
1533,14,12,906,10.1,6,3.86,1.68,43.6
1534,14,10,693,7.7,0,0.78,0.13,16.7
1535,18,9,895,9.9,1,0.61,0,0
1536,9,8,798,8.9,0,0,0,0
1537,1,0,11,0.1,0,0,0,0
1538,1,0,19,0.2,0,0,0,0
1539,3,1,95,1.1,0,0,0,0
1540,20,14,1191,13.2,1,1.14,0.38,33.3
1541,14,3,327,3.6,0,3.89,0.56,14.3
1542,15,3,428,4.8,1,3.54,0.42,11.8
1543,4,4,360,4,0,0,0,0
1544,21,21,1807,20.1,5,2.34,0.9,38.3
1545,19,19,1710,19,0,0,0,0
1546,21,20,1655,18.4,0,1.41,0.38,26.9
1547,4,1,107,1.2,0,0,0,0
1548,19,17,1529,17,1,0.29,0.06,20
1549,1,0,9,0.1,0,0,0,0
1550,21,19,1619,18,0,0.06,0,0
1551,12,2,323,3.6,0,0.56,0,0
1552,14,12,1138,12.6,1,0.4,0.16,40
1553,12,11,1005,11.2,0,1.25,0.36,28.6
1554,5,0,44,0.5,0,6,0,0
1555,7,3,324,3.6,0,1.94,1.11,57.1
1556,21,16,1503,16.7,2,1.26,0.42,33.3
1557,18,17,1485,16.5,3,0.73,0.24,33.3
1558,17,13,1066,11.8,0,0.25,0.08,33.3
1559,19,8,790,8.8,3,2.95,1.02,34.6
1560,1,0,1,0,0,0,0,0
1561,22,20,1824,20.3,2,0.59,0.2,33.3
1562,2,2,135,1.5,0,0.67,0,0
1563,16,11,1023,11.4,0,1.05,0.26,25
1564,12,8,655,7.3,0,0.82,0.27,33.3
1565,3,2,157,1.7,0,0.59,0,0
1566,9,6,458,5.1,3,2.16,0.98,45.5
1567,17,17,1421,15.8,3,0.82,0.25,30.8
1568,3,0,41,0.5,0,0,0,0
1569,4,2,133,1.5,0,1.33,1.33,100
1570,9,6,555,6.2,2,1.29,0.48,37.5
1571,9,1,191,2.1,0,0.48,0,0
1572,21,21,1726,19.2,7,2.71,0.94,34.6
1573,17,16,1351,15,2,1,0.13,13.3
1574,19,19,1654,18.4,0,0,0,0
1575,9,9,810,9,0,0.78,0.11,14.3
1576,21,19,1675,18.6,12,3.92,1.51,38.4
1577,20,18,1568,17.4,1,0.23,0.06,25
1578,15,13,1181,13.1,1,1.22,0.61,50
1579,1,0,7,0.1,0,10,0,0
1580,10,3,335,3.7,0,3.24,0.81,25
1581,22,21,1918,21.3,0,0.52,0.28,54.5
1582,18,18,1547,17.2,0,0.29,0.06,20
1583,4,4,304,3.4,1,0.29,0.29,100
1584,15,15,1350,15,0,0,0,0
1585,16,10,1039,11.5,2,0.35,0.26,75
1586,2,1,107,1.2,0,0.83,0,0
1587,4,0,48,0.5,0,0,0,0
1588,6,0,42,0.5,0,2,0,0
1589,4,1,137,1.5,0,0.67,0,0
1590,11,6,536,6,0,0.17,0.17,100
1591,18,4,511,5.7,1,3.16,1.05,33.3
1592,22,11,1223,13.6,1,0.59,0.22,37.5
1593,9,7,642,7.1,0,0,0,0
1594,10,10,876,9.7,0,0.1,0,0
1595,6,2,227,2.5,0,0.4,0,0
1596,16,15,1331,14.8,0,0.34,0.14,40
1597,14,7,712,7.9,1,2.03,0.89,43.8
1598,2,2,146,1.6,0,1.25,1.25,100
1599,12,11,796,8.8,2,2.05,0.91,44.4
1600,17,16,1418,15.8,2,1.84,0.51,27.6
1601,2,1,98,1.1,0,0,0,0
1602,1,1,68,0.8,0,1.25,0,0
1603,14,10,837,9.3,7,2.47,1.08,43.5
1604,1,1,5,0.1,0,0,0,0
1605,8,6,541,6,0,0.67,0,0
1606,20,20,1624,18,4,1.56,0.39,25
1607,11,6,556,6.2,0,0.65,0,0
1608,15,15,1199,13.3,2,0.83,0.23,27.3
1609,6,1,144,1.6,0,0,0,0
1610,19,17,1468,16.3,13,4.42,2.21,50
1611,7,6,537,6,0,0.17,0,0
1612,23,22,1925,21.4,2,0.75,0.23,31.3
1613,22,22,1657,18.4,5,1.96,0.92,47.2
1614,2,0,25,0.3,0,0,0,0
1615,6,0,66,0.7,0,2.86,0,0
1616,17,14,1223,13.6,0,1.54,0.37,23.8
1617,18,17,1462,16.2,0,0.12,0,0
1618,2,1,123,1.4,0,0,0,0
1619,15,13,1052,11.7,1,0.68,0.34,50
1620,19,11,981,10.9,2,1.19,0.18,15.4
1621,15,7,753,8.4,0,0.83,0.36,42.9
1622,17,16,1267,14.1,0,0.14,0,0
1623,20,20,1700,18.9,1,0.42,0.11,25
1624,21,21,1838,20.4,3,0.74,0.2,26.7
1625,3,2,249,2.8,0,0.36,0,0
1626,15,14,1139,12.7,0,0.79,0.08,10
1627,9,5,400,4.4,0,1.36,0.23,16.7
1628,15,14,1084,12,2,1.17,0.5,42.9
1629,16,4,530,5.9,0,0,0,0
1630,2,2,114,1.3,1,4.62,2.31,50
1631,2,0,22,0.2,0,5,0,0
1632,11,8,694,7.7,0,0.13,0,0
1633,14,10,896,10,1,0.5,0.4,80
1634,20,17,1483,16.5,0,0.61,0.12,20
1635,19,17,1451,16.1,7,2.36,0.93,39.5
1636,1,0,1,0,0,0,0,0
1637,6,2,170,1.9,0,2.63,1.05,40
1638,5,1,223,2.5,0,0.8,0,0
1639,20,20,1622,18,0,0.33,0,0
1640,9,8,765,8.5,0,0,0,0
1641,14,14,1127,12.5,0,0.08,0,0
1642,11,3,420,4.7,1,0.43,0.21,50
1643,13,13,1157,12.9,0,0.16,0.08,50
1644,18,17,1559,17.3,0,0.35,0.12,33.3
1645,21,21,1890,21,0,0,0,0
1646,16,15,1285,14.3,1,1.68,0.7,41.7
1647,16,15,1265,14.1,0,0.85,0.21,25
1648,1,1,20,0.2,0,0,0,0
1649,16,14,1068,11.9,2,1.43,0.67,47.1
1650,21,21,1890,21,0,0,0,0
1651,18,18,1577,17.5,10,4.57,1.94,42.5
1652,15,11,879,9.8,2,1.73,0.71,41.2
1653,9,7,566,6.3,0,0.63,0,0
1654,4,4,360,4,0,0,0,0
1655,13,0,264,2.9,3,2.07,0.69,33.3
1656,1,0,8,0.1,0,0,0,0
1657,2,0,27,0.3,0,0,0,0
1658,16,14,1288,14.3,2,0.84,0.21,25
1659,17,10,986,11,6,2.64,1.45,55.2
1660,2,2,129,1.4,0,0.71,0,0
1661,21,20,1746,19.4,4,1.7,0.46,27.3
1662,22,22,1980,22,0,0,0,0
1663,16,14,1218,13.5,3,0.89,0.3,33.3
1664,11,2,293,3.3,0,1.52,0,0
1665,14,13,1165,12.9,0,0.31,0.08,25
1666,19,14,1205,13.4,6,1.57,0.3,19
1667,11,3,354,3.9,0,1.54,0.77,50
1668,14,5,546,6.1,0,0.98,0.16,16.7
1669,2,0,15,0.2,0,5,0,0
1670,20,20,1755,19.5,2,0.26,0.1,40
1671,3,3,234,2.6,1,1.15,0.77,66.7
1672,12,7,480,5.3,1,1.89,0.94,50
1673,19,19,1710,19,0,0.05,0,0
1674,16,10,964,10.7,0,0.28,0,0
1675,14,9,764,8.5,3,3.76,1.06,28.1
1676,16,14,1162,12.9,4,1.86,0.78,41.7
1677,5,3,272,3,0,0.67,0.33,50
1678,18,9,829,9.2,0,1.85,0.54,29.4
1679,20,18,1460,16.2,0,0.19,0.06,33.3
1680,16,9,930,10.3,5,1.84,1.07,57.9
1681,19,19,1633,18.1,11,4.2,1.33,31.6
1682,14,11,1041,11.6,0,0.09,0,0
1683,10,4,535,5.9,0,0.68,0,0
1684,18,13,1149,12.8,1,1.02,0.08,7.7
1685,14,7,750,8.3,2,2.53,1.08,42.9
1686,19,13,1122,12.5,3,1.68,0.32,19
1687,2,2,162,1.8,0,0.56,0.56,100
1688,18,17,1386,15.4,12,2.14,1.17,54.5
1689,22,12,1203,13.4,5,2.54,0.75,29.4
1690,12,8,706,7.8,0,1.15,0,0
1691,9,4,457,5.1,0,0.2,0.2,100
1692,3,3,270,3,0,1,0,0
1693,1,0,15,0.2,0,0,0,0
1694,16,16,1374,15.3,0,0.59,0.07,11.1
1695,5,1,229,2.5,0,0.4,0,0
1696,3,2,155,1.7,0,1.18,0,0
1697,9,4,410,4.6,1,2.39,0.22,9.1
1698,20,12,1222,13.6,0,1.76,0.37,20.8
1699,17,11,997,11.1,1,1.26,0.27,21.4
1700,5,4,315,3.5,0,0.29,0,0
1701,6,3,231,2.6,0,2.69,0.38,14.3
1702,13,9,801,8.9,0,0.45,0.11,25
1703,21,21,1890,21,0,0,0,0
1704,3,3,183,2,0,0,0,0
1705,20,12,1119,12.4,4,1.37,0.48,35.3
1706,1,0,12,0.1,0,0,0,0
1707,20,15,1159,12.9,7,3.02,1.4,46.2
1708,9,0,63,0.7,0,1.43,0,0
1709,10,7,606,6.7,0,1.04,0.15,14.3
1710,3,1,216,2.4,0,2.5,0.42,16.7
1711,15,15,1350,15,0,0.87,0.27,30.8
1712,5,5,413,4.6,0,0.87,0.22,25
1713,12,11,919,10.2,5,2.75,1.18,42.9
1714,2,0,13,0.1,0,0,0,0
1715,15,9,802,8.9,0,1.35,0.34,25
1716,13,6,570,6.3,0,2.06,0.63,30.8
1717,4,2,158,1.8,0,0,0,0
1718,1,0,27,0.3,0,0,0,0
1719,9,4,418,4.6,0,1.09,0.22,20
1720,2,0,15,0.2,0,0,0,0
1721,3,1,145,1.6,0,1.25,0,0
1722,15,11,996,11.1,3,1.35,0.36,26.7
1723,12,1,263,2.9,2,2.07,0.69,33.3
1724,18,11,949,10.5,6,2.76,1.52,55.2
1725,9,6,516,5.7,4,4.04,1.23,30.4
1726,21,19,1539,17.1,3,1.81,0.53,29
1727,8,0,98,1.1,0,0.91,0,0
1728,17,7,698,7.8,1,2.56,0.9,35
1729,20,16,1396,15.5,0,0.77,0.06,8.3
1730,4,0,58,0.6,0,0,0,0
1731,19,13,1161,12.9,0,1.24,0.31,25
1732,1,0,4,0,0,0,0,0
1733,3,2,147,1.6,0,0.63,0,0
1734,17,10,1007,11.2,0,0.89,0.18,20
1735,1,1,6,0.1,0,0,0,0
1736,19,19,1710,19,0,0,0,0
1737,13,10,812,9,4,2.44,1.44,59.1
1738,4,2,193,2.1,0,0.48,0.48,100
1739,19,16,1437,16,3,2,0.63,31.3
1740,18,13,1107,12.3,0,1.63,0.33,20
1741,11,9,756,8.4,0,0.36,0.12,33.3
1742,2,0,12,0.1,0,0,0,0
1743,13,6,579,6.4,1,1.72,0.47,27.3
1744,11,8,685,7.6,0,0.13,0,0
1745,19,19,1654,18.4,8,2.34,0.82,34.9
1746,22,5,557,6.2,1,1.94,0.81,41.7
1747,9,3,381,4.2,0,0.48,0,0
1748,18,17,1391,15.5,0,0.97,0.13,13.3
1749,19,17,1360,15.1,10,2.65,1.19,45
1750,16,16,1357,15.1,0,0,0,0
1751,5,0,68,0.8,0,2.5,0,0
1752,14,14,1182,13.1,0,0,0,0
1753,6,2,213,2.4,0,0.83,0.42,50
1754,21,21,1778,19.8,0,0.35,0.1,28.6
1755,19,12,1050,11.7,2,1.11,0.34,30.8
1756,19,19,1702,18.9,0,0.37,0.05,14.3
1757,1,1,90,1,0,0,0,0
1758,10,3,304,3.4,0,0.59,0.29,50
1759,14,12,1092,12.1,1,0.5,0.17,33.3
1760,11,5,507,5.6,0,0.54,0.18,33.3
1761,6,4,370,4.1,0,0.98,0,0
1762,5,1,148,1.6,0,1.88,0,0
1763,8,6,563,6.3,0,0.32,0.16,50
1764,14,1,314,3.5,0,3.43,1.43,41.7
1765,17,12,1071,11.9,0,0.42,0.17,40
1766,2,2,180,2,0,0,0,0
1767,7,3,245,2.7,0,0.74,0,0
1768,4,2,200,2.2,0,0.45,0,0
1769,8,3,320,3.6,0,1.94,0.56,28.6
1770,15,10,898,10,0,0.5,0.2,40
1771,19,6,545,6.1,0,2.13,0.16,7.7
1772,14,7,556,6.2,1,2.1,0.97,46.2
1773,2,0,65,0.7,2,4.29,4.29,100
1774,10,0,115,1.3,1,2.31,0.77,33.3
1775,12,12,1035,11.5,0,0,0,0
1776,8,8,599,6.7,0,1.64,0.3,18.2
1777,8,1,144,1.6,0,0,0,0
1778,12,12,1080,12,0,0.17,0.08,50
1779,9,6,529,5.9,0,1.53,0.34,22.2
1780,21,21,1890,21,5,1.9,0.38,20
1781,19,17,1495,16.6,12,2.05,1.02,50
1782,4,0,147,1.6,0,3.13,1.25,40
1783,2,1,85,0.9,1,6.67,3.33,50
1784,2,2,160,1.8,0,1.67,1.11,66.7
1785,1,1,70,0.8,0,2.5,2.5,100
1786,17,13,1037,11.5,3,1.91,0.43,22.7
1787,13,11,910,10.1,1,0.4,0.1,25
1788,21,21,1825,20.3,0,0.39,0.15,37.5
1789,5,4,385,4.3,1,0.47,0.23,50
1790,14,10,910,10.1,4,2.77,1.49,53.6
1791,2,1,97,1.1,0,4.55,0.91,20
1792,16,6,536,6,1,1.67,0.83,50
1793,20,19,1689,18.8,0,0.32,0,0
1794,1,0,12,0.1,0,0,0,0
1795,14,13,1133,12.6,0,0.56,0.08,14.3
1796,1,0,22,0.2,0,0,0,0
1797,19,7,781,8.7,4,3.45,1.49,43.3
1798,15,14,1282,14.2,12,2.89,1.2,41.5
1799,13,10,834,9.3,4,2.26,0.75,33.3
1800,1,0,10,0.1,0,0,0,0
1801,20,14,1116,12.4,4,1.69,0.4,23.8
1802,21,12,1213,13.5,1,0.96,0.3,30.8
1803,7,2,184,2,1,1.5,1,66.7
1804,1,0,20,0.2,0,0,0,0
1805,10,0,116,1.3,0,3.08,0,0
1806,23,23,2070,23,0,0,0,0
1807,19,17,1408,15.6,0,1.41,0.38,27.3
1808,15,11,989,11,5,5.55,2.27,41
1809,19,19,1710,19,0,0.42,0.05,12.5
1810,6,3,385,4.3,0,0.23,0,0
1811,6,6,485,5.4,0,0.37,0,0
1812,1,0,1,0,0,0,0,0
1813,12,12,972,10.8,0,0.46,0.09,20
1814,1,1,90,1,0,0,0,0
1815,18,18,1596,17.7,9,2.26,0.85,37.5
1816,12,11,959,10.7,1,0.93,0.56,60
1817,13,6,584,6.5,1,1.08,0.31,28.6
1818,10,7,560,6.2,0,0.81,0,0
1819,18,18,1592,17.7,0,0,0,0
1820,17,14,1058,11.8,1,1.1,0.17,15.4
1821,7,2,283,3.1,0,2.9,0.65,22.2
1822,6,6,540,6,0,0,0,0
1823,20,8,879,9.8,3,1.53,0.51,33.3
1824,4,2,194,2.2,0,0,0,0
1825,7,5,477,5.3,0,0.19,0,0
1826,14,10,944,10.5,0,0.19,0,0
1827,20,17,1444,16,5,2.25,0.69,30.6
1828,13,9,845,9.4,0,0.53,0.21,40
1829,3,0,65,0.7,0,4.29,1.43,33.3
1830,12,9,869,9.7,0,0.31,0,0
1831,2,0,19,0.2,0,0,0,0
1832,7,4,233,2.6,0,0,0,0
1833,21,15,1375,15.3,2,1.5,0.33,21.7
1834,19,19,1651,18.3,0,0.55,0.11,20
1835,10,7,577,6.4,0,0.47,0.16,33.3
1836,15,5,531,5.9,1,0.34,0.17,50
1837,13,10,747,8.3,2,3.13,1.08,34.6
1838,3,2,236,2.6,0,0,0,0
1839,2,2,172,1.9,0,0,0,0
1840,14,14,1166,13,0,0,0,0
1841,4,4,360,4,0,0,0,0
1842,19,4,610,6.8,1,1.32,0.29,22.2
1843,19,17,1485,16.5,1,1.21,0.18,15
1844,13,13,1170,13,0,0,0,0
1845,11,5,357,4,0,0.75,0,0
1846,20,20,1741,19.3,8,2.59,1.19,46
1847,2,0,15,0.2,0,0,0,0
1848,2,1,118,1.3,0,0.77,0.77,100
1849,12,4,442,4.9,0,0.61,0.2,33.3
1850,22,16,1355,15.1,9,3.44,1.66,48.1
1851,19,19,1710,19,3,0.89,0.32,35.3
1852,18,16,1396,15.5,0,0.32,0,0
1853,15,5,566,6.3,2,2.7,1.27,47.1
1854,16,11,975,10.8,3,1.11,0.37,33.3
1855,1,0,7,0.1,0,0,0,0
1856,18,12,1151,12.8,5,3.59,1.09,30.4
1857,1,0,1,0,0,0,0,0
1858,15,5,521,5.8,0,1.72,0.69,40
1859,17,16,1401,15.6,16,4.42,1.79,40.6
1860,13,3,363,4,0,0.5,0,0
1861,17,17,1423,15.8,0,0.89,0.06,7.1
1862,3,3,258,2.9,0,3.45,0.69,20
1863,18,18,1548,17.2,6,3.02,0.99,32.7
1864,15,2,312,3.5,0,2.57,1.14,44.4
1865,2,0,42,0.5,0,2,2,100
1866,3,0,33,0.4,1,5,2.5,50
1867,15,13,1129,12.5,0,1.84,0.48,26.1
1868,2,0,15,0.2,0,5,0,0
1869,13,9,784,8.7,1,2.41,0.92,38.1
1870,11,9,752,8.4,0,0.6,0.12,20
1871,3,1,94,1,0,0,0,0
1872,8,4,314,3.5,1,2,0.86,42.9
1873,6,1,174,1.9,1,1.05,0.53,50
1874,16,14,1180,13.1,0,0.15,0.08,50
1875,6,4,509,5.7,0,1.05,0.35,33.3
1876,1,0,1,0,0,0,0,0
1877,2,0,9,0.1,0,0,0,0
1878,1,1,90,1,0,0,0,0
1879,9,7,678,7.5,0,0.13,0,0
1880,12,4,400,4.4,1,3.86,0.91,23.5
1881,1,0,6,0.1,0,0,0,0
1882,15,10,835,9.3,1,0.86,0.32,37.5
1883,15,14,1165,12.9,0,0.23,0.16,66.7
1884,1,0,10,0.1,1,10,10,100
1885,19,18,1500,16.7,5,2.57,0.66,25.6
1886,22,22,1955,21.7,3,1.29,0.32,25
1887,16,16,1368,15.2,0,0.26,0.07,25
1888,9,0,119,1.3,0,1.54,0,0
1889,22,21,1877,20.9,0,0.24,0.05,20
1890,11,7,547,6.1,1,1.15,0.49,42.9
1891,8,0,176,2,1,2.5,1,40
1892,4,0,82,0.9,0,0,0,0
1893,1,0,13,0.1,0,10,0,0
1894,15,14,1084,12,2,2.58,0.67,25.8
1895,2,2,159,1.8,0,2.78,0.56,20
1896,6,1,140,1.6,0,2.5,1.25,50
1897,12,1,293,3.3,1,0.61,0.61,100
1898,13,4,523,5.8,0,1.55,0.17,11.1
1899,3,0,52,0.6,0,0,0,0
1900,20,20,1755,19.5,1,0.72,0.26,35.7
1901,20,20,1690,18.8,2,0.74,0.11,14.3
1902,1,0,10,0.1,0,0,0,0
1903,2,0,33,0.4,0,0,0,0
1904,18,18,1539,17.1,2,1.29,0.18,13.6
1905,1,0,11,0.1,0,10,0,0
1906,19,12,1023,11.4,2,1.14,0.35,30.8
1907,2,0,49,0.5,0,0,0,0
1908,1,0,5,0.1,0,0,0,0
1909,11,9,805,8.9,0,0.11,0,0
1910,22,22,1980,22,0,0,0,0
1911,13,11,988,11,0,0.73,0.09,12.5
1912,4,1,82,0.9,1,2.22,1.11,50
1913,12,9,740,8.2,1,1.34,0.12,9.1
1914,17,15,1377,15.3,1,1.05,0.39,37.5
1915,20,20,1738,19.3,0,0,0,0
1916,18,8,700,7.8,2,2.69,0.51,19
1917,7,3,286,3.2,0,0.63,0.31,50
1918,5,3,267,3,0,0.33,0,0
1919,16,11,1031,11.5,0,0.17,0,0
1920,12,10,836,9.3,0,1.61,0.65,40
1921,20,17,1539,17.1,5,0.94,0.47,50
1922,20,9,1119,12.4,3,1.85,0.56,30.4
1923,18,13,984,10.9,4,2.11,0.55,26.1
1924,2,2,180,2,0,0,0,0
1925,3,1,88,1,0,0,0,0
1926,11,4,369,4.1,1,1.46,0.73,50
1927,19,19,1610,17.9,2,2.01,0.56,27.8
1928,9,7,557,6.2,0,2.26,0.32,14.3
1929,1,0,32,0.4,0,0,0,0
1930,1,1,65,0.7,0,2.86,0,0
1931,11,7,653,7.3,0,1.51,0.27,18.2
1932,7,7,630,7,0,0,0,0
1933,15,14,1225,13.6,6,2.87,1.1,38.5
1934,4,1,95,1.1,0,0.91,0,0
1935,10,7,570,6.3,0,0.63,0,0
1936,1,1,45,0.5,0,0,0,0
1937,12,1,256,2.8,0,0,0,0
1938,23,23,1904,21.2,2,1.42,0.52,36.7
1939,2,2,180,2,0,0,0,0
1940,18,14,1184,13.2,1,0.98,0.15,15.4
1941,18,14,1079,12,1,1.5,0.58,38.9
1942,1,0,3,0,0,0,0,0
1943,18,18,1549,17.2,2,1.45,0.52,36
1944,8,3,382,4.2,0,1.9,0.48,25
1945,2,0,41,0.5,0,2,0,0
1946,19,9,858,9.5,0,2.21,0.53,23.8
1947,4,0,41,0.5,0,2,0,0
1948,19,15,1343,14.9,0,1.68,0.47,28
1949,14,5,628,7,3,2.43,0.86,35.3
1950,9,7,613,6.8,0,0.15,0,0
1951,19,19,1573,17.5,1,0.69,0.34,50
1952,7,6,588,6.5,0,0,0,0
1953,23,16,1420,15.8,0,0.95,0.19,20
1954,20,14,1179,13.1,2,1.76,0.31,17.4
1955,21,8,776,8.6,2,1.63,0.93,57.1
1956,13,9,913,10.1,0,0.1,0.1,100
1957,19,18,1534,17,3,0.94,0.24,25
1958,16,10,860,9.6,2,1.77,0.63,35.3
1959,16,0,193,2.1,0,1.9,0,0
1960,7,0,146,1.6,0,1.25,0,0
1961,18,16,1431,15.9,0,0.44,0,0
1962,10,7,647,7.2,0,0.28,0,0
1963,14,6,647,7.2,0,1.67,0.14,8.3
1964,3,1,116,1.3,0,0.77,0.77,100
1965,1,0,20,0.2,0,0,0,0
1966,3,0,21,0.2,0,5,0,0
1967,2,1,66,0.7,0,1.43,0,0
1968,17,13,1149,12.8,3,2.42,0.94,38.7
1969,7,2,192,2.1,0,1.9,0.95,50
1970,2,0,60,0.7,0,2.86,1.43,50
1971,19,17,1395,15.5,1,1.1,0.39,35.3
1972,20,20,1800,20,0,0,0,0
1973,19,17,1467,16.3,1,0.55,0.12,22.2
1974,1,1,44,0.5,0,2,0,0
1975,14,7,653,7.3,0,0.41,0.27,66.7
1976,17,16,1305,14.5,3,2.69,0.76,28.2
1977,14,14,1260,14,0,0.5,0.21,42.9
1978,19,14,1115,12.4,2,1.69,0.73,42.9
1979,6,4,384,4.3,0,0.7,0,0
1980,9,6,590,6.6,0,0.3,0,0
1981,10,5,407,4.5,0,2.89,0.44,15.4
1982,20,13,1278,14.2,1,1.27,0.49,38.9
1983,16,9,919,10.2,0,1.76,0.88,50
1984,16,15,1221,13.6,0,0.29,0.07,25
1985,15,12,1041,11.6,2,1.38,0.6,43.8
1986,13,6,574,6.4,1,1.56,0.47,30
1987,21,16,1312,14.6,5,2.26,0.89,39.4
1988,1,0,4,0,0,0,0,0
1989,19,10,827,9.2,3,2.17,0.33,15
1990,14,4,465,5.2,1,1.15,0.77,66.7
1991,19,5,680,7.6,3,2.11,0.92,43.8
1992,19,14,1137,12.6,0,0.56,0.08,14.3
1993,9,9,790,8.8,0,0.11,0,0
1994,22,22,1980,22,0,0,0,0
1995,7,3,247,2.7,0,1.11,0,0
1996,15,14,1231,13.7,2,1.24,0.51,41.2
1997,1,1,74,0.8,0,0,0,0
1998,15,2,364,4,2,0.75,0.5,66.7
1999,17,6,706,7.8,0,1.15,0.38,33.3
2000,14,14,1228,13.6,4,0.88,0.51,58.3
2001,1,1,18,0.2,0,0,0,0
2002,11,1,178,2,1,2,1.5,75
2003,6,1,75,0.8,0,1.25,0,0
2004,17,11,1026,11.4,0,0.35,0.18,50
2005,12,4,377,4.2,1,0.48,0.24,50
2006,14,1,176,2,1,3,2,66.7
2007,20,16,1367,15.2,1,1.51,0.39,26.1
2008,1,0,33,0.4,0,0,0,0
2009,13,13,1071,11.9,1,1.85,0.42,22.7
2010,22,21,1973,21.9,0,0,0,0
2011,19,12,1152,12.8,3,2.19,0.63,28.6
2012,1,0,9,0.1,0,0,0,0
2013,1,1,58,0.6,0,0,0,0
2014,11,1,277,3.1,0,1.94,0.32,16.7
2015,16,6,609,6.8,1,2.21,0.59,26.7
2016,5,1,152,1.7,0,1.18,1.18,100
2017,3,0,37,0.4,0,5,0,0
2018,15,2,360,4,0,4.5,1.25,27.8
2019,13,4,493,5.5,0,1.64,0.18,11.1
2020,1,0,1,0,0,0,0,0
2021,1,0,82,0.9,0,0,0,0
2022,10,2,275,3.1,0,1.94,0,0
2023,17,16,1398,15.5,3,1.42,0.77,54.5
2024,19,10,916,10.2,2,3.43,1.18,34.3
2025,10,7,671,7.5,0,0.93,0,0
2026,9,9,810,9,0,0,0,0
2027,3,3,270,3,0,0,0,0
2028,20,20,1800,20,1,0.3,0.15,50
2029,21,21,1890,21,0,0,0,0
2030,17,11,945,10.5,1,1.62,0.57,35.3
2031,1,1,90,1,0,0,0,0
2032,19,12,1039,11.5,2,2.52,1.22,48.3
2033,7,5,539,6,0,0.67,0.33,50
2034,1,0,21,0.2,0,0,0,0
2035,20,18,1534,17,0,0.59,0.24,40
2036,21,21,1890,21,0,0,0,0
2037,18,11,1017,11.3,1,1.5,0.53,35.3
2038,18,15,1236,13.7,2,0.88,0.51,58.3
2039,2,2,175,1.9,0,0,0,0
2040,1,1,47,0.5,0,0,0,0
2041,11,5,477,5.3,1,2.45,0.94,38.5
2042,2,0,47,0.5,0,0,0,0
2043,19,11,959,10.7,4,3.64,1.03,28.2
2044,7,0,71,0.8,0,1.25,0,0
2045,20,15,1286,14.3,2,1.4,0.56,40
2046,22,20,1795,19.9,11,3.02,1.31,43.3
2047,14,7,572,6.4,1,3.91,1.88,48
2048,1,0,45,0.5,0,0,0,0
2049,17,16,1147,12.7,4,1.34,0.71,52.9
2050,19,14,1183,13.1,0,0.69,0.15,22.2
2051,18,11,1011,11.2,0,1.25,0.09,7.1
2052,22,22,1980,22,0,0,0,0
2053,23,23,2067,23,1,0.13,0.09,66.7
2054,13,5,514,5.7,3,3.16,1.58,50
2055,18,16,1340,14.9,1,0.74,0.27,36.4
2056,1,0,1,0,0,0,0,0
2057,22,22,1815,20.2,2,0.79,0.2,25
2058,4,0,87,1,0,0,0,0
2059,22,22,1817,20.2,4,1.24,0.45,36
2060,5,5,450,5,0,0,0,0
2061,1,0,23,0.3,0,0,0,0
2062,14,1,336,3.7,0,2.7,1.89,70
2063,7,3,313,3.5,1,1.14,0.57,50
2064,1,0,3,0,0,0,0,0
2065,10,9,664,7.4,1,0.68,0.14,20
2066,20,20,1800,20,0,0,0,0
2067,2,1,122,1.4,0,0.71,0,0
2068,12,9,779,8.7,2,2.07,0.46,22.2
2069,1,0,1,0,0,0,0,0
2070,19,19,1603,17.8,0,0.51,0.17,33.3
2071,14,4,503,5.6,5,2.68,1.07,40
2072,1,0,2,0,0,0,0,0
2073,14,6,381,4.2,0,1.9,0.24,12.5
2074,8,4,454,5,1,0.4,0.2,50
2075,1,0,37,0.4,0,0,0,0
2076,15,13,1197,13.3,1,0.83,0.3,36.4
2077,22,22,1980,22,1,1.14,0.18,16
2078,7,3,348,3.9,0,1.03,0,0
2079,14,5,503,5.6,0,2.5,0.89,35.7
2080,16,9,860,9.6,3,2.92,0.94,32.1
2081,13,11,1044,11.6,0,0.34,0.09,25
2082,4,0,49,0.5,0,0,0,0
2083,20,20,1800,20,0,0,0,0
2084,18,16,1324,14.7,0,0.61,0.2,33.3
2085,4,3,331,3.7,0,0,0,0
2086,19,11,1010,11.2,3,2.77,0.98,35.5
2087,20,14,1271,14.1,3,2.41,0.92,38.2
2088,2,0,4,0,0,0,0,0
2089,12,5,544,6,2,1,0.5,50
2090,20,19,1487,16.5,1,1.39,0.3,21.7
2091,18,15,1322,14.7,0,0.61,0.07,11.1
2092,20,20,1738,19.3,0,0.05,0,0
2093,4,0,67,0.7,0,2.86,0,0
2094,20,19,1461,16.2,1,0.93,0.37,40
2095,15,14,1155,12.8,0,0.47,0.08,16.7
2096,2,2,180,2,0,0,0,0
2097,16,9,720,8,3,0.5,0.38,75
2098,13,13,1168,13,1,0.54,0.15,28.6
2099,20,20,1733,19.3,1,1.61,0.36,22.6
2100,18,17,1296,14.4,10,3.61,1.32,36.5
2101,16,12,902,10,2,0.8,0.3,37.5
2102,8,1,208,2.3,0,3.04,0.87,28.6
2103,19,14,1198,13.3,2,2.26,1.05,46.7
2104,20,15,1174,13,1,0.85,0.38,45.5
2105,18,17,1478,16.4,0,0.55,0.24,44.4
2106,4,0,54,0.6,0,0,0,0
2107,19,14,1373,15.3,0,0.39,0.13,33.3
2108,18,12,1189,13.2,4,3.79,0.98,26
2109,14,10,933,10.4,0,0.29,0,0
2110,10,9,810,9,0,0.33,0,0
2111,20,19,1648,18.3,0,0.33,0.05,16.7
2112,21,20,1772,19.7,1,0.36,0.1,28.6
2113,14,13,1194,13.3,0,0.45,0.15,33.3
2114,1,0,11,0.1,0,0,0,0
2115,5,1,138,1.5,1,2.67,0.67,25
2116,1,1,74,0.8,0,0,0,0
2117,17,17,1530,17,1,0.94,0.18,18.8
2118,10,4,525,5.8,1,4.31,1.03,24
2119,1,0,1,0,0,0,0,0
2120,7,1,109,1.2,0,3.33,0.83,25
2121,22,20,1772,19.7,1,0.61,0.1,16.7
2122,20,19,1614,17.9,0,0.45,0.06,12.5
2123,17,9,984,10.9,0,0.46,0,0
2124,1,0,14,0.2,0,0,0,0
2125,7,1,157,1.7,0,0.59,0.59,100
2126,22,22,1972,21.9,2,0.55,0.27,50
2127,4,0,22,0.2,0,0,0,0
2128,4,2,161,1.8,0,1.11,0.56,50
2129,12,10,879,9.8,0,0.92,0.1,11.1
2130,3,0,27,0.3,0,6.67,0,0
2131,14,13,1206,13.4,1,0.9,0.07,8.3
2132,8,6,506,5.6,0,0.36,0,0
2133,9,3,352,3.9,0,1.54,0,0
2134,18,13,1226,13.6,1,1.03,0.22,21.4
2135,13,3,419,4.7,0,0.21,0.21,100
2136,3,3,258,2.9,0,0.69,0.34,50
2137,10,4,462,5.1,0,0.98,0,0
2138,17,16,1359,15.1,0,0.53,0.13,25
2139,17,8,827,9.2,0,0.98,0.22,22.2
2140,1,1,62,0.7,0,0,0,0
2141,14,11,941,10.5,1,1.24,0.19,15.4
2142,6,3,362,4,0,0.25,0,0
2143,14,14,1260,14,0,0,0,0
2144,3,2,145,1.6,0,0,0,0
2145,2,0,52,0.6,0,0,0,0
2146,15,11,1009,11.2,2,2.41,1.25,51.9
2147,13,12,1037,11.5,0,1.39,0.43,31.3
2148,4,4,358,4,1,1.25,0.5,40
2149,16,16,1440,16,0,0,0,0
2150,22,22,1980,22,0,0,0,0
2151,14,11,996,11.1,0,0.45,0.09,20
2152,5,4,267,3,0,0,0,0
2153,13,11,914,10.2,1,2.45,0.78,32
2154,2,1,91,1,0,3,1,33.3
2155,15,7,628,7,1,2.14,0.71,33.3
2156,19,14,1256,14,0,0.21,0,0
2157,3,3,240,2.7,2,2.59,1.11,42.9
2158,2,1,82,0.9,1,1.11,1.11,100
2159,14,8,687,7.6,0,1.45,0.39,27.3
2160,17,6,597,6.6,5,3.64,1.36,37.5
2161,14,6,635,7.1,1,2.39,0.85,35.3
2162,5,5,355,3.9,1,0.77,0.51,66.7
2163,8,1,240,2.7,2,0.74,0.37,50
2164,21,21,1801,20,7,2.45,0.75,30.6
2165,22,18,1567,17.4,1,1.61,0.46,28.6
2166,10,5,516,5.7,1,0.53,0.35,66.7
2167,6,1,112,1.2,0,0,0,0
2168,1,0,7,0.1,0,0,0,0
2169,20,20,1776,19.7,7,3.15,1.22,38.7
2170,20,10,998,11.1,3,1.8,0.72,40
2171,21,21,1875,20.8,2,0.24,0.14,60
2172,1,0,1,0,0,0,0,0
2173,21,21,1889,21,0,0.76,0.19,25
2174,10,6,475,5.3,0,3.4,0.94,27.8
2175,20,20,1697,18.9,1,0.53,0.16,30
2176,12,3,276,3.1,0,0.65,0.65,100
2177,20,7,836,9.3,4,3.33,1.29,38.7
2178,2,1,34,0.4,0,0,0,0
2179,20,19,1576,17.5,9,3.14,0.97,30.9
2180,22,22,1980,22,0,0,0,0
2181,6,2,198,2.2,0,0,0,0
2182,2,0,54,0.6,0,0,0,0
2183,10,3,319,3.5,0,1.43,0.57,40
2184,21,21,1781,19.8,2,2.73,1.06,38.9
2185,17,13,972,10.8,0,0.28,0,0
2186,17,12,1093,12.1,4,2.15,0.74,34.6
2187,4,0,32,0.4,0,0,0,0
2188,21,19,1415,15.7,8,2.04,0.7,34.4
2189,14,3,424,4.7,2,1.28,0.85,66.7
2190,20,17,1468,16.3,9,2.39,1.1,46.2
2191,18,7,639,7.1,0,1.41,0.7,50
2192,13,6,573,6.4,0,0.63,0.31,50
2193,15,9,708,7.9,0,1.52,0.63,41.7
2194,17,17,1431,15.9,1,0.5,0.06,12.5
2195,15,8,834,9.3,0,0.54,0.11,20
2196,21,21,1890,21,0,0,0,0
2197,11,10,746,8.3,3,0.96,0.6,62.5
2198,17,13,1140,12.7,0,0.24,0,0
2199,18,13,1223,13.6,6,3.68,1.47,40
2200,1,0,25,0.3,0,0,0,0
2201,2,0,11,0.1,0,0,0,0
2202,3,3,192,2.1,0,0.95,0,0
2203,10,5,421,4.7,1,2.98,0.64,21.4
2204,10,9,776,8.6,1,1.05,0.58,55.6
2205,17,7,728,8.1,2,2.84,0.99,34.8
2206,3,2,194,2.2,0,2.27,0,0
2207,14,3,370,4.1,0,1.46,0.49,33.3
2208,23,14,1228,13.6,4,2.13,0.74,34.5
2209,7,1,165,1.8,0,2.78,1.11,40
2210,2,0,50,0.6,0,1.67,1.67,100
2211,9,4,356,4,0,0,0,0
2212,20,16,1239,13.8,1,2.1,0.58,27.6
2213,18,18,1559,17.3,7,1.79,0.69,38.7
2214,1,0,1,0,0,0,0,0
2215,13,13,1154,12.8,0,0,0,0
2216,18,17,1514,16.8,0,0.3,0.06,20
2217,18,15,1231,13.7,2,0.73,0.29,40
2218,16,11,926,10.3,3,2.91,0.97,33.3
2219,4,2,160,1.8,0,3.33,0.56,16.7
2220,3,0,27,0.3,0,0,0,0
2221,8,1,182,2,1,2,0.5,25
2222,13,9,754,8.4,0,0.71,0.12,16.7
2223,21,21,1873,20.8,1,1.54,0.43,28.1
2224,5,1,145,1.6,0,1.88,0,0
2225,11,10,858,9.5,2,2.95,1.26,42.9
2226,16,3,567,6.3,0,0,0,0
2227,16,14,1264,14,1,0.29,0.07,25
2228,2,0,14,0.2,0,0,0,0
2229,4,3,287,3.2,1,0.94,0.31,33.3
2230,20,20,1734,19.3,3,0.67,0.21,30.8
2231,22,19,1630,18.1,1,0.88,0.33,37.5
2232,21,21,1890,21,0,0,0,0
2233,15,10,943,10.5,0,0.86,0,0
2234,12,4,502,5.6,1,1.61,0.54,33.3
2235,18,17,1393,15.5,1,0.32,0.06,20
2236,17,13,1158,12.9,0,0.31,0.08,25
2237,16,15,1200,13.3,0,0.53,0.08,14.3
2238,19,19,1710,19,0,0,0,0
2239,17,17,1530,17,0,0.06,0,0
2240,10,5,361,4,0,1.75,0.5,28.6
2241,1,0,27,0.3,0,0,0,0
2242,1,0,21,0.2,0,0,0,0
2243,13,3,440,4.9,1,1.22,0.41,33.3
2244,20,20,1753,19.5,0,0.26,0.05,20
2245,13,3,282,3.1,1,1.61,0.97,60
2246,4,1,122,1.4,0,0,0,0
2247,22,22,1980,22,0,0,0,0
2248,20,15,1272,14.1,0,0.21,0,0
2249,1,0,1,0,0,0,0,0
2250,2,1,102,1.1,0,0.91,0,0
2251,1,0,9,0.1,0,0,0,0
2252,18,17,1428,15.9,1,0.13,0.06,50
2253,14,12,966,10.7,2,1.21,0.56,46.2
2254,11,2,287,3.2,0,0.63,0,0
2255,15,15,1350,15,0,0,0,0
2256,18,16,1264,14,4,1.29,0.36,27.8
2257,17,15,1355,15.1,1,1.19,0.26,22.2
2258,17,9,813,9,2,2,0.67,33.3
2259,16,5,709,7.9,3,2.15,1.14,52.9
2260,18,17,1503,16.7,1,0.36,0.18,50
2261,3,0,37,0.4,0,0,0,0
2262,1,0,35,0.4,0,0,0,0
2263,2,2,165,1.8,0,1.67,0,0
2264,6,1,119,1.3,0,4.62,2.31,50
2265,2,0,19,0.2,0,0,0,0
2266,3,0,41,0.5,0,0,0,0
2267,18,17,1445,16.1,0,0.5,0,0
2268,20,14,1198,13.3,4,2.93,1.28,43.6
2269,20,16,1410,15.7,2,1.08,0.32,29.4
2270,20,19,1712,19,1,0.47,0.32,66.7
2271,16,15,1115,12.4,1,1.21,0.65,53.3
2272,18,18,1620,18,0,0,0,0
2273,20,19,1794,19.9,0,0.5,0.05,10
2274,21,21,1890,21,0,0,0,0
2275,18,10,931,10.3,2,2.33,0.49,20.8
2276,12,11,824,9.2,1,0.76,0.22,28.6
2277,12,0,180,2,3,2.5,2,80
2278,2,0,17,0.2,0,0,0,0
2279,4,1,88,1,0,0,0,0
2280,19,19,1565,17.4,5,1.32,0.34,26.1
2281,21,21,1890,21,0,0,0,0
2282,21,14,1188,13.2,0,2.05,0.45,22.2
2283,16,11,1071,11.9,0,1.18,0.25,21.4
2284,12,8,537,6,2,2.17,0.83,38.5
2285,7,3,258,2.9,0,1.03,0.34,33.3
2286,3,3,270,3,0,0,0,0
2287,2,0,17,0.2,0,0,0,0
2288,12,4,486,5.4,0,1.11,0,0
2289,15,13,1147,12.7,1,0.79,0.24,30
2290,3,0,53,0.6,0,6.67,3.33,50
2291,3,3,212,2.4,0,2.92,0.83,28.6
2292,18,18,1596,17.7,3,1.07,0.23,21.1
2293,8,3,198,2.2,0,0.45,0.45,100
2294,4,2,220,2.4,0,0.83,0,0
2295,21,21,1890,21,0,0,0,0
2296,16,14,1051,11.7,3,2.91,0.85,29.4
2297,20,19,1679,18.7,0,0.43,0.11,25
2298,2,0,23,0.3,0,3.33,0,0
2299,16,11,986,11,1,1.27,0.18,14.3
2300,22,21,1953,21.7,3,0.55,0.14,25
2301,21,21,1805,20.1,0,0.15,0.05,33.3
2302,5,0,52,0.6,0,3.33,1.67,50
2303,7,2,291,3.2,0,0.31,0,0
2304,2,0,29,0.3,0,0,0,0
2305,1,0,1,0,0,0,0,0
2306,14,14,1130,12.6,0,0.08,0,0
2307,3,2,177,2,0,0.5,0,0
2308,17,13,1178,13.1,1,1.3,0.61,47.1
2309,5,3,275,3.1,0,1.29,0.32,25
2310,17,16,1431,15.9,3,2.26,1.01,44.4
2311,8,2,194,2.2,0,0.91,0,0
2312,3,0,7,0.1,0,0,0,0
2313,6,5,503,5.6,0,1.07,0,0
2314,3,3,242,2.7,1,1.48,0.37,25
2315,15,9,727,8.1,2,0.86,0.49,57.1
2316,3,3,270,3,0,0,0,0
2317,5,0,79,0.9,1,2.22,2.22,100
2318,5,5,450,5,0,0,0,0
2319,10,10,900,10,0,0,0,0
2320,1,1,90,1,0,2,1,50
2321,10,7,523,5.8,0,0.86,0.17,20
2322,20,20,1800,20,0,0,0,0
2323,20,11,1025,11.4,0,0.79,0.09,11.1
2324,14,11,987,11,0,0.82,0.27,33.3
2325,5,2,250,2.8,0,0.71,0.36,50
2326,22,20,1788,19.9,6,2.76,0.9,32.7
2327,7,5,432,4.8,0,2.5,1.46,58.3
2328,22,18,1655,18.4,1,1.03,0.33,31.6
2329,9,2,238,2.6,0,1.92,1.15,60
2330,2,0,37,0.4,1,5,2.5,50
2331,15,14,1232,13.7,0,0.15,0.07,50
2332,14,12,836,9.3,0,0.11,0,0
2333,12,3,361,4,0,0.25,0,0
2334,13,2,347,3.9,0,2.56,0.77,30
2335,2,2,180,2,0,0,0,0
2336,18,18,1527,17,0,0.24,0.06,25
2337,19,17,1529,17,2,0.76,0.24,30.8
2338,2,1,79,0.9,0,0,0,0
2339,12,6,483,5.4,0,0.56,0,0
2340,4,0,7,0.1,0,10,0,0
2341,1,1,83,0.9,0,1.11,0,0
2342,22,22,1980,22,2,0.82,0.14,16.7
2343,13,9,807,9,0,0.44,0.22,50
2344,7,6,623,6.9,0,0,0,0
2345,9,3,297,3.3,0,0.3,0,0
2346,18,13,1206,13.4,1,1.57,0.52,33.3
2347,10,5,507,5.6,0,1.43,0,0
2348,19,9,842,9.4,1,0.64,0.32,50
2349,8,1,268,3,0,0,0,0
2350,4,0,61,0.7,0,1.43,0,0
2351,3,1,87,1,0,2,0,0
2352,15,11,1063,11.8,0,0.17,0.08,50
2353,4,3,212,2.4,0,1.25,0.42,33.3
2354,10,3,318,3.5,0,0.57,0,0
2355,2,0,46,0.5,0,0,0,0
2356,5,3,273,3,0,0,0,0
2357,16,14,1144,12.7,4,1.65,0.79,47.6
2358,13,3,418,4.6,0,0.65,0.22,33.3
2359,14,10,890,9.9,4,2.32,1.01,43.5
2360,19,17,1549,17.2,1,1.69,0.23,13.8
2361,18,13,1175,13.1,0,0.38,0.08,20
2362,14,13,1181,13.1,0,0.53,0.08,14.3
2363,16,12,1000,11.1,2,2.25,0.72,32
2364,20,18,1429,15.9,7,2.2,0.88,40
2365,7,1,169,1.9,0,1.58,0.53,33.3
2366,20,20,1677,18.6,2,0.7,0.32,46.2
2367,16,5,652,7.2,5,2.64,1.53,57.9
2368,13,12,900,10,1,0.2,0.1,50
2369,1,0,31,0.3,0,0,0,0
2370,1,0,6,0.1,0,0,0,0
2371,3,1,111,1.2,0,0,0,0
2372,21,14,1278,14.2,0,1.62,0.14,8.7
2373,17,13,1148,12.8,1,1.09,0.39,35.7
2374,11,3,357,4,0,2,0.75,37.5
2375,2,1,135,1.5,0,4.67,0.67,14.3
2376,14,2,326,3.6,1,3.61,0.83,23.1
2377,14,5,673,7.5,4,1.73,0.67,38.5
2378,15,12,951,10.6,0,0.57,0.28,50
2379,14,1,264,2.9,1,3.1,0.69,22.2
2380,10,2,315,3.5,0,2,0.86,42.9
2381,19,11,1007,11.2,2,1.43,0.54,37.5
2382,1,0,34,0.4,0,0,0,0
2383,1,1,90,1,0,0,0,0
2384,17,16,1372,15.2,0,0.59,0.2,33.3
2385,15,15,1302,14.5,0,0,0,0
2386,18,16,1353,15,3,1.67,0.93,56
2387,16,16,1276,14.2,8,2.39,1.27,52.9
2388,1,0,6,0.1,0,0,0,0
2389,20,20,1777,19.7,1,0.71,0.2,28.6
2390,20,17,1493,16.6,1,0.42,0.12,28.6
2391,5,1,136,1.5,0,0,0,0
2392,9,1,173,1.9,0,0.53,0,0
2393,22,16,1359,15.1,2,1.26,0.4,31.6
2394,22,22,1980,22,1,0.18,0.09,50
2395,20,18,1562,17.4,0,0.4,0.06,14.3
2396,2,2,141,1.6,0,0,0,0
2397,15,8,695,7.7,0,0.52,0.26,50
2398,20,20,1762,19.6,1,0.41,0,0
2399,14,11,1008,11.2,3,0.89,0.18,20
2400,10,4,426,4.7,0,0.21,0,0
2401,21,21,1890,21,1,0.71,0.29,40
2402,15,15,1350,15,0,0,0,0
2403,3,0,93,1,0,1,0,0
2404,19,15,1486,16.5,5,2.48,0.79,31.7
2405,16,15,1311,14.6,2,1.78,0.62,34.6
2406,16,10,939,10.4,1,0.29,0.1,33.3
2407,16,13,1062,11.8,0,1.44,0.17,11.8
2408,12,1,252,2.8,3,4.64,2.14,46.2
2409,1,0,5,0.1,0,0,0,0
2410,13,7,753,8.4,0,0.48,0,0
2411,20,20,1800,20,0,0,0,0
2412,20,16,1281,14.2,3,2.25,0.92,40.6
2413,12,4,521,5.8,0,0.52,0.34,66.7
2414,18,18,1620,18,0,0,0,0
2415,8,2,212,2.4,0,1.67,0,0
2416,16,16,1319,14.7,9,3.2,1.84,57.4
2417,11,2,329,3.7,0,1.35,0.27,20
2418,2,2,158,1.8,1,2.78,0.56,20
2419,17,14,1107,12.3,6,2.44,1.06,43.3
2420,17,16,1416,15.7,0,0.38,0.19,50
2421,1,0,19,0.2,0,0,0,0
2422,22,22,1972,21.9,2,0.55,0.23,41.7
2423,6,3,234,2.6,0,0.38,0.38,100
2424,3,3,270,3,0,0.67,0.33,50
2425,12,5,520,5.8,1,1.55,0.69,44.4
2426,18,5,553,6.1,0,1.15,0,0
2427,10,8,691,7.7,0,0.26,0,0
2428,15,10,937,10.4,0,1.63,0.48,29.4
2429,4,1,129,1.4,1,3.57,1.43,40
2430,13,4,450,5,1,1.6,0.6,37.5
2431,19,11,879,9.8,1,1.43,0.61,42.9
2432,18,18,1612,17.9,10,3.41,1.73,50.8
2433,23,18,1588,17.6,1,1.08,0.28,26.3
2434,1,0,63,0.7,0,0,0,0
2435,21,19,1647,18.3,3,1.2,0.38,31.8
2436,15,4,469,5.2,0,0.96,0.38,40
2437,16,12,952,10.6,5,1.7,0.57,33.3
2438,21,21,1759,19.5,0,0.21,0.05,25
2439,10,6,613,6.8,0,0.44,0,0
2440,2,0,72,0.8,0,2.5,0,0
2441,2,2,143,1.6,0,1.25,0.63,50
2442,19,15,1353,15,4,2.73,1.27,46.3
2443,16,12,927,10.3,0,0.97,0.29,30
2444,19,18,1679,18.7,0,0.21,0,0
2445,17,17,1448,16.1,1,0.81,0.25,30.8
2446,2,0,34,0.4,0,10,0,0
2447,15,11,832,9.2,2,2.07,0.87,42.1
2448,16,4,512,5.7,0,0.18,0,0
2449,4,2,247,2.7,1,0.74,0.37,50
2450,19,18,1577,17.5,1,0.34,0.17,50
2451,19,17,1563,17.4,2,1.26,0.57,45.5
2452,20,20,1789,19.9,14,2.76,1.01,36.4
2453,1,0,14,0.2,0,0,0,0
2454,2,1,101,1.1,0,0,0,0
2455,17,6,645,7.2,2,3.75,0.97,25.9
2456,19,19,1402,15.6,3,1.03,0.26,25
2457,17,17,1530,17,0,0.29,0,0
2458,2,0,11,0.1,0,0,0,0
2459,19,19,1502,16.7,0,1.08,0.18,16.7
2460,1,0,3,0,0,0,0,0
2461,3,2,163,1.8,0,0.56,0,0
2462,22,22,1963,21.8,0,0.69,0.14,20
2463,5,0,68,0.8,0,0,0,0
2464,5,4,347,3.9,0,0.51,0,0
2465,18,18,1594,17.7,2,1.19,0.34,28.6
2466,8,5,390,4.3,0,0.7,0,0
2467,19,7,900,10,1,1.3,0.3,23.1
2468,8,4,384,4.3,0,0.7,0,0
2469,7,3,228,2.5,0,0,0,0
2470,19,18,1633,18.1,1,0.99,0.33,33.3
2471,18,18,1620,18,0,0,0,0
2472,11,10,945,10.5,0,0,0,0
2473,18,16,1208,13.4,2,0.67,0.22,33.3
2474,11,3,380,4.2,0,0.71,0.24,33.3
2475,16,13,1199,13.3,0,0.68,0.08,11.1
2476,22,22,1954,21.7,1,0.37,0.09,25
2477,2,2,180,2,0,0,0,0
2478,3,0,70,0.8,1,5,2.5,50
2479,16,16,1315,14.6,7,2.6,1.16,44.7
2480,22,19,1591,17.7,0,0.4,0.11,28.6
2481,7,2,216,2.4,0,2.5,1.67,66.7
2482,13,5,446,5,0,1.4,0.4,28.6
2483,1,0,7,0.1,0,0,0,0
2484,2,0,41,0.5,0,0,0,0
2485,3,2,199,2.2,0,0.91,0.45,50
2486,6,1,106,1.2,0,0,0,0
2487,18,18,1611,17.9,1,0.34,0.11,33.3
2488,17,17,1463,16.3,2,1.04,0.25,23.5
2489,14,5,404,4.5,1,1.78,0.67,37.5
2490,14,8,823,9.1,0,0.33,0.11,33.3
2491,3,3,270,3,0,0,0,0
2492,1,0,6,0.1,0,0,0,0
2493,12,11,943,10.5,0,0.29,0,0
2494,20,20,1731,19.2,6,2.34,0.73,31.1
2495,10,2,231,2.6,0,4.23,1.15,27.3
2496,22,14,1246,13.8,1,2.75,0.8,28.9
2497,19,19,1700,18.9,0,0.26,0.05,20
2498,10,9,780,8.7,0,0.46,0.11,25
2499,3,1,100,1.1,0,0.91,0.91,100
2500,6,3,300,3.3,0,0.3,0,0
2501,5,5,391,4.3,0,0.7,0,0
2502,3,0,46,0.5,0,2,2,100
2503,11,7,616,6.8,0,1.03,0,0
2504,10,0,175,1.9,0,0.53,0.53,100
2505,17,14,1220,13.6,0,0.66,0,0
2506,20,18,1490,16.6,1,1.39,0.18,13
2507,15,5,575,6.4,0,0.63,0,0
2508,1,1,45,0.5,0,0,0,0
2509,14,14,1092,12.1,0,0.5,0.08,16.7
2510,6,4,368,4.1,1,0.73,0.24,33.3
2511,18,18,1598,17.8,0,0.06,0,0
2512,7,2,206,2.3,0,0.43,0.43,100
2513,7,2,244,2.7,0,0.37,0,0
2514,20,17,1529,17,6,2.41,0.88,36.6
2515,17,17,1485,16.5,2,1.09,0.3,27.8
2516,20,14,1296,14.4,0,0.9,0.28,30.8
2517,17,15,1299,14.4,0,0.35,0.14,40
2518,22,11,1175,13.1,1,1.22,0.53,43.8
2519,12,6,501,5.6,1,1.07,0.18,16.7
2520,10,6,628,7,0,0.71,0,0
2521,6,2,171,1.9,0,1.58,0,0
2522,4,1,90,1,0,0,0,0
2523,10,4,426,4.7,2,1.49,0.64,42.9
2524,20,9,972,10.8,1,1.48,0.28,18.8
2525,19,12,1037,11.5,6,2.7,1.48,54.8
2526,1,1,61,0.7,0,1.43,0,0
2527,17,14,1251,13.9,1,0.14,0.07,50
2528,15,10,845,9.4,0,1.38,0.21,15.4
2529,19,15,1373,15.3,0,0.33,0.07,20
2530,20,20,1800,20,1,0.45,0.05,11.1
2531,6,0,141,1.6,0,1.88,0.63,33.3
2532,9,5,556,6.2,0,0.65,0.65,100
2533,12,5,476,5.3,2,2.64,0.75,28.6
2534,10,5,496,5.5,1,2.18,0.55,25
2535,8,6,436,4.8,1,1.04,0.42,40
2536,23,16,1513,16.8,3,0.95,0.42,43.8
2537,17,16,1244,13.8,0,0.22,0.14,66.7
2538,18,6,677,7.5,0,1.87,0.4,21.4
2539,20,16,1485,16.5,2,0.73,0.06,8.3
2540,22,22,1980,22,0,0,0,0
2541,2,2,180,2,0,0,0,0
2542,15,8,732,8.1,0,0.37,0.25,66.7
2543,13,8,764,8.5,0,1.06,0.12,11.1
2544,13,10,891,9.9,0,0.81,0.1,12.5
2545,1,0,19,0.2,0,0,0,0
2546,12,1,274,3,1,2.33,0.67,28.6
2547,1,0,15,0.2,0,0,0,0
2548,16,8,815,9.1,0,0.66,0.11,16.7
2549,8,2,242,2.7,0,0.37,0.37,100
2550,1,0,6,0.1,1,10,10,100
2551,3,0,18,0.2,0,0,0,0
2552,20,17,1410,15.7,3,1.59,0.45,28
2553,2,1,91,1,0,0,0,0
2554,17,8,633,7,1,2.14,0.43,20
2555,5,1,97,1.1,0,3.64,0.91,25
2556,15,8,696,7.7,0,0.13,0,0
2557,4,0,101,1.1,0,0,0,0
2558,1,1,90,1,0,0,0,0
2559,1,0,10,0.1,0,0,0,0
2560,3,1,55,0.6,0,0,0,0
2561,2,0,26,0.3,0,0,0,0
2562,15,4,435,4.8,1,1.67,0.83,50
2563,10,1,202,2.2,1,5,1.82,36.4
2564,8,7,633,7,1,0.29,0.14,50
2565,2,1,52,0.6,0,1.67,0,0
2566,21,17,1381,15.3,0,1.18,0.26,22.2
2567,15,14,1265,14.1,1,0.5,0.14,28.6
2568,12,11,953,10.6,8,3.3,1.13,34.3
2569,22,20,1844,20.5,4,2.05,0.73,35.7
2570,4,0,55,0.6,0,0,0,0
2571,15,15,1236,13.7,0,0,0,0
2572,16,10,992,11,0,0.91,0.27,30
2573,8,3,290,3.2,2,3.13,1.88,60
2574,5,2,191,2.1,1,1.9,0.48,25
2575,7,0,76,0.8,0,0,0,0
2576,1,0,8,0.1,0,0,0,0
2577,13,12,1085,12.1,1,0.74,0.17,22.2
2578,2,0,23,0.3,0,0,0,0
2579,21,21,1810,20.1,0,1.09,0.25,22.7
2580,4,1,139,1.5,0,2,0.67,33.3
2581,10,3,306,3.4,1,1.18,0.29,25
2582,11,10,793,8.8,0,0.34,0.11,33.3
2583,16,16,1402,15.6,1,0.38,0.13,33.3
2584,4,1,149,1.7,0,0.59,0.59,100
2585,8,7,609,6.8,0,0.15,0,0
2586,2,0,25,0.3,0,0,0,0
2587,22,22,1980,22,0,0,0,0
2588,16,14,1295,14.4,0,0.07,0,0
2589,22,22,1980,22,5,1.09,0.41,37.5
2590,20,19,1628,18.1,5,2.38,1.1,46.5
2591,13,6,646,7.2,0,2.08,1.11,53.3
2592,16,14,1248,13.9,0,1.01,0.07,7.1
2593,4,4,274,3,0,0.67,0.33,50
2594,15,14,1231,13.7,0,0.44,0,0
2595,2,0,5,0.1,0,0,0,0
2596,19,19,1636,18.2,1,1.04,0.38,36.8
2597,9,0,131,1.5,0,0.67,0,0
2598,15,6,747,8.3,1,2.17,0.84,38.9
2599,16,13,1142,12.7,1,2.52,0.94,37.5
2600,1,0,4,0,0,0,0,0
2601,14,11,1009,11.2,5,2.86,1.16,40.6
2602,21,21,1683,18.7,0,0.27,0,0
2603,1,0,5,0.1,0,0,0,0
2604,16,14,1173,13,2,1.31,0.46,35.3
2605,23,23,2069,23,0,0.48,0.17,36.4
2606,2,0,21,0.2,0,5,0,0
2607,19,18,1484,16.5,5,2.42,0.97,40
2608,21,13,1215,13.5,0,1.48,0.37,25
2609,21,20,1641,18.2,4,2.14,0.71,33.3
2610,16,14,1205,13.4,3,1.72,0.82,47.8
2611,22,20,1599,17.8,2,1.8,0.51,28.1
2612,16,14,1128,12.5,7,3.28,1.36,41.5
2613,14,3,353,3.9,0,2.05,0.26,12.5
2614,13,12,861,9.6,2,1.35,0.52,38.5
2615,11,6,561,6.2,4,2.42,0.81,33.3
2616,4,3,299,3.3,0,0.91,0,0
2617,1,1,90,1,0,0,0,0
2618,5,3,276,3.1,0,0.65,0.32,50
2619,2,1,95,1.1,0,0.91,0,0
2620,22,9,937,10.4,4,2.02,0.77,38.1
2621,17,14,1251,13.9,0,0.36,0,0
2622,4,3,295,3.3,0,1.21,0,0
2623,8,0,100,1.1,1,1.82,0.91,50
2624,13,7,691,7.7,1,1.43,0.52,36.4
2625,17,4,579,6.4,1,1.56,0.63,40
2626,18,4,446,5,2,1.6,0.6,37.5
2627,3,3,208,2.3,0,0.43,0,0
2628,9,8,681,7.6,0,0.66,0,0
2629,1,0,4,0,0,0,0,0
2630,17,12,1251,13.9,0,0.29,0,0
2631,8,6,552,6.1,0,0.82,0,0
2632,21,21,1786,19.8,3,1.21,0.25,20.8
2633,12,7,607,6.7,0,0.75,0,0
2634,18,16,1392,15.5,0,1.61,0.32,20
2635,4,3,200,2.2,1,2.27,0.91,40
2636,5,0,117,1.3,0,4.62,0.77,16.7
2637,5,2,198,2.2,0,0.45,0,0
2638,4,0,68,0.8,0,2.5,1.25,50
2639,6,5,418,4.6,0,0.22,0,0
2640,20,20,1788,19.9,0,0.3,0,0
2641,17,13,1192,13.2,1,0.61,0.15,25
2642,19,17,1566,17.4,0,0.11,0,0
2643,20,20,1607,17.9,8,2.12,0.89,42.1
2644,7,6,531,5.9,0,1.19,0.51,42.9
2645,19,19,1661,18.5,6,2.11,0.86,41
2646,11,2,260,2.9,2,1.38,1.03,75
2647,4,4,286,3.2,0,0.63,0,0
2648,2,1,123,1.4,0,0,0,0
2649,10,5,490,5.4,1,3.52,1.11,31.6
2650,10,7,639,7.1,0,0.14,0,0
2651,18,13,1132,12.6,0,0.95,0.24,25
2652,19,19,1594,17.7,2,1.47,0.45,30.8
2653,5,1,146,1.6,0,1.25,0.63,50
2654,15,9,746,8.3,0,2.29,0.48,21.1
2655,13,12,890,9.9,1,2.83,0.71,25
2656,5,0,122,1.4,0,0.71,0,0
2657,1,0,12,0.1,0,10,10,100
2658,15,8,670,7.4,1,2.84,0.68,23.8
2659,6,4,316,3.5,1,1.43,0.57,40
2660,15,3,485,5.4,0,2.41,0.56,23.1
2661,6,6,495,5.5,0,0.18,0,0
2662,8,4,354,3.9,1,0.77,0.26,33.3
2663,6,0,57,0.6,0,0,0,0
2664,1,0,1,0,0,0,0,0
2665,16,14,1217,13.5,0,0.3,0,0
2666,18,11,898,10,0,2.8,0.5,17.9
2667,15,15,1350,15,0,0,0,0
2668,4,0,55,0.6,0,1.67,1.67,100
2669,1,0,62,0.7,0,0,0,0
2670,1,1,59,0.7,0,0,0,0
2671,12,6,564,6.3,1,4.29,1.27,29.6
2672,21,16,1314,14.6,3,2.4,0.96,40
2673,9,4,406,4.5,0,0.89,0.44,50
2674,14,13,1081,12,0,1.25,0.25,20
2675,9,4,464,5.2,1,3.08,0.77,25
2676,12,5,511,5.7,0,1.93,0.35,18.2
2677,3,2,154,1.7,0,0,0,0
2678,18,16,1214,13.5,3,1.93,0.59,30.8
2679,9,1,222,2.5,1,1.6,1.2,75
2680,1,1,90,1,0,2,1,50
2681,15,15,1274,14.2,1,0.77,0.21,27.3
2682,1,0,74,0.8,0,0,0,0
2683,16,14,1257,14,1,0.29,0.07,25
2684,19,18,1601,17.8,1,0.28,0.11,40
2685,2,0,32,0.4,0,5,2.5,50
2686,1,0,8,0.1,0,0,0,0
2687,20,20,1684,18.7,8,2.73,0.86,31.4
2688,16,7,703,7.8,1,1.03,0.26,25
2689,20,17,1326,14.7,2,1.16,0.48,41.2
