Player_ID,Touches,TouDefPen,TouDef3rd,TouMid3rd,TouAtt3rd,TouAttPen
1,44,0.4,4.35,19,21.5,2.49
2,59.2,6.23,27.5,29.5,2.73,1.09
3,62.6,0.93,11.4,36,17.4,1.16
4,73.3,2.1,12,49.6,12.2,0.7
5,54.7,3.26,19.2,31.4,4.88,0.23
6,50,0,20,20,10,0
7,25.7,0.48,1.43,11.4,12.9,6.67
8,30.8,0.83,0.83,12.5,18.3,12.5
9,65.7,4.67,20.7,30.7,15,1.67
10,38,0.96,5.45,14.6,18.7,4.97
11,31.6,0.74,2.1,16.5,13.5,4.83
12,67.2,8.21,30.4,34.4,2.85,0.49
13,62.5,0,10,27.5,25,0
14,74.4,3.49,20.1,32.1,22.9,1.65
15,32.6,1.26,2.97,13,17.2,4.74
16,69.4,1.53,15.4,43.2,11.3,0.16
17,42.7,0.77,4.23,17.7,21.9,7.69
18,58.1,9.51,31.6,25.5,1.48,0.25
19,49.2,3.33,18.3,18.3,13.3,0.83
20,48.1,0.71,4.71,18.6,25.8,3.88
21,48.3,0.69,5.56,23.6,19.4,4.44
22,60,0.77,8.46,29.2,24.6,0.77
23,47.2,1.05,9.53,22.7,15.1,1.86
24,34.3,1.25,4.75,11,19,4.25
25,62.3,8.48,32.9,27.5,2.53,0.73
26,69.7,3.13,20.3,36.3,13.4,1.25
27,66,2,14,26,28,4
28,59.8,1.27,12.9,34.1,13.6,0.63
29,41.8,0.5,6.25,19.6,17.3,2.06
30,50.5,6.32,26,23.3,1.58,1.05
31,69.3,3.38,17.6,33.1,18.7,2.06
32,85,0,10,60,15,10
33,43.5,1.16,8.97,25,10.3,1.42
34,90,0,15,40,35,0
35,49.7,1.4,9.25,27.1,14.2,2.37
36,60.3,8.7,31.6,27.8,1.35,0.45
37,68.5,2.4,14.8,31.2,23.6,1.47
38,61.8,3.56,19,22.2,21.5,2.48
39,58.7,6.14,29.5,26.1,3.95,0.44
40,48.5,5.29,21.6,19.6,7.53,1.06
41,39.1,0.93,3.6,20,15.8,5.81
42,44.6,0.77,2.69,23.5,18.8,5.38
43,88.6,5.17,32.7,49.7,6.43,1.4
44,98.4,4.53,31.8,56.8,10.2,1.56
45,53.2,3.24,17.5,23.7,13.1,1.52
46,47.9,1.43,7.14,19.3,22.1,3.21
47,45.8,3.08,10.4,30.8,5,0
48,47,2.09,12.5,25.7,9.7,1.49
49,60.6,5.18,25.8,29.8,5.61,1.14
50,61.8,6.38,24.7,26.2,11.3,0.86
51,45.2,1.2,8,27.2,10,0.4
52,33.2,3.57,5.71,12.9,15.7,5.71
53,103.4,1.84,18.3,55.6,30,2.14
54,75,1.11,9.32,42.1,24,1.79
55,70.8,9.41,35,34.3,2.01,0.24
56,66.9,2.31,12.7,23.8,30.8,1.92
57,87.7,3.2,20.1,54.8,13.1,0.55
58,46,2,9.33,22.7,15.3,2.67
59,51.6,2.68,13.3,31.5,7.32,1.07
60,56.1,4.86,23,29.4,4.43,1.29
61,38.1,1.98,7.9,11.4,19.1,1.73
62,31.6,24,31.6,0,0,0
63,45.6,0.8,6.6,27.2,12.3,0.86
64,97.5,3.06,22.4,48.8,26.8,1.69
65,10,0,0,5,5,0
66,52.4,0.96,12.8,32.7,7.11,0.84
67,39.7,0.57,6,13.7,22,3.71
68,56.4,0,9.29,32.1,15.7,2.14
69,39.5,30.6,38.5,1.1,0,0
70,43.8,1.47,8.9,18.9,16.9,3.16
71,50,0,2.5,20,27.5,5
72,59,1.22,8.92,28.9,22,0.79
73,47.3,0.79,5.05,15.2,27.9,4.46
74,89.3,6.81,31.4,52.6,5.36,0.72
75,62.2,2.74,14.7,33.5,14.4,0.95
76,50,3.33,28.3,16.7,5,0
77,0,0,0,0,0,0
78,42.4,3.33,16.3,22.2,4.13,0.63
79,40.9,0.47,2.03,16.4,22.8,5.63
80,36.1,1.21,3.33,16.7,16.7,3.33
81,64.4,6.15,26.5,35.6,2.93,0.63
82,49.3,11.8,31.8,15.8,2,0.44
83,71.8,10.5,37.1,32.2,2.63,0.33
84,34.7,1.09,3.82,11.8,19.6,2.73
85,56.2,3.81,15.7,31,10.5,0.48
86,50.2,4.79,20.3,18.6,11.5,1.37
87,33.3,15,28.3,6.67,0,0
88,58,4.77,32.3,21.6,4.66,1.36
89,53.7,1.13,8.45,31,14.8,1.13
90,59.8,4.7,22.6,31.3,6.62,0.86
91,77.2,1.86,11.8,53.1,13.4,0.23
92,76.2,14.3,44,29.7,2.74,1.22
93,83.8,1.54,13.1,26.9,46.2,16.9
94,52.4,0.75,6.2,23.9,23,4.06
95,81.9,3.38,19.2,52.5,10.8,1.03
96,38,0.79,2.59,22.2,13.4,3.6
97,63.3,4.08,18.8,38.3,6.5,0.51
98,62.3,1.86,15.1,28.4,19.2,1.02
99,47.9,2.46,12.5,24.2,11.2,0.53
100,52.9,1.26,10,19.4,24,2.76
101,38.3,0,11.7,15,11.7,1.67
102,74.1,8.39,36.7,31.1,7.29,1.11
103,70,4,17.4,46.3,6.57,0
104,29,0.85,2.39,12.6,14.4,4.36
105,52.6,0.5,8.02,17.5,28.4,3.47
106,68.9,9.47,34.2,28.4,6.32,0
107,42.6,0.11,3.41,13.2,26.6,2.95
108,30.4,3.48,8.7,13,8.7,3.48
109,79.1,0.44,7.78,48.7,23.1,4.44
110,70,1.11,5.56,42.2,22.2,3.33
111,63,4.2,18,33.2,12.8,0.45
112,50,2.62,10.6,31.1,9.38,0.31
113,66.9,1.64,15.3,40.9,11.1,1.45
114,72.1,4.32,23.4,46.4,2.74,1.26
115,30,0,2,16,14,6
116,15,0,0,0,15,2.5
117,35.8,34.2,35.8,0,0,0
118,42.4,0.9,6.48,19.5,17.4,3.69
119,32.2,0.61,4.74,12.3,16,3.16
120,53.8,1.06,9.29,21.8,23.5,2.35
121,36.3,0.91,2.35,19,15.3,3.41
122,60.7,3.75,14.8,34.1,12.6,0.42
123,40.4,31.6,39.9,0.44,0,0
124,35,0,5,15,15,5
125,54.8,1.1,8.9,27.8,18.4,2.31
126,32.4,0.41,1.76,10.7,20.3,6.89
127,50,3.03,16.1,21.8,12.7,1.52
128,30.7,0.14,2.96,11.5,16.3,3.66
129,68.4,3.21,22,34.6,12.3,0.49
130,38.6,31.6,38.6,0,0,0
131,58.9,0.71,5,25.2,28.9,3.39
132,44.2,2.27,9.09,22.7,12.9,0.91
133,51.4,0,2.86,14.3,35.7,10
134,77,1.52,17.9,44.5,14.8,0.3
135,45.4,0.76,2.81,21,22.1,4.22
136,63.6,3.18,18.2,37.3,9.09,1.82
137,73,2.54,17.9,34.1,22.4,1.69
138,25.8,1.25,3.13,11.3,12.1,3.33
139,40,0,10,20,10,10
140,39,31.8,38.4,0.67,0,0
141,58.3,2.65,17.5,25.4,16.4,0.44
142,56.7,3.33,21.1,16.7,18.9,2.22
143,42.5,3.75,17.5,12.5,12.5,3.75
144,64.2,5.08,24.5,25.1,15.5,0.75
145,50,1.67,8.64,25.4,16.4,1.59
146,38.4,0.78,3.8,14.5,20.2,3.26
147,45.2,5,24.9,20.2,0.25,0.08
148,29.4,1.23,4.2,11.9,14,3.46
149,59.1,3.03,17.3,26.7,16.4,1.52
150,13.3,3.33,3.33,10,0,0
151,43.3,1.93,6.99,20.1,17.3,2.53
152,63.1,8.85,32.5,29.8,0.98,0
153,62.8,2.82,20.6,26.9,16.3,2.18
154,0,0,0,0,0,0
155,36.6,0.57,3.43,18.6,15.4,7.14
156,78.6,5.61,27.8,32.1,19.1,1.23
157,0,0,0,0,0,0
158,40.9,1.71,11,27.4,3.6,0.54
159,52.8,6.8,31,21,1.14,0.34
160,85.6,5.6,39.6,43.6,3.2,0.2
161,67,7,35,31,2,2
162,31.6,29.5,31.6,0.05,0,0
163,99.5,14.3,54.3,44,2,1.25
164,61.1,8.82,25.8,34.8,1.4,0.75
165,45.6,0.96,6.09,19.1,21.1,3.3
166,56.4,2.73,9.09,33.6,14.5,1.82
167,38.5,0.55,3.97,13.5,21.9,3.84
168,55.6,5.38,24.4,27.2,4.36,2.05
169,50,10.7,30,20,0,0
170,70,8.33,16.7,40,13.3,1.67
171,60,1.36,10,36.8,13.6,0.91
172,43.5,0.1,6.29,17.6,20.9,2.57
173,30,0,3.33,13.3,16.7,6.67
174,47.1,0,8.57,21.4,17.1,4.29
175,63,1.85,19.8,30.3,13.5,1.39
176,67.3,3.07,19.2,31.8,16.7,1.56
177,45.8,0.35,7.06,22.6,16.7,2
178,75.5,1.72,16.4,36,24.2,2.24
179,49.7,4.15,18.5,18.2,13.9,1.29
180,82.3,2,9,56.3,18.3,0.33
181,80,2,14,32,34,0
182,65.8,7.14,29.7,32.3,4.03,0.36
183,63.2,2.66,14.2,28.1,21,0.9
184,66.4,1.36,11.8,31.4,23.6,1.82
185,28.6,0.62,2.71,11.2,15,5.88
186,52.3,2.9,16.1,29.4,7.42,0.16
187,59,0.62,4.94,25.3,29.6,4.75
188,31.4,1.21,2.42,12.7,16.4,6.21
189,38.4,0.51,4.36,14.5,20.7,3.85
190,53.4,2.16,11.7,25.6,16.7,1.2
191,43.9,0.48,7.81,21.7,15.5,4
192,48.1,1.46,10.8,24.8,13.1,0.83
193,53.3,0,0,33.3,20,0
194,45.4,0.81,4.5,23.6,17.8,3.15
195,52,1.71,10.9,32.6,8.86,0.57
196,43,0.81,5.68,13.2,25.4,8.38
197,65.3,3.43,22.3,30.5,13.3,0.72
198,57.3,2.16,10.3,35.9,11.1,1.35
199,61.5,1.23,10.1,31.4,21,2.23
200,53.7,0,3.72,17.7,32.6,3.72
201,52.4,0.88,8.97,25,19.1,2.5
202,51.8,2.35,9.41,19.4,24.4,3.24
203,38.6,0.43,3.99,14.4,20.7,4.41
204,37,2,9.58,18.5,9.5,2.25
205,50,1.9,14.3,19.5,17.1,2.38
206,55,0,5.53,30.3,20,0.53
207,74.3,1.67,13.7,44,17.3,0.67
208,46.7,0.24,5.18,20.1,22,1.41
209,50,7.14,27.3,20.7,2.27,0.86
210,63.9,1.95,13.2,32.4,18.8,1.95
211,55.4,0,8.46,27.7,21.5,2.31
212,77.7,7.38,32.6,34.3,11.2,1.42
213,56.3,2.29,13.9,22.7,20.3,1.9
214,39.9,3.84,15.2,21.4,3.42,0.82
215,47.2,6.64,27.2,18.2,1.98,0.95
216,45.8,36,45.3,0.45,0,0
217,63.4,3.14,26.3,33.4,4,1.43
218,53.2,3.87,16.8,29,7.74,0.65
219,48.8,1.4,7.53,24.3,17.9,4.21
220,43.3,0.71,6.1,18.9,19.1,2.13
221,98.3,10,46.7,35,16.7,5
222,40,0,10,20,20,0
223,39.1,27,38.3,0.82,0,0
224,74.3,0,1.43,27.1,51.4,0
225,36.2,0.88,2.94,20.3,13.8,3.82
226,61.2,4.69,28.5,25.6,7.41,1.63
227,70,5,20,40,10,0
228,80,0,20,50,10,0
229,29.1,0.12,1.6,8.83,19.1,3.46
230,56.1,6.84,27.4,25.8,3.16,1.84
231,71.8,8.18,35.5,36.4,0.91,0
232,37.9,0.53,1.58,12.1,24.2,5.79
233,33,31,33,0,0,0
234,41.4,0,10,15.7,15.7,2.86
235,41.4,1.67,3.33,20,18.5,4.64
236,68.4,2.9,16.5,41.6,11.3,0.32
237,43.4,2.11,10,16.1,18.2,1.41
238,49.4,0.34,4.71,23,22.4,5.06
239,53,0.5,5.5,21,27.5,3.25
240,53.7,2.11,12,34.4,8.01,0.54
241,60.4,6.38,30.9,27.2,2.83,0.71
242,54,8.25,28.3,23.5,2.63,1.58
243,79.4,4.44,21.7,29.4,28.3,2.22
244,66.7,1.11,10,25.6,32.2,3.33
245,62.8,1.36,9.83,32.4,21.7,1.3
246,66.9,0.63,10.6,31.3,25.6,3.13
247,71.2,1.6,12,39,21.3,3.51
248,60,0,20,40,0,0
249,34.4,0.67,3.33,12.9,18.4,4.44
250,68.5,1.9,15,42.3,11.6,0.45
251,47.3,0,3.27,22.1,22.3,4.04
252,4,0,0,2,2,0
253,35.8,0,1.27,14.8,20,6.35
254,112,1,25,64,24,3
255,40.5,1.43,8.57,19,12.9,1.9
256,74.6,1.4,14.4,47.8,13.7,0.38
257,47.4,0.75,5.71,16.9,25.6,3.16
258,66.1,5.31,23.1,30.5,13,2.12
259,79.1,2.49,19.8,49.1,11.6,0.24
260,64,3.11,17.6,36.5,10.5,1.14
261,57.3,0.26,2.76,20.6,34.3,7.5
262,56.1,0.69,5.69,21.6,29.7,4.31
263,68.7,4,17.8,30.8,21,1.05
264,48.8,0.79,5.13,14.7,29.5,4.61
265,57.1,3.61,19.2,23.8,14.9,0.98
266,76.7,0,16.7,50,10,0
267,38.4,0.86,6.29,14,19.9,3.71
268,33.1,1.42,2.99,10.8,20,4.8
269,67.6,4.57,21.7,34.6,11.7,0.29
270,28.1,23.8,27.9,0.14,0,0
271,64.5,2.45,16.5,31.2,17.2,3.18
272,63.7,3.16,22.6,25.8,15.3,1.05
273,66.7,0,3.33,43.3,20,0
274,28.5,1.34,1.64,11.5,15.7,6.04
275,30,0,30,0,0,0
276,49.5,8.84,29.4,18.2,2.03,0.72
277,53.3,0,8.33,35,10,0.83
278,125,10,95,25,5,0
279,65.7,5.71,32.9,27.1,5.71,1.43
280,57,6.9,29.6,25.5,2.68,0.42
281,53.6,9.22,31,21.1,1.56,1.1
282,30.6,1.92,3.27,15.1,12.8,4.33
283,29,1,3,13,13,3
284,43.1,2.31,10.6,19.5,13.7,2.25
285,116.7,13.3,33.3,80,3.33,0
286,79.4,2.61,18.8,31.7,29.5,0.94
287,62.7,2.86,15.3,25.2,23.1,2.35
288,46,1.67,5.33,21,20.3,4
289,46.5,0,5,21.9,21.2,2.31
290,71,1.89,14.1,45.7,11.3,0.11
291,33.1,0.98,5.69,16.7,10.8,0.59
292,53.1,0.63,7.4,29.6,16.8,2.4
293,31,27.5,31,0,0,0
294,45.6,2.22,11.1,25.6,8.89,0
295,49.2,1.54,14.2,15.8,20.4,0.38
296,40,33,40,0,0,0
297,51.6,0.38,5.68,25.8,21.6,2.76
298,40.8,29.8,40.2,0.69,0,0
299,61.7,8.18,32.4,28.8,0.55,0.36
300,32,26,32,0,0,0
301,54.2,4.6,17.1,27.8,9.5,0.72
302,67.5,10,17.5,42.5,7.5,0
303,21.7,1.67,3.33,11.7,6.67,3.33
304,55.1,8.86,27.1,27.7,0.29,0
305,71.3,4,13.3,36.7,21.3,4
306,115,0,10,45,65,15
307,48.1,1.45,10.5,28,10.4,0.72
308,66.1,0,4.55,24.3,38.2,4.55
309,60.3,3.42,17.9,31.1,12.4,0.53
310,68,1,10.5,29,29.5,4
311,49.1,9.09,33.5,13.8,2.12,1.21
312,54.5,0.68,7.09,27.8,20.8,2.97
313,39,0,2.4,20.9,16.1,2.8
314,85.7,0,11.4,57.1,18.6,0
315,34.3,0.56,4.89,14.9,15.8,2.33
316,67.2,10.4,37.2,27.4,3.26,0.87
317,60.1,10,32.4,27.5,0.9,0.75
318,59.5,2.89,17.4,25.1,17.9,2.21
319,50,6.67,10,23.3,20,0
320,63.3,8.97,32.4,28.9,2.14,0.48
321,48.5,0.91,6.91,23.5,18.7,4.91
322,31.1,0.27,2.7,11.6,17,2.97
323,60.9,10.1,35.3,23,2.83,1.82
324,36,2,11,17,8,1
325,32.8,0.4,2.8,12.4,18.8,5.2
326,49.5,0,5.5,24,21.5,4
327,65.1,2.33,17.6,35.5,13,1.28
328,45,1.25,16.3,15,13.8,0
329,66,0.11,4.62,32,30.6,4.09
330,18.8,8.75,16.3,2.5,0,0
331,40.4,31.4,39.9,0.59,0,0
332,88,5,21,40,27,1
333,56.1,3.46,15.9,29.8,11.4,0.43
334,67.4,1.16,6.35,31.3,30.2,2.7
335,47,0.5,12.5,21,14,3
336,36.8,0.59,4.84,12.9,19.3,4.25
337,41.6,1.93,3.56,21.8,17.3,3.63
338,35,0,11.3,10,15,2.5
339,53.2,2.07,13.5,23.4,17,0.9
340,52.2,0.2,5,21,26.8,3.4
341,26.1,0.38,2.5,9.7,14.2,2.88
342,57.1,7.88,31.6,23.4,2.38,0.5
343,61.4,0.24,5.9,24.8,31.8,3.13
344,42.9,1.08,6.87,22.5,13.9,2.17
345,59.2,5.98,25.5,26.7,7.66,0.54
346,34.7,27.3,34.3,0.33,0,0
347,44,29,44,0,0,0
348,56.3,3.16,10.5,18.4,27.4,0.53
349,115,0,15,40,60,5
350,56,0,7,34.3,16,1
351,69.8,11.2,40.8,26.5,2.74,1.6
352,33.3,0.61,2.12,12.4,19.1,4.85
353,64.7,5.68,29.2,32.8,2.88,0.58
354,77.7,10.3,38,39.7,0.67,0.33
355,65,0,0,25,40,20
356,79.6,3.94,20.8,48.5,11,0.7
357,55.6,4.11,21.1,24.8,10.1,0.38
358,76.7,3.33,26.7,40,10,0
359,33.3,0.3,2.42,15.2,16.4,4.85
360,41.1,1.42,8.85,16,16.5,1.06
361,50,0.63,8.13,18.8,23.1,1.25
362,63.3,2,10.7,17.3,35.3,4
363,63.3,2.22,15,29.4,20,2.78
364,64,4.67,20.3,25.7,18.7,2.33
365,28.8,1.15,2.08,12.2,14.9,5.73
366,54.5,1.1,8.01,25.5,21.4,3.46
367,57.1,3.96,24.4,15.9,17.2,1.15
368,66,5.43,31.2,33.4,1.76,0.6
369,37.1,0,0,21.4,15.7,7.14
370,39.6,0.66,4.94,15.2,20.1,4.76
371,63.3,0.86,6.03,24.1,34,5
372,40,0,5,10,30,0
373,58.5,4.97,24.3,30.9,3.69,1.15
374,33.9,0.43,1.3,10.9,22.2,3.91
375,30.5,0.34,3.22,11,16.8,6.27
376,39.7,0,1.33,13.7,24.7,4.67
377,60.5,5.29,24.7,26.1,10,1.75
378,56.5,3.53,15.3,27.1,14.9,1.18
379,81.3,2.48,15.6,54.5,11.9,0.69
380,58,2,16,27.6,16,1.6
381,35,32,35,0,0,0
382,44.7,0.31,5,13.1,27.2,7.5
383,58.3,11.7,25,30,6.67,0
384,77,0.75,6.84,35.5,35.4,4.96
385,75.8,2.28,15.4,28.4,33.9,3.33
386,54.6,7.21,25.4,26.6,2.9,1.37
387,87,4,23.3,40.3,24.3,2.33
388,63.6,4.24,23,33.1,8.31,0.68
389,30,10,20,10,0,0
390,71.2,2.76,16.1,40.3,15.8,0.83
391,89.6,0.38,13.7,42.3,35.4,3.46
392,59.1,3.16,16.4,30.8,12.5,1.89
393,39.3,8.67,24.7,14,0.67,0.67
394,77.1,3.78,24.4,38.4,15.3,0.81
395,55.6,9.26,31,21.9,3.43,1.2
396,64.3,7.53,31.7,29.3,3.56,0.48
397,51.6,4.96,20.5,27.3,4.35,0.46
398,62.5,11.6,37.6,23.6,1.5,0.88
399,30,10,20,10,0,0
400,68.2,1.47,13.9,36.3,18.7,0.88
401,82.9,4.29,31.4,24.3,27.1,1.43
402,55.9,3.79,18.6,22.8,16.2,1.72
403,76,6,26,50,0,0
404,27.8,0.74,2.1,12.2,14.2,4.44
405,45.2,1.64,8.91,28.8,8.59,1.64
406,52.1,1.67,9.29,35.5,9.29,0.24
407,66,1.88,14.2,43.4,9.42,0.32
408,36.7,0,0,10,26.7,3.33
409,73.6,7.73,36.4,38.2,0,0
410,75.6,1.96,14.5,41,21.7,1.18
411,50,1.38,7.59,16.2,27.8,5
412,67.1,3.2,22,29.9,16.3,1.48
413,57.5,0,7.5,21.3,30,11.3
414,26.3,1.01,1.89,11.6,13.2,3.52
415,58.8,1.25,7.5,23.8,28.8,6.25
416,74.2,4.2,22.6,43.6,8.4,0.86
417,62.7,0.62,7.35,29.2,27.4,2.1
418,47.4,0.87,7.83,18.3,22.2,5.65
419,96,1.41,15.8,48.3,32.5,3.31
420,86.7,4.67,28.7,38.7,20,3.33
421,62.8,2.12,12.4,27.3,23.8,1.23
422,26.7,0,0,6.67,20,13.3
423,63.3,1.11,14.4,27.8,22.2,2.22
424,40,0,0,0,40,0
425,58.4,2.2,14.1,31.4,13.3,1.54
426,54.7,2.31,10.5,33.8,10.9,1
427,52,0.27,4.01,24.8,23.5,4.69
428,25.3,0.33,0.9,10.3,14.1,4.02
429,30,0.46,2.31,13.5,14.2,6.15
430,70.5,1.9,10.3,39.4,21.5,2.15
431,54.7,2.11,21.6,22.6,10.5,2.11
432,90,0,10,50,30,0
433,51,4.96,19.7,24,7.69,0.34
434,32.7,0.77,2.69,15.8,14.2,4.62
435,31.7,3.33,10,11.7,10,0
436,100,0,70,20,10,0
437,61.9,3.54,20.1,26.6,15.9,1.95
438,70,4,24.5,42.5,4.5,2
439,35.6,32.4,35.5,0.1,0,0
440,40,0,5,10,25,5
441,37.1,4.29,12.1,5.71,19.3,2.86
442,43.8,1.72,12.4,12.8,19.3,3.1
443,67.8,5.59,24.9,33.2,10.2,1.02
444,34.8,31.1,34.8,0,0,0
445,55.7,1.2,9.81,19.8,27.1,5.65
446,71.5,3.83,20.3,29.6,21.8,1.17
447,49.5,0.54,8.38,18.6,23.2,7.03
448,37.3,29.3,37.3,0,0,0
449,73.4,1.27,11.1,49.6,13.3,1.53
450,65.3,8.97,32.1,32.4,1.44,0.82
451,76.9,4.6,23.1,41.4,13.2,1.02
452,110,10,30,80,0,0
453,61.1,3.03,17,28.3,16.4,0.68
454,65.6,3.71,22.7,27.4,15.7,1.63
455,60.3,2.24,13.7,33.9,13.6,0.79
456,48,34.5,47.5,0.45,0,0
457,23.4,0.95,2.2,9.4,12.3,4.11
458,58.8,5.77,24.8,31.4,2.94,0.55
459,52.7,0.19,5.98,22.6,24.5,2.62
460,76,3.81,26.5,32.9,17.5,1.06
461,55,0,10,20,25,3.33
462,69.2,4,18.5,42.7,8.45,0
463,62.5,8.26,34.1,27.8,0.95,0.53
464,40.7,0.82,8.03,12.1,21.6,2.79
465,56.3,7.47,28.2,25.7,2.79,0.39
466,32.2,0.76,3.24,14.4,14.8,4
467,97.3,1.27,13.7,55.1,28.9,1.75
468,50.9,5.39,18.8,25.9,6.61,0.87
469,32.6,2.14,4.95,13.8,14.2,4.27
470,37.7,0,4.57,10.6,22.6,6.86
471,65.5,2.73,21.9,27.8,16.7,1.36
472,66,4.88,18.2,33,15.2,0.73
473,49.2,0.75,9.93,21.6,18.2,1.85
474,34.7,0,0.67,14,20.7,5.33
475,0,0,0,0,0,0
476,70.9,14.8,45,24.4,1.67,0.74
477,45.6,1.11,4.72,31.4,10,0
478,90.8,8.75,37.5,50.4,3.75,0.42
479,46.6,1.58,6.05,22.6,18.4,3.49
480,110,40,50,30,30,10
481,68.8,7.04,35.1,29.4,4.44,0.83
482,78.3,9.17,43.3,30.8,5.83,0
483,68.9,2.22,14.4,34.4,20,0
484,42.9,1.79,3.93,23.9,15.4,5
485,57.1,6.4,29.5,26.1,1.83,0.86
486,53.1,2.67,16.4,27.7,9.2,1.47
487,62.7,3.64,9.09,16.4,37.3,0
488,73.5,0,2.99,24.9,47,8.31
489,68.2,6.47,28.8,28.2,11.8,0.59
490,33.8,27.3,33.8,0.06,0,0
491,4,2,2,2,0,0
492,53.3,1.48,8.52,21.1,25.2,3.33
493,77.8,1.4,19.4,32.6,26,1.4
494,51.1,10.2,33,17.7,0.76,0.3
495,66.7,1.02,10,48,9.15,0.45
496,51.5,3.8,16,30.4,5.7,0.49
497,94.5,6.75,35.1,57.9,1.75,0.38
498,40.2,30.1,39.9,0.32,0,0
499,44.5,1.83,9.39,20.9,14.9,2.61
500,58.6,1.82,13.2,20.5,25.9,5
501,49.1,0.89,5.8,16.8,27.4,5.36
502,16.7,3.33,6.67,10,0,0
503,50,6.63,28.2,21.6,0.84,0.32
504,88,8,36,44,8,0
505,47.7,1.61,7.42,20.6,19.7,0.65
506,26.9,0.58,1.92,10,15,6.15
507,53.3,1.67,5,26.7,25,3.33
508,61,3.82,17.4,36.9,7.55,1.18
509,47.5,10,30,12.5,5,2.5
510,54.5,1.16,12.1,22.8,20,1.96
511,70,0,0,0,70,10
512,55.7,5.71,12.9,25.7,17.1,0
513,49,1,6,24.4,19.4,3.6
514,60.2,1.95,11.8,24.3,24.9,4.03
515,58.5,4.23,19.4,25.6,13.8,1.38
516,57.1,2.84,18.2,27.6,11.5,0.22
517,60.1,10.7,35.5,23.7,1.32,0.48
518,55.9,2.5,14.1,21.9,21.6,4.38
519,65.8,9.54,34.5,27.1,4.77,0.15
520,32.3,3.23,13.5,16.1,3.23,0
521,54,4.63,20.1,21.7,12.8,0.84
522,77.1,0,14.3,41.4,22.9,1.43
523,49.7,1.33,8.17,22,20.5,2.5
524,80,0,0,20,60,10
525,55.9,6.95,29.3,25.4,1.3,0.58
526,65.8,10.2,39.1,25.1,1.95,0.55
527,37,0.36,1.09,17.1,19,4.45
528,53.8,0.38,5.28,24.3,25.5,2.83
529,88.8,9.61,47.1,39.2,2.94,0.2
530,63,0.72,4.1,19.4,40.6,5.78
531,65.8,9.06,34.9,29.9,1.74,0.54
532,56.4,1.05,8.31,34.3,14.3,2.1
533,47.1,36.6,46.5,0.47,0.05,0
534,62.4,3.7,22.1,27.9,12.9,0.65
535,36.7,0,0,26.7,10,0
536,48.4,3.27,14.5,25,9.52,0.48
537,52.7,9.43,30.3,20.8,1.79,0.94
538,60.4,6.5,31.5,27.1,2.36,1.46
539,48.9,4.83,23.7,23.2,2.66,0.91
540,56.2,5.22,25.2,25.4,6.23,0.58
541,47,2.03,7.72,26.5,13.2,2.28
542,56.7,3.1,13.6,22.2,21.4,1.38
543,42,0,6,9,27,4
544,35.7,0,5.71,14.3,15.7,4.29
545,48.9,0.77,4.84,18.5,26,7.91
546,37.7,0.21,2.08,18.5,17.9,3.75
547,74.9,3.44,23.4,31.8,20.6,1.23
548,80,0,30,0,50,0
549,57.6,2.06,12.9,28.4,16.6,1.47
550,56.1,0.22,3.28,28.4,25,2.7
551,21.4,1.11,2.5,8.06,11.1,5.14
552,50.3,2.07,12.9,22.6,15.3,1.52
553,42,2,14,30,0,0
554,34.2,0.78,3.91,15.7,15.4,4.06
555,64.7,3.62,22.6,37.2,5.51,0.55
556,33.6,27.9,33.4,0.16,0,0
557,60.9,3.85,17.3,23.8,19.9,0.77
558,46.2,2.29,11.3,27.4,8.63,0.63
559,77.5,0,15,20,45,2.5
560,37.3,31.4,37.2,0.13,0,0
561,65.2,1.93,10.6,45.5,9.72,0.28
562,58,0.25,3.29,29.6,25.8,2.78
563,61.8,1.32,15.1,26.2,21.6,1.05
564,0,0,0,0,0,0
565,52.6,4.65,20.4,23.2,9.37,1.34
566,70.8,3.71,21.8,30.4,18.9,0.47
567,62.4,2.45,17.1,39.9,5.93,0.93
568,66,0,4,38,28,6
569,53.1,4.14,15.1,26.6,11.9,0.29
570,29.5,0,3.16,9.47,17.4,4.21
571,66.7,1.69,17.6,31.4,18.1,2.46
572,82.7,3.56,25.6,36.5,21.1,0.67
573,82,10,41.8,38.8,1.5,0.75
574,45.8,2.08,11.7,22.5,11.7,0.83
575,52,6,14,24,14,0
576,36.4,1.07,9.29,16.4,12.1,2.86
577,31.2,0.95,4.05,14.5,13.8,5.24
578,68,0,6,36,26,2
579,44.1,0.31,11.6,17.2,16.3,3.13
580,65.8,10,36.7,24.2,5,0.83
581,36.9,0,4.86,17.4,15.1,3.43
582,77.6,4.47,27.6,43.7,6.58,0.79
583,41.5,0,2.17,20.5,19.3,4.67
584,63.4,2.26,13.2,26.8,24.5,2.1
585,34.8,26.6,33.8,1.2,0,0
586,83.6,3.18,16.8,48.2,19.1,0.45
587,31.3,1.41,2.95,11.9,16.7,4.62
588,27.5,0.9,1.49,12.5,13.8,4.4
589,69.2,5.04,23.9,28.2,17.5,1.91
590,55.6,0.63,8.75,30,17.5,3.75
591,51.9,0.31,8.13,24.1,20,2.81
592,61.1,9.91,35,25,1.57,0.52
593,71,3,23,28,20,1
594,60,3,19,33,8,0
595,70.5,7.01,27.9,36,7.06,1.39
596,140,0,10,80,50,0
597,25.5,0.38,2.08,7.36,16.2,4.34
598,76.1,6.55,28.1,45.7,2.73,0.77
599,78.3,10.1,40.2,37,1.36,0.68
600,54,6.5,34.5,19.5,0.5,0.5
601,52.8,0.96,6.95,29.5,17.6,0.96
602,58.6,8.1,31.7,26.1,1.2,0.9
603,66.7,0,16.7,20,30,0
604,58.7,2.91,16.9,27.4,14.7,1.55
605,47.2,0.81,9.01,21.4,17.5,1.98
606,34.9,0.87,2.62,15.6,17.1,6.31
607,83.3,2.32,21.4,40.4,23.4,2.9
608,64.6,4.19,23.4,33.8,7.5,0.88
609,50.4,2.17,12.6,30,7.83,2.17
610,51,5.18,24.5,21.9,5.18,1.08
611,47.5,6.63,26.4,17.8,3.5,1.75
612,67,15.5,44.5,21.5,1,1
613,68.5,0.51,4.04,25.7,39.7,3.93
614,41.3,0.38,3.72,18.5,19.9,5.13
615,25,0,0,15,10,5
616,71.9,0.21,9.38,43,19.8,0.93
617,62.8,2.69,16.9,35.5,10.7,0.3
618,52.4,3.45,18.1,23.8,11.2,1.03
619,65.4,3.33,18.7,35,12.4,0
620,55.5,9.89,35.7,19.7,0.34,0
621,26,0.67,3.78,12.2,10.4,3.33
622,1,0,0,1,0,0
623,40.8,0.53,4.96,22.7,13.9,2.18
624,58.5,0.29,6.03,27.4,26.9,4.41
625,10,0,0,10,0,0
626,57.5,2.28,11.8,24.4,21.9,2.03
627,55.3,2.35,15.3,31.8,8.24,2.06
628,51.3,2.5,17.5,28.8,5.63,0
629,95,0,30,45,20,5
630,80,0,10,30,40,10
631,35.5,0.8,2.41,17.2,16.2,4.25
632,73.3,0,16.7,43.3,13.3,0
633,59.3,0.71,3.57,22.1,35,7.14
634,30.6,0.59,1.62,14.6,14.9,4.85
635,65.6,0.16,1.97,21.1,43.7,5.57
636,59.2,0.83,8.33,25,27.5,2.5
637,100,0,10,20,70,0
638,46.3,9.49,28.6,16.7,1.32,0.66
639,74.1,2,13.7,41.8,19,0.9
640,34.4,1.56,4.61,12.3,17.9,5.15
641,245,0,0,200,45,0
642,53.9,8.06,33.3,18.9,1.67,1.67
643,74.2,1.17,11.3,41.3,22.2,1.26
644,50.5,2.89,14.2,28.7,7.63,1.05
645,53.3,2.5,13.8,31.3,8.75,2.08
646,42.4,0,4.89,15.6,22.9,4.89
647,44.2,2.62,10.8,19.2,14.7,1.69
648,78,4,18.7,37.3,22.7,2
649,5,0,0,5,0,0
650,10,0,0,0,10,0
651,28,26,28,0,0,0
652,69,3.28,17.6,34.9,17,1.34
653,26.6,0.45,0.9,9.4,16.4,6.79
654,66.5,1.89,20.3,31.4,16.5,0.81
655,22.2,0.98,1.57,9.61,11,4.9
656,53.7,0.37,3.26,21.9,29.6,6.07
657,59.1,1.35,9.53,32.2,18,1.99
658,30,0,0,13.3,16.7,6.67
659,36.5,0.88,4.16,13.9,19,3.84
660,41.8,34,41.6,0.19,0,0
661,80.5,2.82,20.7,39.9,20.7,2.68
662,54,0.15,4.26,22.9,27.6,2.5
663,30.5,0.74,3.93,13.3,13.8,2.82
664,42.8,0.16,2.93,18.8,21.6,4.4
665,56.2,7.42,29.3,24.3,2.81,1.56
666,73.8,3.14,20.2,39.5,14.6,1.19
667,55.3,2.67,20,21.3,15.3,0.67
668,82.1,9.17,35.8,41.9,4.79,1.67
669,60,0,10,20,30,5
670,32.7,0.64,2.69,15.4,15,4.97
671,50.8,1.65,13.5,30.3,8.1,0.38
672,54.3,3.59,21.5,26.5,7.06,0.06
673,30,0,8.57,12.9,8.57,4.29
674,46.9,0.99,9.12,23.7,14.7,1.54
675,57.5,3.55,21.2,26.3,10.3,0.55
676,44.1,1.87,11.2,16.3,18.1,3.52
677,60,6,18,44,2,0
678,100.2,7.22,37.6,57.2,5.67,1.44
679,42.6,0.6,3.76,16.2,23,3.89
680,40.2,32.9,40,0.26,0,0
681,46.5,0.26,3.13,26.3,18.3,2.87
682,49.7,0.44,3.38,21.6,25.3,6.62
683,20,0,0,0,20,0
684,34.5,0.45,1.82,17.7,15.5,6.82
685,41,0,2,20,19,7
686,74.9,11.5,43.8,28.6,2.77,0.89
687,31.1,0.68,0.91,14.1,16.4,5.68
688,67.9,4.07,22.4,25,20.8,1.63
689,63.6,2.15,14.2,24.5,25.3,2.76
690,32.7,27.2,32.5,0.21,0,0
691,54.3,2.64,15.2,27.7,12.8,2.99
692,80,0,8.18,37.3,34.5,4.55
693,47.3,0.67,4,18.7,26,6.67
694,84.2,5.15,34.1,45.6,4.75,0.61
695,32.9,0.2,0.61,15.9,16.9,4.9
696,71.7,7.24,32.1,38.8,1.5,0.63
697,60.8,1.11,10.6,29.4,21.6,2.22
698,68.6,0,0,20,50,7.14
699,34.5,29.7,34.5,0.07,0,0
700,61.1,6.36,22.2,35.2,4.5,1.18
701,80,0,0,10,70,0
702,80.3,7.72,33.7,44.9,2.49,0.73
703,46.7,4.09,21.8,23.3,2.22,0.29
704,47.5,2.03,12.7,21.9,13.6,1.72
705,60.2,4.79,26.8,29.6,4.2,0.41
706,65.7,8.5,30.4,32.9,3,0.85
707,68.1,8.26,35.4,29.3,3.77,0.72
708,17.5,0,0,5,12.5,2.5
709,44.4,36,44,0.4,0,0
710,20,0,0,20,0,0
711,73.3,0,13.3,33.3,33.3,6.67
712,41,0.73,5.09,16.2,20.7,4.36
713,64.9,1.74,16.2,30.6,18.4,0.76
714,50.8,3.39,22.4,25.3,3.49,0.83
715,67.6,3.65,19.5,24.9,23.2,3.24
716,45.1,1.15,11.2,15.6,19.4,2.21
717,57.9,0.64,6.6,21.7,32.8,5.74
718,20.9,2.27,3.18,10.5,7.73,2.27
719,28.3,2.08,2.08,10,16.7,3.33
720,2,0,2,0,0,0
721,59.9,1.42,11.6,33,15.9,1.35
722,28.2,5.88,20.6,7.65,0,0
723,74.2,6.25,37.9,27.1,10.4,0
724,38.3,0,1.67,11.7,26.7,3.33
725,27.6,24.6,27.4,0.26,0,0
726,61.1,2.22,25.6,28.9,8.89,0
727,72.5,8.57,29.6,38,5.19,1.57
728,34.8,0.34,4.48,13.8,17.6,3.1
729,86.7,2.22,17.8,56.7,13.3,1.11
730,49.7,1.71,12,23.4,14.9,3.14
731,53.5,3.11,15.6,30.4,8.09,0.33
732,61.7,0,10,21.7,30,11.7
733,47.4,0.64,4.36,24.7,19.4,3.21
734,40,0,10,30,0,0
735,49.7,3.54,19.1,27.3,4.16,0.18
736,51.5,0.71,6.57,27.3,18.1,3.03
737,58.2,2.87,17.7,29.3,12.4,0.73
738,45,1.18,6.76,29.4,8.82,0.59
739,36.4,29.9,36.3,0.15,0,0
740,55,1.25,8.75,32.5,13.8,0
741,30.6,0.56,1.67,13.6,15.8,2.22
742,40.8,1.08,7.1,20.5,14,2.8
743,44.9,6.22,24.1,19.5,1.46,0.81
744,39.6,1.84,3.62,14.5,21.6,4.49
745,51.4,2.14,7.86,28.6,15.7,0.71
746,46.8,0.65,4.81,26.6,15.6,1.82
747,50,0,20,30,0,0
748,65.8,4.17,11.7,22.5,32.5,3.33
749,47.5,1.88,9.92,19.8,18.6,4.06
750,55.8,0.83,8,34.3,14,0.5
751,89.4,11.3,46.4,41.1,2.05,0.95
752,37,27.9,36.9,0.14,0,0
753,60,0,0,50,20,10
754,72.5,7.5,20,25,27.5,0
755,28.8,0.67,1,11,17,5.83
756,63.5,3.64,17.3,31.6,15.7,0.52
757,55,0.08,4.73,27.9,23.1,4.05
758,37.4,1.6,3.89,17.6,16.4,5.28
759,52.5,0,2.5,20,30,5
760,88,4,18,36,36,6
761,64.3,4.85,28.1,29.3,7.13,0
762,54.5,5.05,21.5,23.6,10.1,1.21
763,37.8,29.2,37.5,0.38,0,0
764,55.9,2,13.1,27.8,15.9,2.67
765,36.5,1.65,4.3,17.8,14.9,4.55
766,43,0.67,7.83,13,22.8,4.83
767,40.1,1.1,7.35,23,10.1,1.42
768,41.9,0.37,5.56,14.8,21.5,5.19
769,60.4,2.43,17.4,36.1,7.43,0.43
770,51.6,3.19,18,17.5,16.7,1.74
771,47.1,1.43,17.1,20,10,0
772,44.4,0.11,3.3,23.3,19.9,3.41
773,47.8,2.62,11.8,27.1,9.69,1.54
774,36.8,0.37,2.44,16.3,18.7,5.12
775,30,0,5,20,10,0
776,41.1,0.91,5.68,14.1,21.4,5.68
777,33.8,2.5,10,13.8,12.5,1.25
778,31.6,1.58,5.79,16.3,10,0
779,64,0.63,7.86,28.7,28,2.7
780,56.7,0.54,5.98,25.9,25.4,3.37
781,48.5,1.54,8.46,32.3,8.46,0
782,61.8,4.65,23.6,31.4,6.93,0.96
783,77.1,10.5,42.5,32.9,2,0.85
784,54.6,9.69,33.6,19.8,1.52,0.79
785,26.7,0.23,1.99,11.7,13.5,4.15
786,40.3,2.18,7.95,16.6,16,2.69
787,54,0.92,7.47,21.5,26,3.1
788,37.5,5,5,20,15,2.5
789,33.5,0.99,2.05,14.7,17.4,4.56
790,66.9,4.96,23.8,23.4,20.1,2.56
791,25.2,0.98,3.05,10.6,11.7,5.85
792,55,4.11,16.4,28.6,10.8,1.41
793,48.1,0.85,8.3,30.9,9.36,0.21
794,69.7,2.24,12.7,38.1,18.9,1.33
795,57.1,7.06,31.8,25.1,0.37,0.07
796,56.8,2.58,16.6,32.1,9.03,1.13
797,58.7,3.04,11.3,37,11.7,2.17
798,56.9,3.41,21.6,22.8,12.7,0.59
799,55.6,3.5,18.9,24.9,12.3,0.81
800,68.1,11.4,36.2,30.6,1.91,0.96
801,72.9,1.43,14.8,45.2,13.3,0.48
802,51.4,7.97,27.4,22.7,1.62,0.61
803,76.9,3.36,19.6,36.4,21.4,1.93
804,83.7,10.6,40.8,42.1,0.89,0.22
805,47.6,2.04,9.03,22.7,16.2,1.36
806,51.6,0.58,8.43,26,18.5,2.21
807,50.6,1.71,14.3,20.6,16.6,1.14
808,51.4,0.46,5.23,17.5,30.2,3.54
809,29.3,25.8,29.2,0.1,0,0
810,74.2,3.09,16.3,46.5,11.4,0.65
811,59.6,4,12.8,25.6,21.2,1.6
812,53.9,2.24,14.4,28,12,1.53
813,79,12.1,43.6,34.6,1.19,0.44
814,50,12.7,28.3,21.3,0.67,0.33
815,50.8,1.27,7.94,29.8,13.7,1.11
816,45.7,37.7,44.7,1,0,0
817,62.3,0,4.62,23.8,33.8,3.08
818,65.5,0.3,4.55,33.9,28.8,1.82
819,37.3,1.92,3.08,15.2,19.2,4.81
820,35.2,29.5,35.1,0.09,0,0
821,41.2,6.47,20.9,18.2,2.25,0.88
822,73.3,6.67,26.7,33.3,13.3,0
823,47,3.02,11.5,20,15.7,2.26
824,52.9,0.81,4.19,17.9,31,8.6
825,61.7,1.52,14.8,40.9,7.61,0.22
826,37.5,0,2.5,22.5,12.5,2.5
827,56.7,6.95,26.4,26,4.75,1.27
828,57.4,3.33,24.1,24.1,10,1.11
829,59.3,11.4,38.6,20.2,0.71,0.48
830,56.4,0.11,3.45,24.4,29,4.25
831,75.6,13.3,53.3,21.1,1.11,1.11
832,67.7,4.09,25.5,40.9,2.27,0.91
833,58.7,10.3,31.9,25.6,1.4,0.58
834,58.1,0,5.63,28.8,24.4,5.63
835,44.7,0.42,3.19,21.9,19.7,2.92
836,58.2,6.73,31.6,25.2,1.73,0.82
837,67.7,3.43,24.1,28,16.3,0.61
838,29.2,0,1.15,15.8,12.7,4.23
839,51.8,1.88,10.1,27.6,14.5,2.77
840,61.8,2.19,9.86,24.6,27.8,3.48
841,55.5,5.32,22.3,27.5,6.45,0.28
842,41.2,34.7,40.9,0.3,0,0
843,47.9,1.99,10.1,27,11,1.47
844,34,26.4,33.4,0.6,0,0
845,35.7,1.07,4.64,14.3,17.1,3.21
846,99.5,6,29,60,11.5,0.5
847,30,11,24,5,1,0
848,53.2,8.49,31.7,20.3,1.23,0.82
849,4,1,1,2,1,0
850,40,35.6,39.8,0.15,0,0
851,65.9,4.91,22.5,34.1,9.72,0.28
852,58.3,5.31,28.8,27.6,2.6,0.52
853,62.2,5.37,32.2,29.5,1.22,0
854,72,8,27,36,9,0
855,74,2.14,18,46.8,9.7,0.18
856,47.6,1.11,9.11,20.2,19.1,1.56
857,92,2,6,38,50,10
858,55.1,0.29,5.34,28.1,21.8,6.7
859,57.4,3.48,14.8,33,10,0.87
860,50,1.54,18.5,20.8,10.8,0
861,43.5,34.8,43,0.7,0,0
862,42.8,4.91,15.1,23.7,4.56,0.18
863,60.1,2.32,13.8,24.8,22.2,2.05
864,77.3,1.82,19.1,37.3,20.9,0.91
865,65.3,0.69,4.91,22.3,38.8,6.47
866,45,0,0,15,30,15
867,62.5,0.93,6.65,35.9,20.5,2.84
868,84.5,5.5,34,48.5,3.5,1.5
869,104.5,1.5,25,69,10.5,0.5
870,32.6,29.1,32.4,0.25,0,0
871,60.1,1.81,10.2,38.1,12.6,1.13
872,64.1,2.61,14.8,30.6,19.1,1.16
873,74.5,10.1,35.6,35.8,3.33,1.13
874,53.9,0.93,8.97,24.6,21.2,1.87
875,44.2,0.12,3.21,24.6,16.7,1.67
876,43.9,1.11,7.78,31.1,6.11,0
877,24,23,24,0,0,0
878,46.7,1.04,5.73,22.7,18.6,1.67
879,30,0,20,10,0,0
880,65.4,0.77,11.5,32.3,21.5,0
881,54.7,2.57,17.4,20.5,17.3,1.08
882,70,3.86,20.3,38,12.9,1
883,44,4,16,18.5,10.5,0
884,5,0,1,3,1,0
885,45.6,3.2,14,25.6,6.8,1.2
886,74.1,2.51,11.8,27.7,35.3,2.17
887,42,0.29,5.14,14.6,22.9,2.57
888,44.4,1.98,8.96,22.3,13.8,2.97
889,71.2,2.59,18.5,31.5,22,2.94
890,50,5.1,15.7,19.8,14.9,1.18
891,68.6,4.94,22.8,30.4,16.1,0.71
892,47.3,3.27,16.2,24.3,7.1,0.25
893,43.1,0,0.77,18.5,23.8,7.69
894,70.9,6.85,33.2,34.2,3.93,0.12
895,78.1,8.41,47.5,28.6,2.71,1.68
896,54.9,1.68,12.4,22.3,21.3,3.63
897,43.1,0.69,5.88,17.8,20.5,3.13
898,85,0,5,40,40,0
899,55.2,1.03,6.21,30.5,19,2.41
900,43.8,1.46,3.14,21.9,19.2,4.7
901,62.2,7.91,37.8,23.6,1.04,0.15
902,38,1.36,4.24,15,18.9,3.81
903,77.5,0,2.5,47.5,27.5,5
904,52.5,1.36,11.6,24.1,17.3,4.55
905,40,0,0,6.67,33.3,3.33
906,26.8,0.36,1.79,8.21,17.1,5.36
907,72.5,1.78,19.8,31.4,22.1,1.1
908,53.7,1.52,12.5,32.8,9.1,0.07
909,80,2.5,12.5,55,12.5,0
910,68.4,2.26,13.7,32.9,22.7,2.69
911,57,3.18,18.6,23.9,15.3,0.47
912,33,29.8,32.9,0.07,0,0
913,50.5,3.62,18.7,23.5,8.58,0.14
914,43.6,0.39,3.68,20.3,20.1,4.26
915,59.6,2.65,17.9,34.7,7.72,0.22
916,28.7,0.54,2.61,13.9,12.5,4.46
917,24.3,0,2.86,18.6,4.29,0
918,44.3,1.3,2.17,15.7,27,7.39
919,72.7,2.56,14.8,39.7,18.6,0.74
920,41.4,0.97,6.18,10.1,25.8,3.45
921,34,0.67,5.33,18.7,10,2.67
922,93.3,6.67,40,50,3.33,3.33
923,55.5,3.03,12,35.6,8.48,0
924,55.9,6.63,26.4,28.1,1.6,0.69
925,87.2,6.63,38.6,46.9,2.53,0.36
926,66.5,2.46,15.7,30.7,21,0.8
927,40,1.27,3.97,16.7,19.7,6.35
928,60.3,1.16,6.52,25.8,28.6,2.32
929,50.5,4.75,24.4,24.8,1.91,0.5
930,50.8,0.28,5.28,10.3,36.1,10
931,61.9,3.75,11.3,35.6,16.3,2.5
932,47,7,25,22,0,0
933,30,2.5,2.5,10,17.5,10
934,84.2,3.28,24.3,50.2,10.2,0.23
935,73.3,6.67,36.2,33.3,4.33,1.67
936,57.3,0.78,4.61,31.3,22.2,2.98
937,40.6,34.9,40.5,0.18,0,0
938,32.6,27,32.5,0.18,0,0
939,50.2,0.99,10,30.5,10.5,0.38
940,47.9,1.67,4.17,21.7,22.5,5.83
941,56,3.42,20.4,23.3,13,0.5
942,61.8,7.27,18.2,30,13.6,1.82
943,39.9,1.76,8.24,21,10.8,2.59
944,38.8,1.38,3.85,18,17.1,4.31
945,53,0.87,6.74,24.6,22.4,2.39
946,72,2,4,42,26,4
947,47.1,2.31,12.5,18.3,16.5,0.96
948,63,7,20,27,19,1
949,76.7,13.3,20,23.3,33.3,0
950,59.5,0.5,9,26.5,24.5,2
951,46.5,0.46,4.62,19.5,23.1,2.49
952,63.3,2.57,17.7,23,23,1.9
953,68.4,7.59,28.9,34.3,5.82,1.63
954,51.8,40.1,51.4,0.5,0,0
955,48.4,2.41,13.5,20.4,15,0.92
956,71,6,36,33,2,0
957,93.9,3.33,22.2,56.1,16.1,1.67
958,25,0,0,10,15,0
959,64,0,2,40,22,4
960,66.6,5.8,31.1,33,2.75,1.1
961,64.5,9.71,29.6,31.6,3.41,0.82
962,33.7,1.13,2.6,14.3,17.3,6.93
963,59.7,0.24,6.59,24.4,29.5,7.32
964,46.9,0.5,5.63,15.4,27.3,2.88
965,47.4,4.35,20,23,5.65,1.3
966,43.7,38.7,43.7,0,0,0
967,51,0.69,6.57,21.1,24.5,3.09
968,84.6,2.47,14.9,54.1,16.4,1.29
969,63.5,0.86,10.7,37.1,16.1,1.45
970,90,5,30,40,20,5
971,63.2,14.7,36.5,24.1,2.65,0.59
972,30,0,5,11.3,15,3.75
973,93.7,6.75,36.7,53.5,4.15,0.33
974,22.5,1.67,1.67,7.5,13.3,6.67
975,60.4,0.82,8.63,34.3,18.2,0.88
976,60,1.08,7.03,29.9,23.6,1.89
977,53.4,7.44,27.4,25.3,1.04,0.56
978,85.8,4.17,16.7,46.7,22.5,5.83
979,62.6,1.97,16.2,41,6.56,0.33
980,47.8,6.42,31.6,14.9,1.48,0.74
981,57.5,9.21,33.4,23.1,1.18,0.79
982,48.8,3.1,15.5,20.7,12.8,2.41
983,43,2.08,9.94,22.1,11.6,1.4
984,52.8,0.4,2.8,24,26.6,5.8
985,72.3,1.82,12.3,42,18.6,1.52
986,48.3,4.63,23.6,23,2.17,0.97
987,58.3,0,0,35,23.3,1.67
988,34.4,3.13,12.5,19.4,2.5,0
989,50,0,2.22,20,28.9,7.78
990,38,1.07,7.13,13.5,17.9,3.85
991,64.3,3.27,16.5,32.4,16.3,2.57
992,65.1,1.59,14.4,30,20.9,0.73
993,70.3,1.5,15,24.3,31.8,4
994,59.7,0.67,7.58,31.6,21.2,2.25
995,39.6,1.2,4.8,14,20.8,2.8
996,34.7,0.33,1.46,14,19.7,4.77
997,57.5,7.43,32.5,22.5,3.01,0.66
998,78.6,4.14,22,51.6,5.73,0.32
999,70,6.67,26.7,40,3.33,3.33
1000,57.3,5.58,21.3,30,6.35,0.58
1001,74.3,1.79,11.4,37.5,27.9,2.5
1002,100,0,40,60,0,0
1003,49.2,5.04,20.5,22.6,6.96,0.52
1004,45.5,0.91,4.12,17.1,24.8,3.69
1005,36.7,0,3.33,10,23.3,0
1006,41.7,35.2,41.7,0,0,0
1007,58.5,0.69,5.09,19.6,35.2,6.12
1008,55.7,1.14,10.6,24.3,22,1.43
1009,33,0.62,2.36,12.7,18,5.96
1010,58,8.8,34.4,22.8,0.8,0.4
1011,54.1,1.21,8.03,29.4,16.8,0.61
1012,61.6,0.92,6.67,30,26,4.11
1013,60.6,1.12,6.99,29.3,25,2.38
1014,45,31.5,43.8,1.25,0,0
1015,49.2,2.86,13.1,30.7,5.86,0.38
1016,68.9,1.68,11.5,30.5,27.2,2.82
1017,8,0,0,2,6,1
1018,54.7,2.34,14.1,34.4,6.73,0.28
1019,33.6,2.52,12.3,18.3,3.46,0.09
1020,34,29.8,34,0.09,0,0
1021,61.2,2.21,17.7,34.7,9.61,0.78
1022,34.1,1.25,4.82,16.3,13.2,3.04
1023,43.6,1.82,3.64,14.5,26.4,4.55
1024,65.4,7.47,28.7,31,5.9,0.62
1025,45,0.83,9.17,18.3,18.3,2.5
1026,35.4,0.38,3.54,13.3,19.4,3.8
1027,55,0,5,5,45,0
1028,67.3,12,38.3,27.7,1.62,0.71
1029,61.9,1.17,8.09,35.2,19.7,2.9
1030,76,2.01,17.3,39.2,20.2,2.14
1031,36,0.48,4.67,16.7,15.8,3.52
1032,88,0.67,8,54.7,26,0
1033,49.5,2.63,10.5,27.4,11.6,1.58
1034,70.5,1.64,13.1,44.7,13.3,1.27
1035,55.9,5.17,15.9,32.9,7.24,1.03
1036,71.6,4.21,18.9,32.1,22.1,0
1037,66,2.99,15.1,36.8,14.7,0.39
1038,67,2.32,13.2,37.5,17.2,1.16
1039,43.3,3.33,3.33,10,30,16.7
1040,36.1,1.02,2.13,19,15.2,5.09
1041,3,1,2,1,0,0
1042,37.5,30,37.5,0,0,0
1043,61.3,5,28.8,30.6,1.88,0.63
1044,54.7,2.43,11.1,31.2,12.7,0.5
1045,47.3,3.78,17.8,20.2,9.79,1.26
1046,67.2,1.22,8.27,34.2,25,3.67
1047,50.9,1.89,10.2,21.9,19.1,1.73
1048,50.2,7.39,25.5,22.7,2.61,0.9
1049,34.5,0.69,2.59,15.7,16.4,4.48
1050,92.3,2.69,19.9,44,29.4,1.19
1051,38.9,1.06,10.4,21.3,7.41,0.94
1052,58.5,2.18,16.8,23.5,18.6,1.59
1053,95,10,44.3,49,2.15,0.59
1054,80,0,10,40,30,10
1055,34.2,0.99,5.73,14.5,14.2,3.27
1056,53.4,6.52,26.7,26.4,0.79,0.11
1057,23.9,0,0.43,12.6,10.9,3.7
1058,24.2,0.6,1.43,9.56,13.2,7.53
1059,41.9,3.66,14.3,18.4,9.46,1.51
1060,38.1,0.72,6.62,19,12.9,2.3
1061,58.9,6.12,28.1,29.3,2.15,1.07
1062,49.7,0.57,4.57,21.7,24.3,4.29
1063,71,3.81,18.1,42.9,11.4,0.95
1064,36.3,3.26,8.84,14.7,13.5,1.63
1065,63.3,2.17,14.8,38.8,9.86,0.43
1066,69.4,4.66,20,37.1,12.5,1.44
1067,72.1,1.85,14.8,29.1,29.1,3.63
1068,74.7,3.53,29.1,27.6,18.5,2.94
1069,41.1,1.11,3.7,19.3,18.1,4.81
1070,78.6,2.39,24.5,41.6,13.2,0.83
1071,50,0,20,10,20,0
1072,42.6,0.29,1.45,19.1,22.5,3.91
1073,60.3,7,31.3,27,2.5,1.25
1074,41.4,33.3,41,0.25,0.13,0
1075,50,1.5,6,29,15,0.5
1076,39.1,2.18,6.18,21.6,11.8,1.82
1077,59.8,1.75,5.79,24.4,30.9,5.26
1078,140,0,0,80,60,0
1079,53.9,0.81,5.2,19.1,30.2,2.97
1080,51.8,2.12,6.06,28.2,18.8,1.21
1081,66.5,12.3,39.8,27,0,0
1082,53.1,2.45,14.1,22.2,17,1.87
1083,43.2,1.64,4.46,17.4,21.8,5.82
1084,70.9,0,1.82,26.4,43.6,7.27
1085,74.2,2.31,14.6,28.5,32.5,3.46
1086,31.4,0,2.86,8.57,20,11.4
1087,120,2.22,23.3,87.8,8.89,2.22
1088,68.3,4.09,21,30.9,17.1,2.07
1089,33,0.65,5.19,14.8,13.8,2.21
1090,49.4,0.72,7.73,24.2,18,2.68
1091,39.5,6.58,23.4,15.8,0.79,0.26
1092,39.7,33.3,39.5,0.28,0,0
1093,80.9,1.76,13.6,48.8,19,1.67
1094,53.4,1.58,11.4,31.3,11.3,1.58
1095,61.7,5.42,29.6,30.4,2.92,0
1096,32,26,32,0,0,0
1097,74.4,2.65,21.8,35.4,17.7,2.04
1098,69.3,2.14,12.9,45.7,10.7,0
1099,40.2,0.7,6.82,17.1,17.5,2.56
1100,55.3,1.32,9.74,30,16.1,1.18
1101,42.1,3.59,13,16,13.8,1.05
1102,32.8,1.32,2.19,14,16.8,4.21
1103,44.2,7.27,26.7,16.4,1.62,0.3
1104,69.8,8.98,34.7,32.2,3.39,1.69
1105,56.4,7.14,27.9,27.5,1.25,0.18
1106,76.8,3.77,28.9,41.9,6.23,0.38
1107,51.6,6.58,25.5,20.3,6,0.42
1108,3,0,0,1,2,0
1109,61.8,2.3,15.4,30.5,16.8,2.35
1110,68.5,2.94,12.1,37.9,18.8,2.06
1111,37.7,29.3,37.3,0.4,0,0
1112,50.8,1.28,6.98,26.6,17.6,3.37
1113,69.4,1.25,15.6,25.6,29.4,5
1114,39.9,0.26,4.01,14.9,21.8,3.18
1115,49.3,2.68,12.9,25.9,11,1.1
1116,50.6,4.75,26.9,21.7,2.72,0.63
1117,55,6,30,15,10,1
1118,76.5,6.67,33.1,38.1,5.68,0.99
1119,50.3,3.47,14.9,28.8,7.05,0.26
1120,35.3,0.82,3.67,16.8,15.2,3.16
1121,54.2,2.63,13.2,24.7,16.3,1.58
1122,53.1,3.04,14.7,32.3,6.63,0.87
1123,54.7,0.83,8.27,23.9,23.1,2.95
1124,33.8,1.42,1.85,18.3,13.8,3.77
1125,40,10,30,10,0,0
1126,45.5,2.86,9.29,16.7,20.2,3.33
1127,55,7.5,24.2,27.8,3.06,1.11
1128,51.8,2.71,11.5,20.5,20.5,2.58
1129,39.1,2.73,7.73,22.3,9.55,2.27
1130,41.2,0.11,4.57,14.5,23,3.59
1131,44.5,2.07,11.4,24.5,9.31,0.52
1132,43.3,0,24.4,17.8,2.22,0
1133,46.1,0.68,6.2,16.7,24.2,2.81
1134,38.6,4.29,31.4,4.29,2.86,0
1135,50.1,5.75,26.3,22.8,1.1,0.68
1136,50,0,10,20,20,0
1137,36.6,31.8,36.4,0.26,0,0
1138,61.2,4.63,24.6,29.8,7.07,0.73
1139,48.4,1.6,6.8,23.6,18.8,2.4
1140,70.5,10.9,44.2,25.6,1.25,0.42
1141,42.5,0.98,4.75,21.5,17,1.15
1142,50.5,3.1,12.6,24,14.5,1.43
1143,82.9,7.19,36.9,43,3.44,1.17
1144,39.9,0.28,5.25,20.1,15.2,2.82
1145,48.9,1.23,8.25,20.9,20.2,2.98
1146,50,0,0,13.3,36.7,6.67
1147,73,4.04,27.6,34.7,11.2,0.45
1148,76.8,3.49,19,44.5,13.9,0.96
1149,34.3,0.38,1.23,12.9,20.7,6.7
1150,53,4.05,16.6,22.2,14.5,1.57
1151,54.3,4.29,13.8,25.2,15.2,2.86
1152,65,7.33,32.7,30.9,2.33,0.81
1153,65,0,15,30,20,10
1154,33.8,0.96,2.2,16.4,15.5,4.29
1155,54.7,3.07,15.1,24.4,15.7,1.27
1156,29.5,0.73,1.71,13.6,14.3,4.51
1157,72.8,5.4,29,41.4,2.86,0.56
1158,39.2,0.82,2.24,15.5,22.2,5.31
1159,40.6,0.38,3.54,16.2,21.6,4.85
1160,51.6,2.74,10.3,26.3,15.7,1.16
1161,46.9,0.63,8.13,17.5,22.5,3.13
1162,45.8,0.83,10.8,14.2,22.5,0
1163,58,4,12,34,12,0
1164,67,4.11,17.7,35.4,14.5,1.25
1165,36.3,0.91,2.27,15.2,19.2,7.35
1166,31.7,3.33,11.7,8.33,11.7,3.33
1167,29,1.3,2.83,11.5,15.1,5.33
1168,38.7,0.71,3.29,17.6,18.1,5.29
1169,52.8,5,19.1,31.2,3.04,0.2
1170,28.3,0.24,1.43,7.62,20.2,5.48
1171,27.1,1.76,2.94,11.2,12.9,6.47
1172,57.2,1.01,7.87,30.9,19.3,2.25
1173,69.8,2.55,16.1,34.5,19.9,2.42
1174,55.8,11.3,34,20.6,1.25,0.97
1175,84.2,10.2,39.1,42.1,3.49,0.81
1176,80.8,7.12,36.9,39.2,5.29,0.35
1177,43.5,0.24,4.82,16.8,22.9,3.21
1178,28,0,6,16,6,0
1179,53.1,1.59,10.3,26.5,17.2,1.54
1180,70.1,5.69,34.9,30.7,5.2,0.81
1181,28.2,0.68,2.95,9.77,15.9,3.86
1182,51.6,1.21,8.23,26.9,16.8,2.58
1183,54.2,4.04,26.3,25.9,2.53,0.4
1184,51.4,5.71,10,20,22.9,1.43
1185,65.7,6.02,28.6,29.8,7.8,0.73
1186,50,40.5,50,0,0,0
1187,69.7,1.83,12.2,33.5,25,3
1188,46.7,0,3.33,10,33.3,10
1189,30,0.45,4.09,11.8,14.5,2.73
1190,39.3,1.75,4.5,12.5,23.5,3.5
1191,86.8,2.02,17.1,38.3,31.7,1.79
1192,50.4,2.91,14.4,26.7,9.62,1.58
1193,48.8,3.75,13.9,26.8,8.89,0.14
1194,50.2,8.25,30.5,18.9,0.7,0.7
1195,76,10,49,26,1,0
1196,60,0,4,24,32,2
1197,70.2,4.63,22.9,34.6,12.7,0.98
1198,41.1,0,1.39,22.8,18.1,4.44
1199,36.1,2.12,4.55,16.1,16.1,6.06
1200,80,0,10,20,50,0
1201,53,8.84,30.4,21.1,1.52,0.87
1202,39.8,2.35,6.94,16.6,16.2,2.35
1203,60.6,1.29,12.6,27.6,20.9,1.08
1204,57,9.67,37.3,18.7,1.67,1.33
1205,47.2,1.19,3.93,17.9,25.6,9.11
1206,76.6,6.42,31.2,44.5,1.34,0.9
1207,28.6,1.67,2.5,11.1,15,5.56
1208,67.5,0.83,3.33,23.3,41.3,3.75
1209,58,2.55,10.5,27.5,20.9,3.56
1210,35.9,2.35,10,13.5,13.5,0
1211,65.2,5.48,27.9,28.5,9.35,0.16
1212,24.8,0.15,2.35,8.95,14.3,3.4
1213,81.6,5.63,29.5,34.2,18.6,0.42
1214,80.5,1.43,12.4,38.6,30,4.76
1215,84.5,1.38,13.6,51.8,19.8,1.93
1216,71.1,1.31,13.7,43.2,14.5,0.62
1217,35,33,35,0,0,0
1218,80,0,20,45,17.5,5
1219,72.3,2.54,19.2,40.6,12.5,0.56
1220,42.1,1.7,14,16.4,12.3,1.28
1221,46.2,1.54,7.44,19.7,19,1.28
1222,35.1,1.53,3.42,15.4,16.3,4.26
1223,45.5,3.18,9.55,20.5,16.8,5
1224,44.5,0.91,3.41,23.6,17.5,3.41
1225,25.6,0.8,1.79,11.9,12.1,4.55
1226,35.9,0.66,5.25,20.5,10.5,2.95
1227,63.5,8.85,33.3,27.8,2.56,1.41
1228,49.9,8.63,28,20.7,1.42,0.71
1229,46,8.74,25.2,19.3,1.76,1.26
1230,60.1,3.02,19.7,28,12.9,1.34
1231,45,0,6.67,15,25,1.67
1232,49.4,0,4.71,23.5,24.1,1.76
1233,46.7,0.45,6.52,21.5,19.2,3.64
1234,51.9,0.05,2.92,12.9,36.8,6.72
1235,54,4.5,13,22,19.5,1
1236,70.5,3.45,21.3,34.2,15.5,0.58
1237,50.8,7.71,25.3,23.3,2.41,0.84
1238,66.4,6.94,33.2,30.3,3.76,1.27
1239,63.8,3.02,14.3,24.1,25.9,3.81
1240,60,0,8.89,25.6,25.6,2.22
1241,59.8,2.36,15.4,26.4,18.3,2.36
1242,34,0,4,17.3,14,6.67
1243,43,10,26.5,16.1,0.56,0.19
1244,56.4,0.97,7.72,22.5,27.2,2.07
1245,90,0,20,55,20,0
1246,14,0,4,2,8,4
1247,32.7,0,1.54,16.9,14.2,6.92
1248,32.6,0.65,2.5,13.3,17.2,5.09
1249,37.4,0.29,2.75,13.3,22.2,4.2
1250,43,1.88,6.88,24.9,11.7,2.5
1251,61.7,5.21,23,27.3,11.9,1.58
1252,71.1,5.05,33.6,33.7,4.57,0.7
1253,63.1,0.9,9.77,39.2,14.9,2.56
1254,52,6,23,25,4,0
1255,31.8,26.7,31.8,0,0,0
1256,64.1,3.46,18.5,38.3,7.89,0.45
1257,36.5,0.56,4.44,14,18.4,2.94
1258,30,10,21,9,0,0
1259,72.2,1.48,13.7,49.1,10.1,0
1260,78,2,8,40,32,2
1261,33.9,0.75,2.46,16.1,15.9,4.78
1262,25,1,1.77,9.62,13.8,4.62
1263,41.5,0.36,4.97,20.4,17.1,1.07
1264,75.8,0.53,7.89,40.5,28.4,2.11
1265,32.9,0.71,4.29,13.1,15.5,5
1266,46,0,4,14.4,27.6,4.8
1267,65.3,4.76,19.5,40,6.5,0.29
1268,38,0,0,18,20,3
1269,54.8,4.1,20,22.5,13,0.98
1270,63.9,1.58,19.7,27.6,17.1,0.79
1271,36.3,1.25,6.25,16.3,13.8,3.75
1272,54.1,0.59,7.06,27.4,19.7,2.06
1273,30.3,0.38,3.38,11.2,16.6,4.66
1274,29.8,0.37,2.96,13.3,14.2,4.94
1275,33.3,13.3,20,3.33,10,0
1276,36.1,1.27,5.82,10.1,21,3.42
1277,48.2,3.53,17.1,20,12.1,0.88
1278,55.8,5.52,25.7,24.8,5.58,0.73
1279,40,3.85,19.2,20.8,0,0
1280,65.6,1.11,8.15,37,20.4,4.07
1281,45.4,0.83,8.33,27.3,10.8,1.25
1282,59.2,8.9,36.3,19.7,3.6,0.5
1283,56.8,7.66,30.8,25.3,1.36,0.87
1284,36.7,0,4.44,17.8,16.7,2.22
1285,62.1,2.91,20.6,31,11.3,0.63
1286,53.4,2.44,9.76,30.7,13.2,3.66
1287,43.3,0.89,7.59,23.1,13.7,1.96
1288,38.2,0.63,4.79,19.4,14.7,3.13
1289,41.8,1.84,10.8,25.4,6.38,0.49
1290,120,0,30,80,10,0
1291,34.6,1.15,1.8,14.4,18.5,5.74
1292,64.6,7.05,35.9,26.3,2.7,0.49
1293,68.7,12.8,42.3,25.4,1.45,0.64
1294,99.2,3.2,19.2,54,26.8,0.56
1295,72.2,6.67,22.6,44.6,5.22,0.72
1296,59.6,11.1,37.1,19.2,3.63,0.94
1297,64.5,6.76,33.6,30,1.08,0.14
1298,61,0.97,8.06,26.5,27.4,2.9
1299,79.7,2.5,40.9,34.7,4.69,1.25
1300,39.2,0.38,3.33,12.2,24.6,3.08
1301,59.8,2.63,20.2,25.4,16.3,2.63
1302,63.3,7.26,33.7,28.6,1.26,0.74
1303,42.1,31.7,41.8,0.38,0,0
1304,57.2,7.85,30.7,24.7,2.31,0.56
1305,57.2,2.23,11.7,36.9,9.11,1.15
1306,70.5,2.16,15.5,44,11.2,1.04
1307,63.2,2.61,16.5,32.4,15.1,1.6
1308,56.7,0,3.33,20,33.3,6.67
1309,35.3,0.5,1.56,14.3,19.9,7.19
1310,66.7,0,36.7,20,10,3.33
1311,78.1,8.33,43.1,32.9,2.62,1.19
1312,65.5,2.52,16.7,43.5,6.07,0.75
1313,30.3,0.42,3.33,14.9,12.4,2.36
1314,60.3,1.79,13.9,37.2,10.5,0.58
1315,49.3,6.03,20.5,24.7,4.83,0
1316,59.8,8.49,33.6,24.5,2.06,0.45
1317,65.9,3.48,16.9,29.2,20.5,1.96
1318,68.1,6.22,25.5,36.4,6.76,0.54
1319,52.6,1.03,7.52,21.8,23.8,1.88
1320,56.3,0,12.5,20,25,3.75
1321,48.1,0.27,3.87,16,28.7,5.73
1322,56.7,4.29,17.1,32.7,8.41,0.63
1323,45,34.3,44.5,0.5,0,0
1324,87.1,7.58,39.8,43.5,4.35,1.21
1325,87.2,3.91,24.8,49.3,13.7,1.57
1326,72,4.5,32.5,38.5,2,1
1327,37.4,3.46,13.5,17.8,6.54,1.28
1328,78.7,1.83,14,50.1,15.3,0.32
1329,49.1,1.63,8.37,25.6,15.3,2.56
1330,37.6,1.19,6.9,12.6,18.3,3.81
1331,1,0,1,0,0,0
1332,42.4,2.87,12.1,23.1,7.54,0.9
1333,46.8,0.46,4.21,26,17,3.95
1334,60.2,2.1,15.2,31.1,14.5,2.41
1335,40.9,1.65,10.8,22.1,9.07,0.6
1336,20,0,0,10,10,0
1337,25,0,0,5,20,0
1338,108.3,2.22,20.7,66.2,22.1,0.67
1339,41.1,2.88,11.9,22.1,7.63,1.75
1340,48,0.67,3.67,20.7,24,6
1341,56.3,4.3,18,27.2,11.4,1.51
1342,43.2,0.14,3.81,13.9,26,5.11
1343,46.7,1.03,7.46,16.9,23.7,5.32
1344,62.8,3.19,17,27.2,18.7,1.91
1345,60.7,6.67,32.7,26,2.67,1.33
1346,62.3,1.82,10.9,40,14.1,0.91
1347,10,0,0,10,0,0
1348,42.7,5.33,23.3,12,7.33,0
1349,49.3,0.36,4.09,15.4,30.4,7.45
1350,32.9,0.92,2.5,17.8,13.3,3.67
1351,42.1,1.29,5.81,18.2,18.5,2.58
1352,0,0,0,0,0,0
1353,59.4,1.65,16.5,22,21.9,1.88
1354,39.7,2.32,12.1,24.3,3.37,0.42
1355,51,0.51,7.69,24.6,19.5,2.05
1356,38.9,1.11,8.89,7.78,22.2,8.89
1357,34.6,0.84,3.35,17.3,14.1,4.58
1358,32.9,0.71,1.07,14.6,18.2,8.57
1359,39.7,0.42,2.71,15.1,22.2,6.07
1360,71.3,1.25,8.33,45.4,18.3,0.42
1361,71.8,8.92,40.2,31,1.08,0.54
1362,35.8,31,35.7,0.14,0,0
1363,41.7,1.67,7.5,25.8,10.8,0.83
1364,51.5,1.6,10.4,28.9,12.9,2
1365,75.8,4.74,23.2,41.1,12.1,2.63
1366,57.6,5.61,27.6,20.2,10.7,0.24
1367,46.6,0.75,5.38,22.5,18.9,4.13
1368,46.7,6.35,24.6,20.3,2.54,1.59
1369,51,0.07,4.07,18.6,28.9,5.26
1370,26.5,0.38,1.15,8.65,17.1,6.15
1371,33.8,0.75,2.45,18.1,13.4,3.02
1372,36.5,1.22,3.57,15.4,18.3,5
1373,73.8,3.11,15.8,25.3,33.3,3.56
1374,63.6,0,10.7,37.9,15.7,0
1375,82.6,8.1,26.4,40,16.4,1.67
1376,54.3,12.9,32.2,21.3,0.88,0.35
1377,38,2,6,12,24,8
1378,62.4,5.88,18.8,32.4,11.8,1.18
1379,54.1,2.97,15.4,24.9,15,1.33
1380,33.9,0.39,3.92,17.6,13.1,2.35
1381,28.1,0.73,3.47,10.5,14.7,4.27
1382,34.2,12.5,23.3,10,0.83,0.83
1383,50,3.33,7.5,17.5,25,10.8
1384,56.7,1.97,13.6,23.1,20.3,2.13
1385,55.9,1.22,16.5,29,11.4,1.22
1386,45.8,0.29,3.01,17.3,26.4,3.9
1387,45.3,0,8.67,17.3,21.3,6.33
1388,49.9,1.62,10.1,32.3,7.98,0
1389,47.5,0.36,3.57,21.1,23.9,2.5
1390,66.5,2.46,12.6,27.1,27.5,1.86
1391,40,0,0,20,20,10
1392,42.6,1.29,7.48,16.1,19.7,2.59
1393,64.7,2.22,21.9,31.5,12.2,1.04
1394,45.6,1.42,11.2,19.4,15.1,2.64
1395,84.4,3.33,10,37.8,37.8,4.44
1396,30.2,1.23,4.15,12.2,14.3,3.77
1397,74.8,2.66,15.8,41.5,18.9,0.84
1398,60.2,4.82,21.7,29.4,9.82,1.05
1399,68.8,8.13,30.4,35.5,3.82,0.28
1400,61.1,9.74,32.3,27.7,1.32,0.46
1401,39.8,0.36,2.07,16.4,22.2,5.74
1402,30,0,3.33,20,6.67,0
1403,29.8,22.8,29,0.8,0,0
1404,38.3,31.3,37.7,0.67,0,0
1405,36.3,30.7,36.2,0.1,0,0
1406,57.8,3.38,16.6,33,9.55,0.76
1407,65.6,7.53,29.9,32,4.32,0.68
1408,54.7,5.68,25.4,27.7,1.62,0.27
1409,57.2,6.48,27.9,27.2,2.55,0.42
1410,66.8,2.81,18.3,32.6,17,1.02
1411,68.2,1.35,11.6,37.8,20,1.22
1412,5,0,4,1,0,0
1413,43.3,0,10,23.3,10,0
1414,56.7,4.29,18.1,31.4,8.57,0
1415,77.8,4.19,21.9,48.5,7.85,0.65
1416,61.1,3.33,12.2,24.4,26.7,6.67
1417,78.6,8.65,39.5,34.3,5,0.77
1418,39.7,31,39.4,0.29,0,0
1419,63.7,3.38,14.9,29.9,19.7,1.76
1420,22.5,0.5,1.88,10.4,10.7,3.27
1421,75.9,1.95,15.3,46.1,15.3,1.05
1422,48,1.46,11,20.2,17.6,2.38
1423,52.6,5.62,18.3,26.5,8.68,1.23
1424,29.4,22.9,29.3,0.05,0,0
1425,54.6,2.03,15.1,32.2,8.99,1.52
1426,70,0,0,30,40,20
1427,37.2,0.27,1.08,13.8,22.6,6.69
1428,43.6,0,5.71,12.9,26.4,7.86
1429,130,0,60,20,50,20
1430,75.8,1.8,12.4,43.4,20.6,1.2
1431,35.6,1.18,6.18,11.8,18.2,5.29
1432,68.7,2.9,20.3,27.4,21.9,0.65
1433,70,8.08,36.4,31.9,2.12,0.67
1434,89.2,9.26,42,43.3,4.22,1.11
1435,71.6,8.6,36,33.8,2,0
1436,41,0.75,5.67,16.6,19.6,5.37
1437,54.2,1.81,8.33,32.5,13.6,1.3
1438,34.6,0.73,4.27,18.6,12.4,1.46
1439,56.4,2.62,16.2,23.4,17.5,1.15
1440,41,31.9,40.6,0.43,0,0
1441,37.8,2.22,11.1,12.2,14.4,1.11
1442,41.8,0.47,4.94,19.3,18,3.29
1443,25,5,10,10,5,0
1444,70.3,8.19,39.3,29.2,2.08,0.83
1445,0,0,0,0,0,0
1446,52,1.86,11.8,20.4,20.5,2.92
1447,32.5,29.7,32.4,0.05,0,0
1448,60.9,0.17,9.66,27.1,25.3,2.59
1449,73.6,2.27,15.8,47.8,10.4,0.36
1450,62.5,2.63,16.7,35.3,11.2,0.71
1451,51.2,5.16,26.1,22.3,3.57,0.4
1452,53.4,3.73,18.4,24.6,11.7,0.68
1453,53.4,3.85,20.3,21.1,12.6,0.74
1454,63.4,2.35,11.7,34.8,17.8,2.78
1455,52,1.76,10.1,27.4,14.8,2.51
1456,44.5,0.07,3.06,18.6,23.4,6.25
1457,31.3,26.3,31.1,0.27,0,0
1458,42.8,0.72,6.23,20.2,17.2,2.25
1459,69.2,9.62,36,31,2.6,0.96
1460,29,23,29,0,0,0
1461,69.8,2.66,17.3,41,12,0.48
1462,36.7,24.9,35.7,1,0,0
1463,76.9,0.8,10.6,46.9,20.1,1.7
1464,55.1,3.33,14.1,31.4,11,0.62
1465,44,2.44,11.9,25.3,7.46,0.96
1466,61.6,3.74,19.9,30.6,12,0.66
1467,52.9,5,28.1,23.3,2.14,0
1468,87.2,7.02,28.5,53,6.38,1.7
1469,56.6,1.55,7.76,28.6,21.2,2.41
1470,40,0,0,30,10,0
1471,29.8,1.57,4.25,14.8,11.4,2.83
1472,43.3,0.37,4.31,14.6,25.1,4.86
1473,60,10,35,20,5,0
1474,59.7,2.5,9.06,42.5,10,1.56
1475,64.7,8.66,35.1,28.5,1.51,0.58
1476,71.8,2.91,21,26.1,25.5,1.39
1477,32.7,0.3,3.94,10.9,18.6,5.61
1478,72,7.05,31.4,37.5,3.64,1.14
1479,69,1.89,16.4,39.7,13.8,0.44
1480,28,0.45,1.14,7.95,18.9,6.82
1481,77.5,5.88,29.9,45.5,2.58,0.82
1482,37.9,0.85,4.18,16.1,18.5,3.94
1483,6,0,0,1,5,2
1484,63.9,2.18,9.7,40.4,14.3,1.73
1485,32.8,26,32.6,0.2,0,0
1486,45,34,44,1,0,0
1487,58.3,11.9,34,23.3,1.32,0.42
1488,55.2,5.84,26,25.2,5.06,0.91
1489,66.2,2.73,20,30,17,0.3
1490,58.8,1.3,14.1,28.3,16.7,1.74
1491,42.8,1.11,6.11,17.2,20,1.11
1492,67.9,1.86,14,37.9,16.5,0.93
1493,45.3,2.03,10.1,19.3,16.4,1.5
1494,43,1.5,7,13.5,23,3.5
1495,56.2,0.64,5.53,26.7,24.3,4.04
1496,59.2,0,8.33,22.5,29.2,3.33
1497,50,2.89,14.3,21,15.3,1.68
1498,15.7,5,11.4,4.29,0.71,0
1499,47.5,1.25,12.5,32.5,3.75,0
1500,59.7,1.51,13.4,37.3,9.18,0.68
1501,40.4,8.3,20.6,18.3,1.7,0.64
1502,49.7,1.7,10.8,28.6,10.8,0.38
1503,60.9,2.59,15.9,36.5,8.92,1.03
1504,69.5,7.91,34.7,30.9,3.95,0.93
1505,40,1.43,12.9,5.71,21.4,2.86
1506,67.3,0.3,3.9,24.3,39.7,5.7
1507,43.3,0.78,7.96,19.9,15.8,2.04
1508,36.6,28.6,36.6,0,0,0
1509,36.1,0.66,3.44,13.1,20.1,4.18
1510,54.1,4,17.6,28.3,9,0.57
1511,67.2,1.01,7.64,31.2,29.6,2.7
1512,44.2,1.24,7.19,25.1,12.6,0.67
1513,63.6,1.43,14.3,41.4,10.7,1.43
1514,30.5,0.91,2.73,12.7,16.4,5
1515,35.2,1.65,9.37,19.7,6.46,1.01
1516,60,3.72,22.7,23.9,13.9,0.74
1517,40,0,10,10,20,10
1518,43.3,1.67,5.56,19.7,18.3,2.78
1519,45.5,1.21,5.45,23.9,16.1,3.33
1520,40,2,12.5,15,12.5,1.5
1521,44.1,0.66,4.07,16.9,24,4.62
1522,69.7,0.33,10,36.1,24.9,1.31
1523,58.5,1.71,6.83,23.7,29,2.44
1524,65.7,3.21,19.8,28.9,17.2,1.79
1525,38.8,5,15,22.5,1.25,0
1526,33.2,28.2,32.4,0.9,0,0
1527,65,5,5,35,25,0
1528,59.6,6.83,29.9,27.1,3.12,0.79
1529,34.9,25.5,34.5,0.46,0,0
1530,64,5.16,24.7,32.4,7.12,0.82
1531,72.4,6.73,30.8,35.9,6.12,0.2
1532,60.2,1.86,9.12,34.1,17.5,2.16
1533,41,0.59,2.67,14.2,25,8.12
1534,44.7,1.56,9.22,27.7,8.18,0.65
1535,76.4,2.83,12.9,49.6,14.1,0.3
1536,33.8,29.9,33.7,0.11,0,0
1537,80,10,20,20,40,0
1538,60,0,15,25,20,0
1539,23.6,0,2.73,11.8,9.09,2.73
1540,48,1.82,12.5,20.3,16.1,1.44
1541,34.7,0.28,3.89,15.6,16.7,4.44
1542,24.6,0.21,1.67,10.4,12.9,4.38
1543,61.8,6,28.8,31.8,1.25,0
1544,54.2,1.79,6.82,17.2,30.6,4.23
1545,35.6,28.9,35.4,0.32,0,0
1546,52.2,1.63,8.42,33.5,11.6,0.98
1547,50,3.33,12.5,25,12.5,0
1548,56.4,8.47,30.2,24.6,1.94,0.53
1549,30,10,10,20,0,0
1550,69.1,2.61,16.1,32.1,21.7,0.89
1551,53.9,3.06,17.5,30.6,6.67,0.28
1552,60.3,9.84,34,25.4,1.11,0.63
1553,60.4,9.29,32.9,25,2.5,1.52
1554,32,0,2,10,20,10
1555,51.1,1.11,9.17,20.6,21.7,2.22
1556,62.9,3.23,17.3,32.7,13.7,0.36
1557,59.5,6.67,26.1,32.3,1.45,1.09
1558,67.7,6.02,30.1,35.2,2.63,0.42
1559,47.4,0.68,5.11,18,25.3,5.23
1560,3,0,0,2,1,0
1561,79.2,9.95,34.1,43,2.36,1.33
1562,62,8,44,16.7,1.33,0.67
1563,53.2,3.25,15.9,29.4,8.68,1.05
1564,31,1.1,3.7,14.7,12.7,2.6
1565,27.6,1.18,2.35,15.9,10,1.18
1566,33.9,0.59,0.98,13.7,19.2,4.51
1567,58.5,2.09,13.6,26.4,19.2,0.7
1568,58,4,14,14,30,0
1569,42.7,2,7.33,11.3,24,1.33
1570,44.4,1.13,5.65,23.4,15.5,2.58
1571,101.9,2.86,22.9,68.6,10.5,1.43
1572,49.9,0.47,4.43,14,32.3,7.45
1573,62.7,2.6,19.1,28.1,15.9,2.27
1574,37.9,31.3,37.4,0.49,0,0
1575,66.2,8,31.2,32.3,2.78,1
1576,35.8,0.86,2.96,15.5,17.8,5.65
1577,76.7,12.6,40.2,34.6,2.53,0.34
1578,80.4,5.95,37,39.3,5.11,1.76
1579,60,0,0,10,50,10
1580,57.8,0.81,8.11,20,30.5,5.14
1581,67,3,25.9,33.1,8.54,0.56
1582,52,2.79,14.4,32.7,5.41,0.12
1583,51.5,5.29,26.2,21.5,4.71,0.88
1584,39.1,36.7,39.1,0,0,0
1585,49.2,5.3,24.7,23,1.74,0.61
1586,44.2,0,5,25.8,15,2.5
1587,94,2,32,50,14,2
1588,44,0,2,24,18,6
1589,80,5.33,27.3,43.3,9.33,0.67
1590,42.5,2.33,8.83,30.2,3.83,0
1591,31.9,2.11,4.56,12.8,14.7,4.39
1592,71.2,2.5,16.8,45,10.5,1.1
1593,78,10,39.9,34.8,4.23,0.56
1594,53.7,5.26,29.8,21.1,3.2,0.21
1595,58,10,36,20.4,1.6,1.2
1596,64.1,3.58,19.5,37.5,7.84,0.07
1597,29.1,0.13,2.28,13.2,14.1,3.16
1598,35,0.63,7.5,16.3,11.9,1.88
1599,34,1.25,4.89,14.5,15.9,3.18
1600,72.8,8.16,33.4,33.9,6.77,1.77
1601,50.9,4.55,10,30.9,10,0
1602,82.5,6.25,15,37.5,30,3.75
1603,32.9,0.43,1.51,13.5,18,5.7
1604,40,40,40,0,0,0
1605,51,9.33,31.5,18.5,1.33,0.83
1606,35.6,0.39,3.83,17.7,14.5,4.11
1607,81.1,2.42,25.3,37.4,18.9,1.77
1608,54.2,2.56,15.8,20.2,18.9,1.8
1609,71.3,2.5,23.8,25,23.8,0
1610,55.8,0.25,1.29,17.9,37.4,10.8
1611,43.2,7.67,26.3,15.7,1.67,1.33
1612,66.3,5.61,22.4,33.6,10.7,1.45
1613,36.8,0.65,5.71,10.5,21.1,3.37
1614,36.7,0,0,16.7,20,0
1615,52.9,2.86,10,24.3,20,2.86
1616,50.1,1.25,8.24,29,13.3,1.18
1617,51.7,9.01,29.9,19.6,2.41,0.99
1618,59.3,4.29,16.4,31.4,12.1,0
1619,45,2.14,9.83,21.4,14,1.88
1620,49.4,1.47,8.81,19.8,21.3,1.93
1621,46.1,5.95,15.7,21.1,9.4,1.67
1622,71.4,7.94,30.9,37.2,3.76,0
1623,92.2,4.71,27.2,58.9,7.09,0.63
1624,59.7,8.28,31.9,23.8,4.22,1.86
1625,56.8,11.4,33.6,21.4,2.14,0.71
1626,47.6,1.89,13.1,27,8.19,0.63
1627,50.9,0.45,10.9,23.2,18.9,2.73
1628,46.3,2.5,9.92,26.1,10.6,2.08
1629,71.2,2.88,13.7,39.7,18.1,1.02
1630,65.4,0,3.85,20,42.3,10
1631,125,0,5,35,85,20
1632,44.7,2.99,17,18.6,9.61,0.13
1633,62.6,2.4,13.4,24,25.9,3.8
1634,84.2,5.64,23.6,53.5,7.21,0.42
1635,61.9,1.12,7.27,30.5,24.6,1.93
1636,3,0,2,1,0,0
1637,78.4,2.63,23.2,45.3,11.1,2.63
1638,58.8,2.8,18,22.8,18.4,2
1639,53.8,2.56,14.1,32,8.39,0.56
1640,33.6,29.1,33.3,0.35,0,0
1641,63.9,2.48,17.3,27.3,19.9,0.64
1642,59.1,1.28,15.5,40.2,4.04,0.21
1643,71.2,3.57,22.4,34.8,15,0.31
1644,51.8,12,34.7,16.4,0.98,0.4
1645,29.9,26,29.8,0.05,0,0
1646,67,4.06,13.8,36.9,16.8,2.8
1647,73.5,2.91,18.6,36.5,19.5,0.5
1648,40,10,25,15,0,0
1649,62.3,3.19,16,37.6,9.58,0.5
1650,32.8,26.7,32.6,0.24,0.05,0
1651,78.3,0.17,2.8,38,38.3,5.94
1652,42.4,1.63,5.71,17.9,19.5,3.16
1653,78.6,3.65,20.3,33.3,25.4,1.75
1654,50.5,32.3,49,1.25,0.25,0.25
1655,49.3,1.03,6.21,13.4,30.7,3.45
1656,40,0,10,0,30,0
1657,63.3,0,3.33,23.3,40,6.67
1658,67.6,6.29,30.5,33.7,3.71,1.82
1659,34.6,0.91,2.64,16.9,15.5,4.18
1660,33.6,2.14,3.57,19.3,10.7,0.71
1661,75.8,2.47,13.9,42.7,19.9,1.96
1662,47.1,33.3,46.5,0.64,0.05,0.05
1663,68.1,10.2,35,29.5,4,1.04
1664,61.2,4.85,21.8,29.7,10.6,0
1665,60.1,1.86,12.4,37.8,10.5,0.16
1666,43.4,1.34,7.61,22.9,13.9,2.76
1667,55.4,2.05,12.3,26.7,17.7,3.59
1668,81.3,2.46,18.7,35.7,27,3.28
1669,60,0,5,25,30,5
1670,89,10.1,38.7,48.6,2.15,0.62
1671,79.6,9.62,35.4,41.2,3.46,1.15
1672,47.9,1.32,5.09,19.2,24.3,5.09
1673,59.1,9.47,32.8,24.5,1.89,0.58
1674,72.1,3.55,25.3,34.8,13.3,0.84
1675,26.9,1.06,2.94,10.7,13.4,5.06
1676,44.6,0.31,2.48,22.6,19.8,2.33
1677,60.3,2.67,12.3,28.7,19.3,3
1678,54.5,1.2,8.26,27.4,19.6,3.91
1679,59,3.77,21.9,25.6,12,0.99
1680,56.1,1.07,7.67,19.9,29.3,5.92
1681,36.6,1.22,3.65,17.7,15.5,6.57
1682,39,6.72,25.1,13.7,0.52,0.34
1683,71.5,3.56,21.5,35.4,16.3,1.02
1684,54.2,1.17,8.28,31.3,15.6,1.72
1685,22.8,2.29,3.49,10.8,8.55,3.49
1686,83.6,1.2,12.1,44.6,27.3,2.16
1687,18.3,0,1.11,8.89,8.89,2.22
1688,23.6,0.65,2.08,12.5,9.87,4.09
1689,27.9,2.39,3.58,11.6,12.9,4.78
1690,65.9,3.72,24.7,24.7,17.2,0.9
1691,62.2,1.76,18.6,23.9,20.2,0.78
1692,69.7,4,21.7,25.3,23.3,1.33
1693,70,20,45,20,10,0
1694,69,2.42,21,25.8,22.4,1.5
1695,55.6,2.4,11.6,18.8,26,0.4
1696,62.4,2.35,11.8,29.4,21.2,0.59
1697,44.8,0.43,5,23.7,16.5,2.17
1698,57.2,2.06,13.1,32.8,11.8,0.66
1699,58.2,2.97,16.5,30,12.1,0.81
1700,44,7.43,24.6,18.6,0.86,0.57
1701,30.4,0.77,1.54,11.9,16.9,6.92
1702,64.4,2.7,17.2,27.9,20.1,2.36
1703,35.4,28.3,35.1,0.43,0,0
1704,65.5,4.5,22.5,33,10,0.5
1705,36.2,2.34,3.87,20.7,11.7,3.31
1706,60,0,0,50,10,0
1707,31,1.55,3.49,14.4,13.6,4.34
1708,68.6,0,12.9,15.7,41.4,4.29
1709,62.1,2.39,16.9,23.3,22.2,1.34
1710,82.5,2.92,20.4,36.3,26.3,3.75
1711,58.9,3.93,19.4,24.3,15.8,2.4
1712,57.2,2.17,17.2,28.3,12.2,1.09
1713,42.4,1.47,3.14,18.8,21.4,5
1714,80,0,40,30,10,0
1715,45.3,2.02,7.53,17.3,20.9,1.8
1716,55.9,1.59,10.6,27.6,18.3,1.9
1717,33.3,2.78,8.33,18.9,6.11,0
1718,66.7,6.67,13.3,33.3,20,0
1719,60.9,2.39,14.8,38,8.91,0.43
1720,55,5,10,25,20,0
1721,50.6,6.88,28.8,16.3,5.63,1.25
1722,39.9,1.35,2.97,18,19.1,4.41
1723,32.1,1.38,3.45,14.5,14.5,2.07
1724,27,0.1,2,11.3,14.2,4.76
1725,36.3,2.28,4.39,16.8,15.8,5.79
1726,53.5,0.99,6.14,23.1,24.9,3.22
1727,68.2,0,9.09,24.5,34.5,4.55
1728,33.5,1.41,2.95,15.3,15.6,4.74
1729,61.6,2.19,12.8,33.9,15.4,0.58
1730,85,5,18.3,33.3,33.3,0
1731,50.5,2.09,9.61,32,9.3,1.47
1732,1,0,0,1,0,0
1733,43.1,0.63,10,15.6,18.1,5
1734,65.9,3.84,19.6,32.9,14.3,2.05
1735,10,0,10,0,0,0
1736,40.8,33.1,40.1,0.84,0,0
1737,55.2,1,5.56,19.9,29.8,6.89
1738,60,4.76,26.2,33.3,0.95,0.48
1739,42.3,2.38,9.56,23,10.6,2.44
1740,67.2,0.41,5.04,32.4,30.6,2.03
1741,60.8,2.02,19.2,25.5,16.8,0.24
1742,60,0,10,20,30,0
1743,51.3,0.47,2.5,20.2,28.9,6.09
1744,57.9,6.97,27.5,28.2,2.89,0.26
1745,37,2.55,4.78,18.6,14,3.53
1746,41.1,0.97,4.68,14,23.2,5.32
1747,47.4,4.76,20.5,20,7.14,0.24
1748,47.4,1.29,7.29,24.1,16.8,2.06
1749,55,0.79,5.89,26.4,23.6,6.16
1750,34.6,30.3,34.4,0.2,0,0
1751,45,0,1.25,22.5,22.5,5
1752,34.7,30.6,34.5,0.15,0,0
1753,48.3,0.42,5,22.5,22.1,2.92
1754,56.2,3.99,19.5,24.7,12.4,0.81
1755,72.5,1.45,15,28.2,30.3,2.91
1756,68.1,8.25,36.8,29.6,2.12,0.63
1757,40,0,6,14,20,0
1758,38.8,1.76,6.47,11.5,21.2,3.24
1759,65.6,4.05,28.4,35.5,2.15,0.58
1760,75,5.89,24.6,38,12.7,1.43
1761,62.2,2.2,20.2,29,13.9,0.73
1762,31.9,0.63,5.63,10.6,15.6,3.75
1763,37,6.51,21.1,14.6,1.27,0.63
1764,53.4,0.57,6.29,19.7,29.4,5.43
1765,76.1,2.1,15.5,25.6,35.4,1.26
1766,42,37.5,42,0,0,0
1767,58.5,2.59,12.2,38.9,7.78,0.74
1768,52.7,5.91,25.9,26.4,1.36,0
1769,62.8,3.06,15.6,25.6,22.2,1.94
1770,69.6,4.7,23.1,41.5,6,0.4
1771,77.2,1.31,9.18,47.7,20.8,3.44
1772,29.2,1.29,2.9,15.8,10.8,3.06
1773,67.1,0,7.14,10,51.4,11.4
1774,34.6,1.54,2.31,16.9,16.2,5.38
1775,32.3,27.5,32.2,0.09,0,0
1776,48.2,0.3,5.82,13.9,29.4,5.52
1777,51.9,7.5,23.8,22.5,6.25,0.63
1778,44,36.3,43.3,0.67,0.17,0.17
1779,47.1,1.36,6.78,25.6,15.3,2.54
1780,73.7,6,26.3,37.2,10.9,0.67
1781,86.8,0.18,7.05,46,35,4.28
1782,25.6,0,1.88,8.13,16.9,6.25
1783,43.3,0,6.67,15.6,22.2,4.44
1784,45,12.2,32.2,10.6,2.22,1.67
1785,25,3.75,3.75,10,11.3,2.5
1786,32.8,2,3.13,16.8,13.1,3.83
1787,58.5,4.75,24.6,32.3,1.78,0.59
1788,62.5,9.26,34.3,26.7,1.77,1.08
1789,46.5,2.56,13.3,26.5,6.98,0.7
1790,32.9,1.29,3.96,14.2,14.9,3.86
1791,23.6,1.82,2.73,9.09,11.8,4.55
1792,62.8,3.17,15,31.8,16.3,2.17
1793,58.4,7.18,30.6,25.4,2.87,0.48
1794,60,0,0,30,30,0
1795,64.3,3.65,21.9,26.6,16.1,1.19
1796,20,0,0,5,15,5
1797,36,1.03,2.87,13.7,19.9,7.01
1798,41.6,0.77,3.38,18.2,20.5,5.28
1799,31.7,0.43,1.72,13.1,17.1,3.66
1800,30,0,10,0,20,0
1801,34.8,0.48,4.84,15.2,15.3,3.06
1802,43.6,0.89,4.67,20.6,18.6,1.78
1803,67.5,0.5,10.5,29,29,5.5
1804,100,0,5,45,50,25
1805,73.1,1.54,10.8,36.9,26.2,4.62
1806,32.1,26.6,31.9,0.22,0,0
1807,49.7,2.31,11.3,22.9,16.3,2.18
1808,33,0.64,2.36,9.27,21.7,9.18
1809,66.1,7.63,32.8,31.6,2.11,0.58
1810,43,8.6,27.2,15.1,0.93,0.47
1811,50.2,9.07,31.1,18.3,0.93,0.93
1812,1,0,0,0,1,0
1813,57,8.33,30,26.2,1.39,0.65
1814,31,25,31,0,0,0
1815,32.8,1.41,2.6,12.3,18.2,4.75
1816,54.2,4.49,17.8,28.5,8.5,2.15
1817,45.7,2.92,11.1,24.8,10.9,0.46
1818,48.1,3.23,13.1,30.3,4.84,0.32
1819,30,27.3,29.8,0.17,0,0
1820,39.4,0.85,7.2,15.3,18.4,1.53
1821,53.9,0.32,3.55,22.3,29,5.48
1822,40.5,34.3,40.3,0.17,0,0
1823,38.9,0.51,5.1,16.7,18.5,2.96
1824,31.4,7.27,23.2,8.18,0,0
1825,40,6.42,23.4,14.9,1.7,0.75
1826,60.5,5.33,29.4,28.7,2.57,0.48
1827,31.6,0.94,2.38,12.3,17.3,3.56
1828,54.7,5.96,32.1,20,3.19,0.85
1829,87.1,1.43,18.6,58.6,11.4,1.43
1830,60.1,3.3,16.2,23.9,20.2,0.62
1831,55,0,0,30,25,10
1832,28.8,0.77,6.92,16.9,5,0
1833,62.4,0.78,8.17,26.1,29.1,2.75
1834,49.8,2.9,14.5,20.7,14.7,1.37
1835,52.3,2.34,17.3,20.5,15,0.78
1836,92.2,3.05,22.2,45.6,25.3,1.69
1837,57.1,0.36,5.3,25.4,27.1,4.34
1838,46.2,38.8,45.4,0.77,0,0
1839,95.3,6.32,44.2,52.6,0.53,0.53
1840,34.6,28.1,34.5,0.15,0,0
1841,54,37.3,53.5,0.5,0,0
1842,30.4,0.44,1.91,14.6,14.1,3.09
1843,50.4,2.36,11.6,29.8,9.94,1.82
1844,42,36.1,41.2,0.77,0,0
1845,59.8,2.75,11.5,38,10.8,1.25
1846,36.3,0.21,1.09,14.7,21.1,5.8
1847,55,0,15,20,20,0
1848,34.6,0.77,1.54,13.1,20,7.69
1849,38.4,2.45,12,16.5,10,2.65
1850,26.4,0,0.53,8.81,17.5,5.96
1851,87.9,10.8,44.7,40.9,2.84,1.74
1852,47.2,6.52,26.6,18,2.65,1.61
1853,31.4,1.75,3.33,12.5,16.2,3.81
1854,45,0.28,4.81,19.5,20.7,2.69
1855,40,0,20,0,20,0
1856,51.2,1.25,8.52,19.9,23,4.3
1857,2,0,1,1,0,0
1858,40.7,2.07,10,14.5,16.7,2.93
1859,26.2,1.03,1.47,8.27,17,7.76
1860,48.3,3.25,13.8,24,11.5,1.75
1861,66.8,3.99,23.4,29.9,14.2,0.95
1862,39.7,3.79,8.97,14.8,16.9,4.83
1863,41.8,2.15,8.43,14.5,19.7,4.88
1864,63.7,2.29,12.6,30.3,22.3,3.14
1865,66,0,6,50,10,2
1866,115,0,7.5,70,42.5,2.5
1867,63,0.56,8.48,36.6,19.2,3.36
1868,95,0,20,60,25,5
1869,62.1,0.69,4.48,24.1,35.1,2.87
1870,62.1,3.45,17.7,25.4,20.1,0.6
1871,67,10,47,19,2,0
1872,41.4,0.86,4.86,19.1,18.3,4.29
1873,46.3,2.11,7.89,15.3,23.7,6.32
1874,67.6,2.29,16.2,45,6.56,0.38
1875,73.5,6.14,32.3,38.2,3.16,1.4
1876,4,0,0,0,4,0
1877,20,0,0,20,10,0
1878,34,30,34,0,0,0
1879,72.5,8.53,33.1,38.5,1.07,0.13
1880,36.1,0.45,2.95,15.5,18.2,5.91
1881,60,0,0,60,0,0
1882,75.7,3.23,19.5,44.7,12.4,0.75
1883,47.4,3.72,19.5,23.1,5.5,0.39
1884,100,10,20,50,30,10
1885,56,1.02,6.05,22.3,28.3,1.8
1886,48.5,2.44,11.4,30.2,7.42,1.24
1887,59.7,7.3,28.8,30.7,1.12,0.46
1888,73.1,1.54,6.92,24.6,41.5,11.5
1889,51,10.8,31.3,18.8,1.24,0.43
1890,56.4,2.95,13.6,25.6,18,2.62
1891,45,2,13,16.5,15.5,3.5
1892,61.1,3.33,13.3,34.4,13.3,0
1893,210,0,80,120,10,10
1894,60.6,2.33,11.8,33.3,16.3,2.33
1895,81.1,2.78,12.2,51.1,18.3,4.44
1896,46.3,3.75,20.6,23.1,3.13,2.5
1897,40.6,0.61,6.67,16.4,18.2,1.82
1898,73.6,2.76,19.1,41.4,13.3,0.69
1899,125,3.33,16.7,95,13.3,0
1900,77.1,3.03,15.1,44,18.7,0.26
1901,64.2,5.05,23.4,27.1,15.1,0.69
1902,60,0,10,20,30,0
1903,37.5,10,22.5,15,0,0
1904,82.3,2.75,15.6,51.2,16.1,0.82
1905,90,0,20,30,50,0
1906,43.3,0.88,7.02,24.2,12.4,2.54
1907,60,0,12,34,16,2
1908,100,0,0,30,70,20
1909,71.9,14.9,45.1,26.7,0.56,0
1910,26.9,24.6,26.8,0.09,0,0
1911,60.1,4.45,21.2,21.8,17.7,1.45
1912,42.2,2.22,4.44,20,18.9,3.33
1913,69.8,12.7,36.1,30.9,3.17,1.83
1914,97.3,5.1,36.1,45.7,15.8,1.44
1915,40.4,36,40.2,0.16,0,0
1916,58.8,0.51,5.64,24.2,29.7,3.85
1917,50.6,2.5,17.5,28.1,5.31,0
1918,67,7.33,30.3,27.3,9.67,0.67
1919,46.7,3.65,15.9,17.9,13.6,0.78
1920,53,2.15,14.1,17.4,22.4,2.69
1921,75.4,0.64,7.43,43.3,25.5,2.46
1922,55.5,0.4,7.34,28.2,20.3,3.87
1923,30.4,1.47,3.49,12.2,14.9,4.22
1924,40.5,35.5,40.5,0,0,0
1925,51,4,24,20,7,0
1926,27.1,0.24,1.46,10.5,15.1,2.93
1927,53.4,0.84,6.93,28.7,18.3,1.96
1928,82.9,1.77,20.5,36.1,27.4,1.61
1929,22.5,0,2.5,7.5,12.5,0
1930,61.4,2.86,12.9,24.3,24.3,5.71
1931,53.4,1.78,12.7,24.2,17,1.92
1932,31.6,27.3,31.6,0,0,0
1933,51.7,0.15,5.15,23.2,24.6,4.78
1934,36.4,0.91,5.45,19.1,12.7,1.82
1935,64.3,1.43,11.1,36.5,17.1,1.11
1936,40,0,14,12,14,0
1937,36.1,1.07,4.64,16.1,15.4,1.79
1938,43.5,0.57,3.4,20.1,20.4,1.98
1939,56,5,20,19.5,17,0.5
1940,81.4,7.27,23.9,53,5.23,1.14
1941,38.6,1.17,6,19.7,13.6,2.92
1942,3,0,0,2,2,0
1943,54.7,1.69,10.9,22.2,22.7,4.36
1944,58.1,0.71,9.05,24.8,25.7,4.05
1945,38,0,4,8,26,4
1946,40.3,0.63,3.68,15.1,22,3.26
1947,66,2,12,30,26,0
1948,62.1,2.15,13.8,33.2,16.6,2.01
1949,40.9,0.43,3.57,17.3,20,2.29
1950,53.5,2.5,16.6,24.6,12.9,0.15
1951,71.2,7.03,31.8,32.5,7.14,0.97
1952,37.8,34.5,37.4,0.46,0,0
1953,58,2.34,13.9,20.1,24.4,3.73
1954,55.3,1.91,15.3,19.4,21.1,2.37
1955,40.1,1.4,7.21,18.6,15.2,1.98
1956,53.3,5.45,24.5,23.7,5.25,0.69
1957,69.6,2.06,13.9,38.2,18.4,2
1958,37,1.25,3.02,18.1,16,5.73
1959,40.5,3.81,5.71,13.8,21,4.76
1960,38.8,1.88,10,17.5,11.3,4.38
1961,59.8,6.86,33.3,25.3,1.7,0.88
1962,64.4,3.75,22.9,24.4,17.5,0.69
1963,32.8,0.56,1.94,20.1,11,3.75
1964,39.2,0,2.31,14.6,22.3,3.08
1965,25,0,0,15,10,0
1966,140,15,35,90,20,0
1967,127.1,4.29,37.1,90,2.86,1.43
1968,35.3,1.56,3.75,17.4,14.5,3.28
1969,26.2,1.43,3.81,7.62,14.8,5.24
1970,21.4,0,0,2.86,18.6,7.14
1971,47.7,1.68,9.94,26.6,11.4,2.06
1972,40,29.9,39,1.05,0,0
1973,64.7,5.83,29.9,32.1,2.88,0.86
1974,68,6,32,18,18,2
1975,63.6,4.66,18.1,30.1,15.6,1.23
1976,30.4,0.34,0.83,14.5,15.4,5.03
1977,50,12.1,30.4,16,3.79,1.79
1978,42.3,1.13,7.1,16.3,19.3,4.92
1979,98.6,8.84,29.3,67.4,2.09,1.16
1980,52.4,7.27,30.3,19.7,2.42,0.3
1981,52.9,0.22,4.89,26,22,2.89
1982,40.1,1.55,7.11,19.2,14.3,1.62
1983,47.9,0.49,7.94,17.9,22.7,4.51
1984,61.1,2.87,17,29.6,15.1,0.44
1985,49.6,0.95,4.74,24.2,21,2.59
1986,44.1,1.41,9.22,23.9,10.9,1.72
1987,46.3,0.62,6.44,16.7,23.8,3.9
1988,1,0,0,1,0,0
1989,61,0.76,8.59,19.9,33.2,5
1990,32.5,1.54,4.04,15,14,5.96
1991,34.1,1.97,4.08,18.2,12.4,3.68
1992,51.3,1.27,7.54,26,18.7,2.46
1993,49.4,5.45,26.4,22.8,1.25,0.45
1994,27.9,23.3,27.7,0.23,0,0
1995,57.8,1.11,6.3,30.7,20.7,0.37
1996,46.4,6.57,25.7,18.3,2.85,1.31
1997,50,0,23.8,18.8,7.5,0
1998,69.5,1,12.3,35.5,21.8,1.75
1999,48.8,0.9,9.74,21.9,17.4,1.92
2000,71,4.63,28.2,31.6,12.1,1.25
2001,60,10,35,25,0,0
2002,40.5,1.5,2.5,22,16.5,6
2003,72.5,1.25,6.25,30,38.8,3.75
2004,68.4,2.98,22.5,29.6,16.8,1.67
2005,42.4,1.67,8.1,19.5,15.2,0.95
2006,34,1,2,19,13,4.5
2007,65.4,2.7,16.4,38,11.8,0.39
2008,42.5,2.5,12.5,25,5,0
2009,40.8,1.93,9.75,20.3,11,2.69
2010,39.4,33.7,39.3,0.23,0,0
2011,30.4,0.63,4.61,11.6,15,3.75
2012,90,0,0,30,60,10
2013,73.3,1.67,8.33,31.7,33.3,0
2014,52.6,0.32,10.6,22.9,19.7,3.23
2015,48.2,0.44,6.32,19.4,23.7,4.71
2016,47.6,1.18,6.47,13.5,27.6,2.94
2017,60,0,17.5,27.5,15,5
2018,40,0.75,2.25,14.3,23.8,7
2019,56.9,1.64,15.1,18.9,24.5,1.45
2020,3,0,0,0,3,1
2021,41.1,34.4,41.1,0,0,0
2022,61.9,1.94,12.9,33.5,17.1,1.29
2023,50.3,1.74,10.5,25.7,14.9,2.32
2024,44.5,0.2,2.06,14.2,29.1,5.69
2025,43.1,4,17.3,24.3,1.87,0.27
2026,40.7,33.9,40.7,0,0,0
2027,36,29.7,35.3,0.67,0,0
2028,47,8.1,26.5,19.8,1.3,0.7
2029,36.1,29.4,35.8,0.38,0,0
2030,76.6,1.24,12,40.3,24.8,2.19
2031,28,27,28,0,0,0
2032,31.4,0.43,4.78,11.9,15.7,3.22
2033,45.7,8,26.7,16.7,2.67,0.5
2034,30,0,0,15,15,10
2035,94.6,9.41,34.9,53,7.12,0.94
2036,31,22.4,30.4,0.57,0,0
2037,67.8,2.65,13,38.1,17.5,2.57
2038,49.6,1.9,8.69,26.4,15.2,2.26
2039,61.6,6.32,31.6,28.9,1.05,0.53
2040,70,26,56,14,0,0
2041,51.3,2.26,11.9,26.4,14,0.38
2042,86,2,14,38,34,0
2043,74.2,0.84,3.64,23.5,47.7,7.48
2044,85,2.5,30,45,10,3.75
2045,42.5,1.33,8.46,18.3,16.6,3.85
2046,38.2,0.5,3.32,14.7,21,5.48
2047,58.9,0.31,5,26.3,27.8,5.63
2048,30,0,0,14,16,4
2049,53.3,0.55,6.93,24.4,23,3.15
2050,68.8,2.29,18.1,27.9,23.4,1.53
2051,50,3.48,13.4,25.2,11.7,1.88
2052,45,32.6,42.3,2.82,0,0
2053,65.7,9.13,34.3,29.7,2.13,0.52
2054,40.7,0.53,1.93,15.3,24.2,4.74
2055,55.4,4.36,17.8,24.7,13.6,1.21
2056,1,0,0,0,1,0
2057,48,1.83,8.37,26.5,13.5,1.29
2058,72,4,14,32,27,3
2059,46.5,2.38,9.5,19,18.7,2.72
2060,40,30.4,39.2,0.8,0,0
2061,116.7,0,13.3,83.3,23.3,0
2062,101.9,0.54,8.38,56.8,38.9,2.97
2063,45.1,0.86,6,21.4,18.3,2.86
2064,2,0,0,2,0,0
2065,70,4.86,27.7,37.3,5.27,1.08
2066,37.9,33.1,37.8,0.1,0,0
2067,54.3,5.71,22.1,27.1,5,0.71
2068,41.6,0.92,6.09,19,17.1,3.56
2069,1,0,1,0,0,0
2070,42.5,2.42,12.7,23,7.36,0.28
2071,54.1,0.89,5.71,22.3,26.6,5.36
2072,1,0,1,0,0,0
2073,41,0.48,4.52,20.7,16.9,1.43
2074,73.6,10.4,41.8,31.2,1.2,0.4
2075,70,0,7.5,40,25,0
2076,60.8,2.41,10.9,39.3,11.1,0.38
2077,69.2,3.09,17.8,41,11.7,0.64
2078,50.3,10,26.2,19.5,4.62,1.28
2079,43.9,1.25,8.75,16.4,19.3,5.18
2080,47.9,1.67,8.13,20.7,20.1,2.19
2081,66.2,3.79,21.2,28.9,16.8,0.52
2082,84,12,32,32,20,0
2083,56.1,35.8,51.7,4.6,0,0
2084,52.1,0.82,8.03,32.7,12.1,0.88
2085,35.9,29.2,35.7,0.27,0,0
2086,46.8,0.8,5.89,22.8,18.9,4.11
2087,40.1,0.43,5.39,14.8,20.7,3.19
2088,3,0,0,3,0,0
2089,79.2,2.5,14.3,42,23.2,2.5
2090,53.6,1.27,9.82,29.5,15,1.33
2091,83.1,2.86,24.5,32.9,26.1,2.65
2092,64.2,3.68,21.6,27.3,16.4,0.93
2093,78.6,2.86,12.9,32.9,32.9,4.29
2094,64,1.91,13.8,37.7,12.9,1.11
2095,48.4,5.47,26.1,21.1,1.64,0.55
2096,32.5,29,32.5,0,0,0
2097,62.9,2.25,12.1,40.6,10.6,1.25
2098,74.2,6.54,31.9,40.7,1.85,0.92
2099,106.4,3.63,22.6,64.1,20.3,1.81
2100,38.1,1.04,3.4,18.1,16.8,5.42
2101,53.6,0.3,5.3,25.1,23.4,2.7
2102,29.1,1.74,3.04,14.8,11.3,5.22
2103,65.3,0.98,9.1,35.6,21.2,1.58
2104,41.8,1.08,8.77,21.2,12.7,1.15
2105,63.2,3.35,17.9,38.8,7.13,0.55
2106,53.3,0,6.67,30,18.3,0
2107,67.8,4.58,26.3,32.9,9.02,0.39
2108,49.5,0.15,1.82,19.2,28.9,7.42
2109,33.7,3.85,13.7,11.3,8.75,1.06
2110,47.9,5.89,28.4,18.8,1,0.67
2111,71.1,2.79,25.5,32.2,14.2,0.49
2112,61.3,10,33.1,27.5,0.86,0.51
2113,70.2,10.9,34.5,31.7,4.21,0.6
2114,50,0,0,30,20,0
2115,68,0.67,8.67,30.7,28.7,3.33
2116,46.3,2.5,6.25,23.8,17.5,1.25
2117,60.1,2.24,16.5,34.8,9,1.29
2118,37.9,1.38,4.31,15.7,18.3,5.52
2119,4,0,0,3,1,0
2120,30,0.83,1.67,12.5,15.8,3.33
2121,75.3,2.08,14.9,46,15,1.12
2122,61.2,4.25,19.4,33.7,8.21,0.39
2123,56.5,3.67,17.3,30.5,8.99,0.55
2124,55,0,5,25,25,0
2125,50.6,2.94,12.4,26.5,12.4,0.59
2126,65.5,10.1,34.7,29.1,1.92,0.91
2127,55,0,0,20,35,0
2128,65,1.67,13.3,25.6,26.7,0.56
2129,86.4,2.04,18.5,53.2,15.8,0.41
2130,96.7,0,13.3,56.7,30,0
2131,85.7,9.85,36.7,47.1,2.24,0.97
2132,57.3,9.11,36.1,21.1,0.54,0.36
2133,48.2,1.79,13.8,20.8,15.4,2.82
2134,66.8,7.43,32.1,32.5,2.57,1.18
2135,61.3,2.77,16,33.4,12.3,0.85
2136,64.1,7.24,36.2,25.9,2.07,0.69
2137,73.3,3.14,23.3,30,20.2,1.18
2138,95.7,2.19,19.8,48.7,27.8,0.46
2139,62,2.61,20.3,26.7,16,1.41
2140,58.6,0,27.1,27.1,5.71,1.43
2141,89.6,1.71,20.6,54.7,14.8,1.71
2142,55.3,8.5,31.5,22.5,1.25,1
2143,41.4,34,41.2,0.21,0,0
2144,48.8,7.5,29.4,17.5,1.88,0
2145,36.7,3.33,6.67,11.7,18.3,3.33
2146,30.3,0.8,2.41,8.75,19.6,5.98
2147,54.6,2.52,15.3,21.4,18.8,1.13
2148,77.5,3,22.8,32.3,23.8,0.75
2149,43.1,29.8,42.6,0.56,0,0
2150,36,32.5,35.9,0.09,0,0
2151,66.6,4.59,21,31.4,15,0.54
2152,57,2.33,13.3,31,13,0.67
2153,52.7,1.18,5.2,26.1,22.1,2.55
2154,65,5,16,23,26,2
2155,78.3,1.43,12.6,46.1,20.1,1.29
2156,53.7,5.36,19.4,23.8,11.4,1.07
2157,27.4,1.11,2.22,11.5,14.4,6.67
2158,28.9,1.11,2.22,10,16.7,2.22
2159,50.1,1.32,8.03,20.7,22,2.89
2160,36.4,0.15,1.52,20,15.8,5.15
2161,48,0.7,5.35,16.9,27,5.07
2162,57.9,3.08,12.3,31.8,14.4,1.54
2163,71.1,0,7.78,36.3,27.8,2.59
2164,51.7,0.45,4.35,13.4,34.5,5.95
2165,59.9,1.03,8.91,33.3,18.4,1.55
2166,67.5,8.25,29.8,36.7,1.05,0.7
2167,47.5,1.67,11.7,23.3,13.3,1.67
2168,20,0,0,10,10,0
2169,39.5,0.15,2.34,11.6,25.9,7.51
2170,35.2,0.36,3.06,16.2,16.6,3.33
2171,72.5,7.02,32.7,38.2,1.73,0.48
2172,0,0,0,0,0,0
2173,68.9,9.81,34.4,29.1,5.76,1.05
2174,38.3,0.94,4.34,16.6,17.5,3.58
2175,57.4,8.78,29.9,25.2,2.65,0.58
2176,41,0.65,5.16,13.5,22.3,2.26
2177,58.3,0.86,7.74,27.7,23.8,2.9
2178,57.5,2.5,12.5,37.5,7.5,0
2179,31,0.46,2.8,15.5,13.7,4.69
2180,34.9,24.8,34.3,0.68,0,0
2181,70,2.73,14.5,43.2,13.2,0
2182,86.7,6.67,31.7,50,6.67,0
2183,65.4,4,14.6,29.4,21.4,1.43
2184,49.3,0.35,4.65,18.2,27.5,4.9
2185,41.5,3.24,13.2,25.2,3.43,0.37
2186,36.4,0.58,2.4,17.6,17,3.72
2187,42.5,0,2.5,15,27.5,0
2188,45.2,0.64,4.08,23.1,18.9,2.8
2189,96.2,1.28,13.8,63.8,20,2.55
2190,45.1,0.31,2.64,19,23.9,5.28
2191,50.7,0.56,8.59,25.5,17.6,1.97
2192,76.6,9.84,40,31.7,5,1.25
2193,51.3,0.51,8.61,23.8,20,2.28
2194,55.3,8.68,33.3,20.6,1.82,0.75
2195,57.5,2.8,12.9,25.4,20,2.26
2196,36.4,30.5,36.2,0.19,0,0
2197,47.3,0.24,5.3,16.6,26.1,5.3
2198,73.3,5.28,25,39.1,9.84,0.63
2199,63.3,0.29,4.63,28.1,31.6,5.07
2200,33.3,3.33,3.33,13.3,16.7,0
2201,90,10,10,40,40,0
2202,43.3,1.43,9.05,25.7,9.05,0.95
2203,36.8,0.64,3.4,15.7,18.7,3.62
2204,80.9,1.28,12.1,56.9,12.6,1.28
2205,48.9,1.11,5.68,19,24.7,4.81
2206,42.3,0,8.18,17.3,18.2,2.27
2207,54.9,0.24,9.76,22.2,22.9,3.66
2208,57.1,0.74,6.99,27.6,23.3,2.65
2209,47.8,0,6.67,19.4,21.7,5.56
2210,26.7,0,1.67,10,15,6.67
2211,71.3,7.75,27,42.8,1.75,0
2212,32,0.8,3.33,14.3,15,3.84
2213,73,1.97,11.7,41.3,21.4,1.04
2214,0,0,0,0,0,0
2215,66.2,7.34,29.1,35,2.11,0.23
2216,54.5,3.04,17.9,24.8,11.8,0.89
2217,67,4.67,24.7,33.4,9.64,0.95
2218,26.5,0.49,1.26,13.1,12.4,3.69
2219,49.4,1.11,10.6,26.1,13.3,0.56
2220,60,0,6.67,26.7,26.7,6.67
2221,50,1.5,6,18.5,26,6.5
2222,40,1.43,9.52,18.9,12.9,1.55
2223,64.7,7.45,31.7,27.7,5.96,2.07
2224,30.6,0.63,5.63,12.5,14.4,3.13
2225,33.4,0.74,2.11,15.7,16,4.32
2226,55.1,3.02,14.3,24.8,16.5,1.11
2227,64.1,2.36,16.8,40.2,8.21,0.14
2228,55,10,40,15,0,0
2229,50.9,9.38,24.1,23.4,3.44,1.88
2230,86.2,8.45,38.5,44.1,4.35,0.98
2231,45.9,2.65,11.6,25.4,9.83,1.38
2232,36.2,32,36,0.14,0,0
2233,57.1,1.24,8.67,29.6,19.6,1.43
2234,59.3,1.43,9.82,36.8,13.8,1.43
2235,61.9,3.29,17,25.5,19.7,0.97
2236,57.2,3.64,16.4,35.5,6.05,0.39
2237,53.8,5.34,27.2,25,2.48,0.53
2238,43.3,30.8,42.7,0.68,0,0
2239,40.4,33.5,40.2,0.18,0.06,0.06
2240,41,0.25,3.5,18.8,19.8,4.75
2241,50,0,0,23.3,26.7,6.67
2242,60,0,20,40,0,0
2243,54.7,0.61,9.39,24.7,20.8,1.02
2244,58.8,4.41,24.7,28.8,6.46,0.15
2245,34.8,2.26,4.52,15.8,15.2,3.87
2246,26.4,2.14,4.29,15.7,6.43,2.14
2247,30,25.9,29.8,0.32,0,0
2248,60.9,4.68,19.8,26.2,15.7,0.85
2249,0,0,0,0,0,0
2250,30.9,0.91,4.55,17.3,10.9,1.82
2251,70,20,40,10,20,0
2252,57.5,11.6,37.8,18.6,1.76,0.5
2253,85.1,1.5,17.3,51.5,17,0.37
2254,38.4,1.25,6.25,22.5,9.69,0.31
2255,39.4,34.8,39.4,0,0,0
2256,45,1.64,8.86,26.6,10.4,1.64
2257,47.7,1.66,12.4,18.6,17.5,1.26
2258,54.9,3.22,17.4,19,18.7,3
2259,69.1,1.39,15.3,29.6,25.3,4.05
2260,84.4,5.03,26.2,40.4,18.4,0.9
2261,70,0,20,45,5,0
2262,62.5,0,17.5,37.5,7.5,0
2263,27.8,0.56,3.33,15,10,1.67
2264,40.8,0.77,3.08,12.3,26.2,8.46
2265,30,0,10,10,10,0
2266,70,2,12,48,10,0
2267,57.6,2.36,13.8,31.6,12.5,0.93
2268,37.8,0.45,2.11,15.8,20.6,6.47
2269,71.7,1.15,9.94,31.8,30.5,4.2
2270,69.2,3.16,18.5,33.1,18.3,1.16
2271,61.9,0.73,5.32,31.9,25.2,3.39
2272,36.8,30.7,36.6,0.22,0,0
2273,91.1,13.8,47.2,42.2,1.91,0.9
2274,31.6,27.9,31.6,0,0,0
2275,29,1.17,2.23,14,13.5,4.56
2276,85.2,6.63,30.8,44.2,10.9,1.09
2277,52,1,5.5,20,27,6
2278,25,0,0,20,10,0
2279,81,4,25,53,4,1
2280,37.1,0.06,3.51,12.4,22.1,4.43
2281,31.9,26,31.6,0.24,0,0
2282,46.4,1.59,7.5,19.1,21,4.17
2283,62.4,2.35,14,29.7,19.3,2.18
2284,49.5,0.33,4.33,23.7,22.2,3.17
2285,60.3,3.1,18.3,27.6,14.8,1.03
2286,47.7,39.7,47.7,0,0,0
2287,55,10,20,35,0,0
2288,54.4,3.7,11.9,29.8,13.3,2.22
2289,42.9,1.73,8.82,25.3,9.92,1.26
2290,83.3,1.67,6.67,25,51.7,8.33
2291,44.2,0.42,4.58,17.9,22.1,1.67
2292,62.8,3.45,18.2,35.9,9.44,1.58
2293,51.4,3.18,13.6,21.8,16.8,0.91
2294,91.3,5,38.8,47.9,4.58,0.42
2295,36.8,33,36.6,0.19,0,0
2296,61.4,2.05,13.4,25.6,23,2.99
2297,76.5,7.43,37.1,35.4,4.39,0.59
2298,46.7,3.33,6.67,23.3,16.7,10
2299,42.5,1.18,2.73,24.5,15.5,4.09
2300,50.6,7.93,30.8,18.6,1.57,0.92
2301,49.1,2.94,19.8,21.3,8.81,0.45
2302,48.3,1.67,13.3,11.7,23.3,1.67
2303,79.7,16.3,50.6,27.5,1.88,0.63
2304,90,6.67,26.7,30,33.3,0
2305,2,0,0,2,0,0
2306,62.4,3.81,22.2,32.7,8.33,0.16
2307,41.5,0.5,9,19.5,14,1.5
2308,32.2,1.6,7.25,13.8,11.7,2.9
2309,62.6,3.23,17.7,25.5,20.6,1.29
2310,29.7,1.51,5.22,12.7,12.6,3.96
2311,56.4,0.45,8.18,31.4,17.3,2.73
2312,80,10,10,40,30,0
2313,62.3,7.5,33.6,27.1,2.32,1.25
2314,53,0.74,4.81,23,25.2,1.48
2315,59.3,0.74,7.78,30,21.9,1.98
2316,21.3,16.7,21.3,0,0,0
2317,41.1,2.22,12.2,13.3,17.8,1.11
2318,43.8,33.2,42.8,1,0,0
2319,63.8,44.4,63.6,0.2,0,0
2320,48,2,8,19,21,3
2321,55.3,1.38,13.1,25.2,17.9,2.76
2322,31.3,26.7,31.1,0.2,0,0
2323,49.2,1.49,6.67,26.5,17,1.93
2324,71.5,2.18,17,28,27.4,1.27
2325,55.4,5.71,32.1,23.6,0,0
2326,56.6,1.21,5.23,27.9,23.9,4.77
2327,42.9,0,1.67,8.96,33.1,5.21
2328,46,3.75,15.1,22,8.91,2.45
2329,56.9,0.38,8.46,23.5,25.4,3.08
2330,17.5,0,0,5,12.5,2.5
2331,53.9,6.57,28.9,23.6,1.46,0.51
2332,64.1,2.58,20.2,40.4,4.3,0
2333,46.3,4.25,14.3,23.3,9.25,0.75
2334,43.3,2.31,5.9,18.5,19.5,6.15
2335,50,7.5,22.5,27.5,0.5,0.5
2336,46,2.94,12.6,27.3,6.29,0.41
2337,62.3,2.12,13.6,40.4,8.76,0.76
2338,63.3,12.2,41.1,22.2,0,0
2339,33.1,0.56,3.89,14.1,15.9,3.15
2340,120,0,30,10,80,20
2341,60,4.44,24.4,26.7,10,2.22
2342,70.6,2.59,17,45.3,9.18,0.68
2343,59.6,2.33,16.2,26.7,17.3,2.44
2344,36.4,32.5,35.7,0.72,0,0
2345,50.6,5.15,20,17,14.2,0.61
2346,52.5,1.57,8.58,28.6,16.3,2.76
2347,52,3.21,14.6,28.6,8.93,0.18
2348,41,1.7,9.89,21.8,9.57,1.81
2349,90.7,4.33,25.3,48.7,17.7,0.67
2350,48.6,0,4.29,21.4,22.9,4.29
2351,35,2,7,14,15,7
2352,69.6,7.54,35.1,33.1,1.86,0.51
2353,49.6,0,5.83,19.6,25.4,2.5
2354,70,4,25.4,31.7,13.4,0.57
2355,66,8,16,34,16,0
2356,37.7,7,26.3,11,0.67,0.33
2357,42,0.16,3.07,12.9,26.8,5.28
2358,62.6,1.09,13.5,35.7,13.7,0.87
2359,48.5,1.41,7.27,27.6,13.8,2.02
2360,66.9,0.87,9.01,39.1,19.2,1.34
2361,67.7,4.05,23.5,28.2,16.5,0.76
2362,86,4.35,26.4,49.9,10.1,1.15
2363,30,1.71,2.79,14.6,12.9,4.68
2364,48.7,0.5,5.72,21.2,23.1,2.2
2365,31.6,0,1.05,15.3,15.3,6.32
2366,69.9,3.28,20.5,31.1,18.5,1.34
2367,21.1,0.56,2.08,9.58,9.44,4.44
2368,62.5,2.2,16,30.8,16.5,0.5
2369,70,0,20,40,13.3,0
2370,40,0,10,30,0,0
2371,82.5,2.5,19.2,51.7,13.3,0
2372,42.9,1.13,2.61,17.8,22.6,5.14
2373,86.3,6.48,33.7,42.3,10.6,1.41
2374,41.5,3.25,12.5,22.8,7.75,1.5
2375,48.7,0,6,16,28.7,6
2376,63.9,0.56,5.28,22.8,36.9,6.94
2377,43.9,0.53,6.67,16.9,21.2,3.33
2378,43,2.83,11.4,27.5,4.62,0.66
2379,39.3,2.76,8.28,14.1,18.3,4.83
2380,68.9,0.29,5.43,17.1,46.6,2.86
2381,36.9,1.7,7.14,16.6,13.8,2.59
2382,37.5,0,0,25,12.5,0
2383,98,1,17,49,33,0
2384,67.6,3.68,17.2,29.5,21.8,1.12
2385,29.9,26.3,29.8,0.14,0,0
2386,67,1.2,10,33.3,24.7,1.53
2387,31.8,1.13,2.82,13.7,16,3.45
2388,30,0,0,0,30,30
2389,70.2,2.49,15.6,35.8,19.3,1.57
2390,67.2,8.31,34.5,31.3,1.75,0.78
2391,53.3,2,12.7,32,9.33,0.67
2392,80,2.11,17.9,47.4,15.3,1.05
2393,66.6,1.66,7.75,43.1,16.7,2.05
2394,56.5,10.9,34.4,21.8,0.59,0.27
2395,41.7,3.22,11.1,22.9,8.28,0.92
2396,63.8,2.5,26.9,35,1.88,0
2397,63.2,2.86,17.4,38.7,8.05,0.52
2398,78.5,7.6,35.9,39.9,2.86,0.56
2399,77.7,3.21,19.5,44.9,14.1,0.98
2400,67,2.55,17,28.1,22.3,0
2401,63.5,10.8,33.1,28.7,2,1.57
2402,36.5,31.6,36.5,0,0,0
2403,70,5,23,38,10,1
2404,67.9,1.45,14.5,26.1,28.6,3.7
2405,49.3,1.64,10.1,19.5,21.5,3.01
2406,55,3.85,14.9,23.6,17.1,0.77
2407,82.9,3.98,20.8,51.3,11.1,1.27
2408,63.2,1.07,3.21,28.6,31.8,7.14
2409,10,0,0,10,0,0
2410,57.4,2.14,17.6,21.5,18.7,0.71
2411,39.1,29.1,38.6,0.45,0,0
2412,27.2,0.49,2.46,13.1,11.7,4.58
2413,46.2,2.24,10.7,22.4,13.4,1.21
2414,38.4,29.7,37.9,0.5,0,0
2415,53.8,3.33,15.8,29.2,9.58,0.83
2416,53.2,0.82,4.42,24.6,24.6,5.78
2417,94.9,2.7,23.5,41.1,30.8,0.81
2418,40,0,6.11,24.4,11.7,3.33
2419,52.8,0.24,4.72,20.5,28.5,4.88
2420,67.2,3.82,18.5,33.4,16.1,0.89
2421,65,5,5,20,45,10
2422,81.1,5.94,30.9,46.8,3.79,0.91
2423,72.7,8.08,40,31.5,1.15,0.38
2424,57,12,35,20.7,1.33,1
2425,36.9,1.03,5.17,13.6,18.6,2.41
2426,57.4,1.48,8.36,30.2,19.7,2.13
2427,70.4,3.12,28.1,33.8,9.09,0.39
2428,61.6,0.87,8.56,29.3,23.9,4.81
2429,65.7,1.43,5,30,30.7,4.29
2430,33.2,3,9.4,14.2,9.6,2.6
2431,45.6,1.63,6.84,26.5,13,2.45
2432,30.6,1.23,2.57,13.4,15.1,5.92
2433,59.8,2.22,14.2,35.1,11.4,1.59
2434,27.1,0,1.43,15.7,11.4,0
2435,75.7,1.97,17.2,43.4,15.9,0.55
2436,68.8,2.69,15.2,31.3,22.5,1.15
2437,29.9,1.32,2.74,13.8,13.5,5.19
2438,76.8,10.1,40.5,35.7,1.59,0.31
2439,50,4.56,15.9,17.2,17.6,1.18
2440,57.5,0,3.75,43.8,10,0
2441,26.3,0,3.13,13.1,11.3,1.88
2442,51.9,0.73,4.6,20.5,27.4,5.67
2443,94.4,1.75,14.8,59.8,20.4,0.78
2444,60.4,2.25,21.5,28.9,10.4,0.86
2445,61.7,5.4,26.8,27.1,8.32,1.3
2446,30,0,0,5,25,2.5
2447,34.2,0.54,3.8,14.6,16.1,3.48
2448,72.3,4.04,17.9,40,15.1,1.23
2449,59.3,8.15,41.1,16.7,1.48,0.37
2450,68.7,8.29,34.3,32.7,2.11,0.46
2451,51,1.38,10.9,26.6,14.3,0.98
2452,39,1.51,4.17,16.7,18.2,4.92
2453,20,0,5,10,5,0
2454,80,5.45,23.6,49.1,8.18,0
2455,48.8,0.69,3.75,16.1,29.6,7.5
2456,59.2,0.32,6.92,28.1,24.9,2.05
2457,72,11.1,33,35,4.29,1.12
2458,140,0,10,60,80,0
2459,51,2.99,12.8,29.6,8.92,1.38
2460,2,0,0,0,2,1
2461,67.2,3.89,26.7,35.6,5,1.11
2462,54,2.61,14.7,33.1,6.51,0.55
2463,61.3,7.5,28.8,31.3,2.5,0
2464,63.6,7.69,32.3,27.4,4.36,1.28
2465,41.9,2.49,11,23.7,8.19,1.98
2466,29.5,0.93,2.33,16.3,10.9,1.63
2467,42.6,0.7,5.8,15.8,22,3.1
2468,36.5,1.4,8.6,22.3,6.05,0.47
2469,61.6,5.6,20.4,30,11.2,0.4
2470,79.6,3.15,16.3,42.7,20.9,2.04
2471,28.4,25.7,28.3,0.06,0,0
2472,33.7,31.2,33.6,0.1,0,0
2473,55.7,0.75,4.48,29.3,23.2,2.76
2474,60,1.9,6.67,36,17.6,0.71
2475,56.2,3.08,15.2,23.8,17.4,1.2
2476,81.6,2.95,19.5,34.2,28.3,0.74
2477,50,6,26,24,0.5,0
2478,61.3,0,2.5,8.75,51.3,8.75
2479,47.8,0.21,4.32,19,25.2,6.16
2480,75,2.99,18.1,37.3,20.1,1.19
2481,37.9,0.83,3.75,16.3,17.9,3.33
2482,84,3.4,18.4,28.4,37.6,3.8
2483,50,0,0,40,10,0
2484,46,0,12,28,10,0
2485,46.8,4.55,24.1,21.8,1.36,0.91
2486,51.7,2.5,15,24.2,12.5,0
2487,70.1,8.04,35.3,32.2,3.52,0.84
2488,51.5,1.78,11.5,20.3,20.9,3.31
2489,19.6,0.89,2,9.78,7.78,2.44
2490,57.9,2.09,13,40.4,5.05,0.33
2491,46.3,41,46.3,0.33,0,0
2492,80,0,0,10,70,10
2493,49.7,4.67,23.7,25.3,1.05,0.29
2494,32.6,1.56,3.13,15.4,14.5,3.02
2495,31.2,0.38,2.31,8.46,20.4,7.31
2496,54.6,0.72,6.3,20.5,28.4,4.86
2497,98,8.94,43.9,51.1,3.65,0.69
2498,50.2,5.98,31.1,17.7,1.61,1.03
2499,37.3,0,6.36,12.7,20,3.64
2500,58.2,3.33,18.5,27.6,12.4,0.3
2501,61.6,2.56,15.8,30.2,16,0
2502,40,0,0,24,16,6
2503,42.5,2.79,10.9,16.6,15.1,2.65
2504,44.2,1.58,11.1,18.4,15.8,1.58
2505,56.8,1.69,11,38.2,8.01,0.88
2506,48.1,2.29,12.2,17.6,19.6,2.11
2507,42.2,1.72,7.19,16.4,18.6,3.13
2508,56,6,14,36,6,0
2509,55,3.8,16.7,24.1,14.9,0.58
2510,62.2,9.51,32.4,27.3,2.44,0.73
2511,48.1,6.18,26,21,1.63,0.06
2512,47.8,0.43,5.22,19.6,23.5,3.48
2513,44.1,0.74,11.1,26.3,7.41,1.11
2514,64.6,1.24,7.12,29.5,28.5,1.94
2515,89.5,11.9,41.6,43.9,4.18,2.12
2516,74.4,2.43,16.4,36,22.4,1.81
2517,64.3,7.71,30.1,32,2.29,0.9
2518,20.7,1.68,2.75,7.86,10.2,3.66
2519,38.2,2.14,7.86,15.9,15,2.14
2520,52.6,8.29,28.1,20.6,4.43,1.29
2521,65.8,2.63,15.3,25.3,25.8,2.11
2522,64,6,20,27,17,0
2523,83.8,1.49,17.2,33.2,33.6,4.04
2524,60.7,2.87,14.2,36.7,10.6,1.39
2525,47.4,0.78,6.09,25.8,16.5,2.52
2526,51.4,1.43,24.3,21.4,7.14,1.43
2527,61,8.56,37,23.2,1.08,0.65
2528,56.1,2.77,13.4,29.8,13.8,0.74
2529,75.8,4.77,26.2,39.5,10.5,0.65
2530,61.6,6,30.9,27.6,3.5,0.65
2531,67.5,0.63,10,42.5,15,2.5
2532,71.8,3.23,22.6,35.2,14.5,0.81
2533,41.5,1.13,5.09,16.6,20.2,1.7
2534,51.3,0.18,5.09,24.4,23.1,1.45
2535,52.3,9.79,32.9,17.9,1.88,1.46
2536,75.8,2.68,12.9,47.6,15.7,1.19
2537,114.1,3.26,21.7,72.8,20.7,0.87
2538,65.7,1.07,8.53,38,20.4,2.13
2539,63.9,2.24,11.5,40.2,12.7,0.85
2540,44.6,36.5,44.5,0.05,0,0
2541,46,7.5,25.5,20.5,0.5,0
2542,39.5,1.85,7.41,17.3,15.1,1.23
2543,53.9,4.59,23.4,28.9,2,1.29
2544,58.6,4.04,18.3,22.7,17.9,1.31
2545,70,0,5,30,35,10
2546,59.7,1,5.33,29.3,25.7,2.67
2547,0,0,0,0,0,0
2548,0,0,0,0,0,0
2549,43,0,8.52,21.1,13.7,0.74
2550,80,0,10,40,30,10
2551,80,0,0,40,40,15
2552,43.8,1.02,7.07,24,13.4,1.15
2553,45,0,7,17,22,1
2554,50.1,0.14,6.43,16.4,28.6,4.86
2555,24.5,0.91,0.91,6.36,17.3,6.36
2556,58.8,2.47,13.2,37.4,8.44,0.13
2557,69.1,1.82,13.6,49.1,9.09,0.91
2558,37,35,37,0,0,0
2559,20,0,10,10,0,0
2560,83.3,5,28.3,31.7,23.3,1.67
2561,103.3,3.33,23.3,53.3,30,0
2562,29.6,1.46,1.88,11,17.1,4.17
2563,39.5,0.45,2.73,7.27,30,8.18
2564,60.4,8.14,31.6,27,2.14,0.29
2565,51.7,0,0,26.7,25,3.33
2566,85,1.57,12.4,54.2,18.9,1.18
2567,61.9,5.46,28.2,31.9,2.48,1.13
2568,29.5,0.66,1.32,13.3,15.4,4.91
2569,43.1,0.44,3.8,17.7,22.4,3.95
2570,40,0,0,21.7,18.3,0
2571,71.5,9.12,38,32.9,0.73,0
2572,69.8,2,16.7,32.1,21.5,1.91
2573,40,0.63,2.19,20,18.1,6.56
2574,54.3,0.95,3.81,26.2,25.2,4.76
2575,56.3,0,13.8,28.8,13.8,1.25
2576,40,20,20,10,10,0
2577,61.2,5.79,31.2,28.9,1.16,0.91
2578,53.3,6.67,6.67,30,16.7,0
2579,63.4,3.28,18.1,37.4,8.51,0.4
2580,33.3,0,4,12.7,18,2
2581,35,0.29,4.12,20.6,10.3,2.35
2582,100.3,2.16,20,64.2,16.6,0.68
2583,55.5,2.44,14.4,23.2,18.8,1.73
2584,55.3,14.1,36.5,17.1,1.76,1.18
2585,59.4,3.97,18.7,24.3,16.8,1.91
2586,43.3,3.33,10,20,13.3,6.67
2587,39.1,31.8,38.9,0.23,0,0
2588,56.3,5.63,23.7,22.6,10.3,0.76
2589,65.3,2,11.1,34.6,19.8,0.77
2590,29.3,0.99,2.6,12.2,15,4.81
2591,57.1,0.83,9.44,25,23.1,2.92
2592,80.1,7.05,35.3,39.5,5.76,1.22
2593,29.7,2,4.67,15,10.3,3
2594,62.1,2.41,18.5,40.1,3.94,0.66
2595,50,0,0,20,40,0
2596,64.2,2.14,13.4,31.3,20.7,2.58
2597,35.3,3.33,10.7,11.3,13.3,2.67
2598,19.3,0.72,2.29,10.4,6.87,3.01
2599,29.4,0.94,1.73,9.92,18.1,5.2
2600,13,0,2,8,3,1
2601,38.7,0.27,2.23,16.2,20.6,6.07
2602,75.2,2.57,16.3,39.1,20.1,1.23
2603,80,0,0,40,40,0
2604,55.8,1.54,15.2,27.3,13.8,2.85
2605,55.6,7.13,28.5,25.8,1.78,0.87
2606,85,0,0,60,25,5
2607,32.9,1.21,2.79,10.9,19.7,5.33
2608,60.3,4.15,23,21.6,17,1.19
2609,45.9,0.22,3.68,12.6,30.3,5.16
2610,46.7,0.3,5.6,16.8,25.2,3.28
2611,48.2,1.91,7.98,21.2,19.8,3.88
2612,22,0.4,1.2,8.08,12.7,5.76
2613,52.3,1.54,8.46,19,25.1,3.33
2614,45.4,1.35,6.35,18.4,21.5,3.85
2615,37.7,1.29,2.9,21,14.2,4.52
2616,67.3,3.33,15.8,39.7,12.1,0.3
2617,49,11,31,16,2,0
2618,62.6,0.97,8.06,35.2,20.3,1.61
2619,50,10,36.4,10.9,2.73,0.91
2620,30.9,1.06,4.23,12,15.3,3.27
2621,62.9,6.19,24.5,35.1,3.6,0.86
2622,73.9,5.45,28.2,39.7,6.36,1.52
2623,59.1,3.64,10.9,20.9,28.2,4.55
2624,66,2.21,17,28.3,22.2,2.99
2625,42.2,0.78,6.25,17.3,19.1,3.28
2626,29.8,1.6,3.8,14,12,3.2
2627,24.8,0.87,2.17,16.5,6.52,2.17
2628,61.4,5.92,23.8,35.9,1.71,0.92
2629,3,0,1,2,0,0
2630,61.6,7.77,34.8,23.7,3.17,0.79
2631,62.3,1.97,12.1,40.7,10,0.98
2632,59.1,2.98,9.9,27.8,21.6,3.59
2633,66.7,12.7,39.3,25.5,2.39,0.75
2634,40.8,3.16,11.7,21.9,7.55,2
2635,52.7,0.45,6.82,21.8,24.5,2.73
2636,46.9,0,5.38,13.8,30.8,10.8
2637,58.2,2.73,9.09,40.9,8.64,0.91
2638,45,0,7.5,11.3,27.5,2.5
2639,82.4,6.09,33.7,48.7,0.65,0.43
2640,60.9,8.74,36.4,23.5,1.46,0.6
2641,66,3.64,23.3,31.7,12,0.3
2642,62.5,2.64,16.9,31.8,14,0.17
2643,42.1,0.5,5.2,18.2,19.4,4.19
2644,75.1,9.15,40.3,32.7,2.37,1.36
2645,40.6,0.54,4.32,15.9,21,4.92
2646,70,1.38,8.97,46.6,15.9,1.72
2647,50,2.19,15,25.6,10.6,0.63
2648,36.4,1.43,10,21.4,6.43,0.71
2649,42,0.56,7.78,19.3,15.9,3.15
2650,50.1,5.07,18,19.6,12.7,0.56
2651,60.9,1.11,16.9,27.1,17.6,1.11
2652,75.7,1.75,13.7,41.9,21.4,2.88
2653,55.6,5,15.6,19.4,20.6,1.88
2654,50.1,0.96,6.51,18.8,25.4,3.98
2655,34.8,0.1,3.64,15.6,16.7,4.55
2656,63.6,3.57,22.1,24.3,17.9,1.43
2657,140,0,50,60,30,10
2658,38.5,1.22,1.89,18.1,19.2,5.27
2659,67.1,2.57,17.7,24.3,26.3,4.57
2660,46.9,0.93,7.04,20.4,20.7,2.04
2661,60.2,3.64,18.9,29.3,12.4,1.09
2662,64.6,2.56,18.2,29.5,17.7,1.79
2663,53.3,0,10,25,18.3,1.67
2664,3,0,1,2,0,0
2665,51,3.04,18.5,19.1,14.1,2.22
2666,53.5,0.5,4.7,19.6,30.4,5.1
2667,34.7,26.9,33.8,0.6,0.33,0.27
2668,48.3,6.67,13.3,25,10,3.33
2669,47.1,42.9,47.1,0,0,0
2670,42.9,1.43,21.4,21.4,0,0
2671,63.2,0.16,3.65,18.6,41.6,6.51
2672,66,0.96,8.36,31.2,27.2,2.4
2673,54.4,4.44,25.3,26.9,2.67,1.11
2674,87.5,2.75,16.8,44.7,26.8,1.58
2675,39.4,0.77,2.5,17.7,19.4,4.04
2676,67.9,1.4,10.2,25.8,32.5,1.75
2677,40,34.7,39.4,0.59,0,0
2678,28.8,1.41,3.85,13.8,11.3,3.41
2679,61.2,2.8,18,20,24,2.8
2680,78,5,17,39,24,0
2681,51.8,11.5,32.7,17.9,1.27,0.99
2682,47.5,36.3,45,2.5,0,0
2683,61.7,6.14,29.1,29.7,3,0.5
2684,61.3,3.31,16.9,38.5,6.57,0.51
2685,62.5,0,2.5,20,40,7.5
2686,80,20,20,30,30,0
2687,56.8,0.86,5.61,23.7,28.2,4.06
2688,45.4,1.92,3.59,22.1,19.7,4.36
2689,42,0.68,5.65,19.6,17.4,1.43
